2017-04-21 09:35:00,CVGI,8.61,8.61,8.13,8.165,41068.0
2017-04-21 09:40:00,CVGI,8.165,8.165,8.02,8.06,17212.0
2017-04-21 09:45:00,CVGI,8.06,8.06,8.02,8.03,4854.0
2017-04-21 09:50:00,CVGI,8.03,8.03,7.93,7.93,5101.0
2017-04-21 09:55:00,CVGI,7.93,7.945,7.885,7.895,12711.0
2017-04-21 10:00:00,CVGI,7.895,7.91,7.785,7.805,16809.0
2017-04-21 10:05:00,CVGI,7.805,7.86,7.795,7.85,5669.0
2017-04-21 10:10:00,CVGI,7.85,7.86,7.805,7.805,7412.0
2017-04-21 10:20:00,CVGI,7.805,7.81,7.8,7.8,612.0
2017-04-21 10:25:00,CVGI,7.8,7.86,7.76,7.85,32096.0
2017-04-21 10:30:00,CVGI,7.85,7.855,7.785,7.785,4215.0
2017-04-21 10:35:00,CVGI,7.785,7.8,7.775,7.785,6078.0
2017-04-21 10:40:00,CVGI,7.785,7.85,7.785,7.85,7521.0
2017-04-21 10:45:00,CVGI,7.85,7.85,7.78,7.785,2612.0
2017-04-21 10:50:00,CVGI,7.785,7.86,7.785,7.86,2624.0
2017-04-21 10:55:00,CVGI,7.86,7.885,7.86,7.885,4501.0
2017-04-21 11:00:00,CVGI,7.885,7.885,7.855,7.88,8214.0
2017-04-21 11:05:00,CVGI,7.88,7.88,7.86,7.88,3013.0
2017-04-21 11:10:00,CVGI,7.88,7.965,7.88,7.93,9955.0
2017-04-21 11:15:00,CVGI,7.93,7.93,7.905,7.925,5626.0
2017-04-21 11:20:00,CVGI,7.925,7.995,7.925,7.975,3077.0
2017-04-21 11:25:00,CVGI,7.975,8.065,7.975,8.06,10740.0
2017-04-21 11:30:00,CVGI,8.06,8.11,8.045,8.11,11097.0
2017-04-21 11:35:00,CVGI,8.11,8.13,8.095,8.125,5661.0
2017-04-21 11:40:00,CVGI,8.125,8.14,8.09,8.095,19365.0
2017-04-21 11:45:00,CVGI,8.095,8.125,8.08,8.125,5076.0
2017-04-21 11:50:00,CVGI,8.125,8.175,8.125,8.175,3268.0
2017-04-21 11:55:00,CVGI,8.175,8.195,8.175,8.19,9668.0
2017-04-21 12:00:00,CVGI,8.19,8.2,8.19,8.195,2093.0
2017-04-21 12:05:00,CVGI,8.195,8.195,8.165,8.185,5007.0
2017-04-21 12:10:00,CVGI,8.185,8.19,8.175,8.175,3550.0
2017-04-21 12:15:00,CVGI,8.175,8.195,8.175,8.19,1825.0
2017-04-21 12:20:00,CVGI,8.19,8.205,8.185,8.2,2014.0
2017-04-21 12:25:00,CVGI,8.2,8.315,8.2,8.24,48311.0
2017-04-21 12:30:00,CVGI,8.24,8.27,8.22,8.25,3742.0
2017-04-21 12:35:00,CVGI,8.25,8.29,8.25,8.29,4000.0
2017-04-21 12:40:00,CVGI,8.29,8.315,8.285,8.3,2646.0
2017-04-21 12:45:00,CVGI,8.3,8.325,8.285,8.305,4050.0
2017-04-21 12:50:00,CVGI,8.305,8.34,8.295,8.335,6160.0
2017-04-21 12:55:00,CVGI,8.335,8.355,8.335,8.35,2554.0
2017-04-21 13:00:00,CVGI,8.35,8.35,8.32,8.335,1750.0
2017-04-21 13:05:00,CVGI,8.335,8.355,8.32,8.35,3009.0
2017-04-21 13:10:00,CVGI,8.35,8.385,8.34,8.355,6860.0
2017-04-21 13:15:00,CVGI,8.355,8.365,8.34,8.35,3006.0
2017-04-21 13:20:00,CVGI,8.35,8.355,8.285,8.29,8964.0
2017-04-21 13:25:00,CVGI,8.29,8.345,8.28,8.345,4169.0
2017-04-21 13:30:00,CVGI,8.345,8.35,8.275,8.3,13180.0
2017-04-21 13:35:00,CVGI,8.3,8.315,8.26,8.285,3975.0
2017-04-21 13:40:00,CVGI,8.285,8.305,8.25,8.25,5539.0
2017-04-21 13:45:00,CVGI,8.25,8.29,8.245,8.26,2099.0
2017-04-21 13:50:00,CVGI,8.26,8.26,8.215,8.23,2063.0
2017-04-21 13:55:00,CVGI,8.23,8.265,8.21,8.265,4551.0
2017-04-21 14:00:00,CVGI,8.265,8.32,8.255,8.26,3567.0
2017-04-21 14:05:00,CVGI,8.26,8.275,8.26,8.275,4739.0
2017-04-21 14:10:00,CVGI,8.275,8.275,8.265,8.27,6352.0
2017-04-21 14:15:00,CVGI,8.27,8.275,8.265,8.27,900.0
2017-04-21 14:20:00,CVGI,8.27,8.31,8.265,8.3,4025.0
2017-04-21 14:25:00,CVGI,8.3,8.305,8.255,8.265,1415.0
2017-04-21 14:30:00,CVGI,8.265,8.29,8.265,8.29,2671.0
2017-04-21 14:35:00,CVGI,8.29,8.29,8.26,8.26,622.0
2017-04-21 14:40:00,CVGI,8.26,8.315,8.26,8.29,2250.0
2017-04-21 14:45:00,CVGI,8.29,8.31,8.29,8.295,556.0
2017-04-21 14:50:00,CVGI,8.295,8.325,8.285,8.325,873.0
2017-04-21 14:55:00,CVGI,8.325,8.33,8.31,8.33,1585.0
2017-04-21 15:00:00,CVGI,8.33,8.34,8.31,8.335,4473.0
2017-04-21 15:05:00,CVGI,8.335,8.34,8.325,8.34,222.0
2017-04-21 15:10:00,CVGI,8.34,8.37,8.335,8.37,5065.0
2017-04-21 15:15:00,CVGI,8.37,8.37,8.355,8.365,6586.0
2017-04-21 15:20:00,CVGI,8.365,8.375,8.365,8.375,5802.0
2017-04-21 15:25:00,CVGI,8.375,8.375,8.375,8.375,3719.0
2017-04-21 15:30:00,CVGI,8.375,8.375,8.355,8.365,8237.0
2017-04-21 15:35:00,CVGI,8.365,8.385,8.365,8.385,2387.0
2017-04-21 15:40:00,CVGI,8.385,8.395,8.385,8.395,3547.0
2017-04-21 15:45:00,CVGI,8.395,8.475,8.395,8.44,11190.0
2017-04-21 15:50:00,CVGI,8.44,8.49,8.44,8.455,6989.0
2017-04-21 15:55:00,CVGI,8.455,8.485,8.43,8.45,26781.0
2017-04-21 16:00:00,CVGI,8.45,8.45,8.405,8.405,13177.0
2017-04-21 16:05:00,CVGI,8.405,8.44,8.13,8.13,5574.0
2017-04-21 16:10:00,CVGI,8.13,8.135,8.13,8.13,0.0
2017-04-21 16:15:00,CVGI,8.13,8.425,8.13,8.425,0.0
2017-04-21 16:20:00,CVGI,8.425,8.425,8.425,8.425,0.0
2017-04-21 16:25:00,CVGI,8.425,8.425,8.425,8.425,0.0
2017-04-21 16:30:00,CVGI,8.425,8.425,8.425,8.425,0.0
2017-04-21 16:35:00,CVGI,8.425,8.425,8.13,8.135,86.0
2017-04-21 16:40:00,CVGI,8.135,8.135,8.13,8.13,0.0
2017-04-21 16:45:00,CVGI,8.13,8.135,8.13,8.135,0.0
2017-04-21 16:50:00,CVGI,8.135,8.425,8.13,8.135,0.0
2017-04-21 16:55:00,CVGI,8.135,8.135,8.13,8.13,0.0
2017-04-21 17:00:00,CVGI,8.13,8.4,8.125,8.4,0.0
2017-04-21 17:05:00,CVGI,8.4,8.4,8.395,8.4,0.0
2017-04-21 17:10:00,CVGI,8.4,8.4,8.395,8.4,0.0
2017-04-21 17:15:00,CVGI,8.4,8.4,8.395,8.4,0.0
2017-04-21 17:20:00,CVGI,8.4,8.4,8.4,8.4,0.0
2017-04-21 17:25:00,CVGI,8.4,8.4,8.4,8.4,0.0
2017-04-21 17:30:00,CVGI,8.4,8.4,8.4,8.4,0.0
2017-04-21 17:35:00,CVGI,8.4,8.4,8.4,8.4,0.0
2017-04-21 17:40:00,CVGI,8.4,8.4,8.4,8.4,0.0
2017-04-21 17:45:00,CVGI,8.4,8.4,8.4,8.4,0.0
2017-04-21 17:50:00,CVGI,8.4,8.4,8.4,8.4,0.0
2017-04-21 17:55:00,CVGI,8.4,8.4,8.4,8.4,0.0
2017-04-21 18:00:00,CVGI,8.4,8.4,8.4,8.4,0.0
2017-04-21 18:05:00,CVGI,8.4,8.4,8.375,8.375,0.0
2017-04-21 18:10:00,CVGI,8.375,8.375,8.375,8.375,0.0
2017-04-21 18:15:00,CVGI,8.375,8.375,8.375,8.375,0.0
2017-04-21 18:20:00,CVGI,8.375,8.375,8.375,8.375,0.0
2017-04-21 18:25:00,CVGI,8.375,8.375,8.375,8.375,0.0
2017-04-21 18:30:00,CVGI,8.375,8.375,8.375,8.375,0.0
2017-04-21 18:35:00,CVGI,8.375,8.375,8.375,8.375,0.0
2017-04-21 18:40:00,CVGI,8.375,8.375,8.375,8.375,0.0
2017-04-21 18:45:00,CVGI,8.375,8.375,8.375,8.375,0.0
2017-04-21 18:50:00,CVGI,8.375,8.375,8.375,8.375,0.0
2017-04-21 18:55:00,CVGI,8.375,8.375,8.375,8.375,0.0
2017-04-21 19:00:00,CVGI,8.375,8.375,8.375,8.375,0.0
2017-04-21 19:05:00,CVGI,8.375,8.375,8.375,8.375,0.0
2017-04-21 19:10:00,CVGI,8.375,8.375,8.375,8.375,0.0
2017-04-21 19:15:00,CVGI,8.375,8.375,8.375,8.375,0.0
2017-04-21 19:20:00,CVGI,8.375,8.375,8.375,8.375,0.0
2017-04-21 19:25:00,CVGI,8.375,8.375,8.375,8.375,0.0
2017-04-21 19:30:00,CVGI,8.375,8.5,8.375,8.5,0.0
2017-04-21 19:35:00,CVGI,8.5,8.5,8.5,8.5,0.0
2017-04-21 19:40:00,CVGI,8.5,8.5,8.5,8.5,0.0
2017-04-21 19:45:00,CVGI,8.5,8.5,8.5,8.5,0.0
2017-04-21 19:50:00,CVGI,8.5,8.5,8.5,8.5,0.0
2017-04-21 19:55:00,CVGI,8.5,8.5,8.5,8.5,0.0
2017-04-21 20:00:00,CVGI,8.5,8.5,8.5,8.5,0.0
2017-04-21 20:05:00,CVGI,8.5,8.5,8.165,8.165,0.0
2017-04-21 20:10:00,CVGI,8.165,8.165,8.165,8.165,0.0
2017-04-21 20:15:00,CVGI,8.165,8.165,8.165,8.165,0.0
2017-04-21 20:20:00,CVGI,8.165,8.165,8.165,8.165,0.0
2017-04-21 20:25:00,CVGI,8.165,8.165,8.165,8.165,0.0
2017-04-21 20:30:00,CVGI,8.165,8.165,8.165,8.165,0.0
2017-04-21 20:35:00,CVGI,8.165,8.165,8.165,8.165,0.0
2017-04-21 20:40:00,CVGI,8.165,8.165,8.165,8.165,0.0
2017-04-21 20:45:00,CVGI,8.165,8.165,8.165,8.165,0.0
2017-04-21 20:50:00,CVGI,8.165,8.165,8.165,8.165,0.0
2017-04-21 20:55:00,CVGI,8.165,8.165,8.165,8.165,0.0
2017-04-22 08:00:00,CVGI,8.165,8.165,8.165,8.165,0.0
2017-04-22 08:05:00,CVGI,8.165,8.165,8.165,8.165,0.0
2017-04-22 08:10:00,CVGI,8.165,8.165,8.165,8.165,0.0
2017-04-22 08:15:00,CVGI,8.165,8.165,8.165,8.165,0.0
2017-04-22 08:20:00,CVGI,8.165,8.165,8.165,8.165,0.0
2017-04-22 08:25:00,CVGI,8.165,8.165,8.165,8.165,0.0
2017-04-22 08:30:00,CVGI,8.165,8.165,8.165,8.165,0.0
2017-04-22 08:35:00,CVGI,8.165,8.165,8.165,8.165,0.0
2017-04-22 08:40:00,CVGI,8.165,8.165,8.165,8.165,0.0
2017-04-22 08:45:00,CVGI,8.165,8.165,8.165,8.165,0.0
2017-04-22 08:50:00,CVGI,8.165,8.165,8.165,8.165,0.0
2017-04-22 08:55:00,CVGI,8.165,8.165,8.165,8.165,0.0
2017-04-22 09:00:00,CVGI,8.165,8.165,8.165,8.165,0.0
2017-04-22 09:05:00,CVGI,8.165,8.165,8.165,8.165,0.0
2017-04-22 09:10:00,CVGI,8.165,8.165,8.165,8.165,0.0
2017-04-22 09:15:00,CVGI,8.165,8.165,8.165,8.165,0.0
2017-04-22 09:20:00,CVGI,8.165,8.165,8.165,8.165,0.0
2017-04-22 09:25:00,CVGI,8.165,8.165,8.165,8.165,0.0
2017-04-22 09:30:00,CVGI,8.165,8.165,8.165,8.165,0.0
2017-04-22 09:35:00,CVGI,8.165,8.165,8.165,8.165,0.0
2017-04-22 09:40:00,CVGI,8.165,8.165,8.165,8.165,0.0
2017-04-22 09:45:00,CVGI,8.165,8.165,8.165,8.165,0.0
2017-04-22 09:50:00,CVGI,8.165,8.165,8.165,8.165,0.0
2017-04-22 09:55:00,CVGI,8.165,8.165,8.165,8.165,0.0
2017-04-22 10:00:00,CVGI,8.165,8.165,8.165,8.165,0.0
2017-04-22 10:05:00,CVGI,8.165,8.165,8.165,8.165,0.0
2017-04-22 10:10:00,CVGI,8.165,8.165,8.165,8.165,0.0
2017-04-22 10:15:00,CVGI,8.165,8.165,8.165,8.165,0.0
2017-04-22 10:20:00,CVGI,8.165,8.165,8.165,8.165,0.0
2017-04-22 10:25:00,CVGI,8.165,8.165,8.165,8.165,0.0
2017-04-22 10:30:00,CVGI,8.165,8.165,8.165,8.165,0.0
2017-04-22 10:35:00,CVGI,8.165,8.165,8.165,8.165,0.0
2017-04-22 10:40:00,CVGI,8.165,8.165,8.165,8.165,0.0
2017-04-22 10:45:00,CVGI,8.165,8.165,8.165,8.165,0.0
2017-04-22 10:50:00,CVGI,8.165,8.165,8.165,8.165,0.0
2017-04-22 10:55:00,CVGI,8.165,8.165,8.165,8.165,0.0
2017-04-22 11:00:00,CVGI,8.165,8.165,8.165,8.165,0.0
2017-04-22 11:05:00,CVGI,8.165,8.165,8.165,8.165,0.0
2017-04-22 11:10:00,CVGI,8.165,8.165,8.165,8.165,0.0
2017-04-22 11:15:00,CVGI,8.165,8.165,8.165,8.165,0.0
2017-04-22 11:20:00,CVGI,8.165,8.165,8.165,8.165,0.0
2017-04-22 11:25:00,CVGI,8.165,8.165,8.165,8.165,0.0
2017-04-22 11:30:00,CVGI,8.165,8.165,8.165,8.165,0.0
2017-04-22 11:35:00,CVGI,8.165,8.165,8.165,8.165,0.0
2017-04-22 11:40:00,CVGI,8.165,8.165,8.165,8.165,0.0
2017-04-22 11:45:00,CVGI,8.165,8.165,8.165,8.165,0.0
2017-04-22 11:50:00,CVGI,8.165,8.165,8.165,8.165,0.0
2017-04-22 11:55:00,CVGI,8.165,8.165,8.165,8.165,0.0
2017-04-22 12:00:00,CVGI,8.165,8.165,8.165,8.165,0.0
2017-04-22 12:05:00,CVGI,8.165,8.165,8.165,8.165,0.0
2017-04-22 12:10:00,CVGI,8.165,8.165,8.165,8.165,0.0
2017-04-22 12:15:00,CVGI,8.165,8.165,8.165,8.165,0.0
2017-04-22 12:20:00,CVGI,8.165,8.165,8.165,8.165,0.0
2017-04-22 12:25:00,CVGI,8.165,8.165,8.165,8.165,0.0
2017-04-22 12:30:00,CVGI,8.165,8.165,8.165,8.165,0.0
2017-04-22 12:35:00,CVGI,8.165,8.165,8.165,8.165,0.0
2017-04-22 12:40:00,CVGI,8.165,8.165,8.165,8.165,0.0
2017-04-22 12:45:00,CVGI,8.165,8.165,8.165,8.165,0.0
2017-04-22 12:50:00,CVGI,8.165,8.165,8.165,8.165,0.0
2017-04-22 12:55:00,CVGI,8.165,8.165,8.165,8.165,0.0
2017-04-22 13:00:00,CVGI,8.165,8.165,8.165,8.165,0.0
2017-04-22 13:05:00,CVGI,8.165,8.165,8.165,8.165,0.0
2017-04-22 13:10:00,CVGI,8.165,8.165,8.165,8.165,0.0
2017-04-22 13:15:00,CVGI,8.165,8.165,8.165,8.165,0.0
2017-04-22 13:20:00,CVGI,8.165,8.165,8.165,8.165,0.0
2017-04-22 13:25:00,CVGI,8.165,8.165,8.165,8.165,0.0
2017-04-22 13:30:00,CVGI,8.165,8.165,8.165,8.165,0.0
2017-04-22 13:35:00,CVGI,8.165,8.165,8.165,8.165,0.0
2017-04-22 13:40:00,CVGI,8.165,8.165,8.165,8.165,0.0
2017-04-22 13:45:00,CVGI,8.165,8.165,8.165,8.165,0.0
2017-04-22 13:50:00,CVGI,8.165,8.165,8.165,8.165,0.0
2017-04-22 13:55:00,CVGI,8.165,8.165,8.165,8.165,0.0
2017-04-22 14:00:00,CVGI,8.165,8.165,8.165,8.165,0.0
2017-04-22 14:05:00,CVGI,8.165,8.165,8.165,8.165,0.0
2017-04-22 14:10:00,CVGI,8.165,8.165,8.165,8.165,0.0
2017-04-22 14:15:00,CVGI,8.165,8.165,8.165,8.165,0.0
2017-04-22 14:20:00,CVGI,8.165,8.165,8.165,8.165,0.0
2017-04-22 14:25:00,CVGI,8.165,8.165,8.165,8.165,0.0
2017-04-22 14:30:00,CVGI,8.165,8.165,8.165,8.165,0.0
2017-04-22 14:35:00,CVGI,8.165,8.165,8.165,8.165,0.0
2017-04-22 14:40:00,CVGI,8.165,8.165,8.165,8.165,0.0
2017-04-22 14:45:00,CVGI,8.165,8.165,8.165,8.165,0.0
2017-04-22 14:50:00,CVGI,8.165,8.165,8.165,8.165,0.0
2017-04-22 14:55:00,CVGI,8.165,8.165,8.165,8.165,0.0
2017-04-22 15:00:00,CVGI,8.165,8.165,8.165,8.165,0.0
2017-04-22 15:05:00,CVGI,8.165,8.165,8.165,8.165,0.0
2017-04-22 15:10:00,CVGI,8.165,8.165,8.165,8.165,0.0
2017-04-22 15:15:00,CVGI,8.165,8.165,8.165,8.165,0.0
2017-04-22 15:20:00,CVGI,8.165,8.165,8.165,8.165,0.0
2017-04-22 15:25:00,CVGI,8.165,8.165,8.165,8.165,0.0
2017-04-22 15:30:00,CVGI,8.165,8.165,8.165,8.165,0.0
2017-04-22 15:35:00,CVGI,8.165,8.165,8.165,8.165,0.0
2017-04-22 15:40:00,CVGI,8.165,8.165,8.165,8.165,0.0
2017-04-22 15:45:00,CVGI,8.165,8.165,8.165,8.165,0.0
2017-04-22 15:50:00,CVGI,8.165,8.165,8.165,8.165,0.0
2017-04-22 15:55:00,CVGI,8.165,8.165,8.165,8.165,0.0
2017-04-22 16:00:00,CVGI,8.165,8.165,8.165,8.165,0.0
2017-04-22 16:05:00,CVGI,8.165,8.165,8.165,8.165,0.0
2017-04-22 16:10:00,CVGI,8.165,8.165,8.165,8.165,0.0
2017-04-22 16:15:00,CVGI,8.165,8.165,8.165,8.165,0.0
2017-04-22 16:20:00,CVGI,8.165,8.165,8.165,8.165,0.0
2017-04-22 16:25:00,CVGI,8.165,8.165,8.165,8.165,0.0
2017-04-22 16:30:00,CVGI,8.165,8.165,8.165,8.165,0.0
2017-04-22 16:35:00,CVGI,8.165,8.165,8.165,8.165,0.0
2017-04-22 16:40:00,CVGI,8.165,8.165,8.165,8.165,0.0
2017-04-22 16:45:00,CVGI,8.165,8.165,8.165,8.165,0.0
2017-04-22 16:50:00,CVGI,8.165,8.165,8.165,8.165,0.0
2017-04-22 16:55:00,CVGI,8.165,8.165,8.165,8.165,0.0
2017-04-22 17:00:00,CVGI,8.165,8.165,8.165,8.165,0.0
2017-04-22 17:05:00,CVGI,8.165,8.165,8.165,8.165,0.0
2017-04-22 17:10:00,CVGI,8.165,8.165,8.165,8.165,0.0
2017-04-22 17:15:00,CVGI,8.165,8.165,8.165,8.165,0.0
2017-04-22 17:20:00,CVGI,8.165,8.165,8.165,8.165,0.0
2017-04-22 17:25:00,CVGI,8.165,8.165,8.165,8.165,0.0
2017-04-22 17:30:00,CVGI,8.165,8.165,8.165,8.165,0.0
2017-04-22 17:35:00,CVGI,8.165,8.165,8.165,8.165,0.0
2017-04-22 17:40:00,CVGI,8.165,8.165,8.165,8.165,0.0
2017-04-22 17:45:00,CVGI,8.165,8.165,8.165,8.165,0.0
2017-04-22 17:50:00,CVGI,8.165,8.165,8.165,8.165,0.0
2017-04-22 17:55:00,CVGI,8.165,8.165,8.165,8.165,0.0
2017-04-22 18:00:00,CVGI,8.165,8.165,8.165,8.165,0.0
2017-04-22 18:05:00,CVGI,8.165,8.165,8.165,8.165,0.0
2017-04-22 18:10:00,CVGI,8.165,8.165,8.165,8.165,0.0
2017-04-22 18:15:00,CVGI,8.165,8.165,8.165,8.165,0.0
2017-04-22 18:20:00,CVGI,8.165,8.165,8.165,8.165,0.0
2017-04-22 18:25:00,CVGI,8.165,8.165,8.165,8.165,0.0
2017-04-22 18:30:00,CVGI,8.165,8.165,8.165,8.165,0.0
2017-04-22 18:35:00,CVGI,8.165,8.165,8.165,8.165,0.0
2017-04-22 18:40:00,CVGI,8.165,8.165,8.165,8.165,0.0
2017-04-22 18:45:00,CVGI,8.165,8.165,8.165,8.165,0.0
2017-04-22 18:50:00,CVGI,8.165,8.165,8.165,8.165,0.0
2017-04-22 18:55:00,CVGI,8.165,8.165,8.165,8.165,0.0
2017-04-22 19:00:00,CVGI,8.165,8.165,8.165,8.165,0.0
2017-04-22 19:05:00,CVGI,8.165,8.165,8.165,8.165,0.0
2017-04-22 19:10:00,CVGI,8.165,8.165,8.165,8.165,0.0
2017-04-22 19:15:00,CVGI,8.165,8.165,8.165,8.165,0.0
2017-04-22 19:20:00,CVGI,8.165,8.165,8.165,8.165,0.0
2017-04-22 19:25:00,CVGI,8.165,8.165,8.165,8.165,0.0
2017-04-22 19:30:00,CVGI,8.165,8.165,8.165,8.165,0.0
2017-04-22 19:35:00,CVGI,8.165,8.165,8.165,8.165,0.0
2017-04-22 19:40:00,CVGI,8.165,8.165,8.165,8.165,0.0
2017-04-22 19:45:00,CVGI,8.165,8.165,8.165,8.165,0.0
2017-04-22 19:50:00,CVGI,8.165,8.165,8.165,8.165,0.0
2017-04-22 19:55:00,CVGI,8.165,8.165,8.165,8.165,0.0
2017-04-22 20:00:00,CVGI,8.165,8.165,8.165,8.165,0.0
2017-04-22 20:05:00,CVGI,8.165,8.165,8.165,8.165,0.0
2017-04-22 20:10:00,CVGI,8.165,8.165,8.165,8.165,0.0
2017-04-22 20:15:00,CVGI,8.165,8.165,8.165,8.165,0.0
2017-04-22 20:20:00,CVGI,8.165,8.165,8.165,8.165,0.0
2017-04-22 20:25:00,CVGI,8.165,8.165,8.165,8.165,0.0
2017-04-22 20:30:00,CVGI,8.165,8.165,8.165,8.165,0.0
2017-04-22 20:35:00,CVGI,8.165,8.165,8.165,8.165,0.0
2017-04-22 20:40:00,CVGI,8.165,8.165,8.165,8.165,0.0
2017-04-22 20:45:00,CVGI,8.165,8.165,8.165,8.165,0.0
2017-04-22 20:50:00,CVGI,8.165,8.165,8.165,8.165,0.0
2017-04-22 20:55:00,CVGI,8.165,8.165,8.165,8.165,0.0
2017-04-23 08:00:00,CVGI,8.165,8.165,8.165,8.165,0.0
2017-04-23 08:05:00,CVGI,8.165,8.165,8.165,8.165,0.0
2017-04-23 08:10:00,CVGI,8.165,8.165,8.165,8.165,0.0
2017-04-23 08:15:00,CVGI,8.165,8.165,8.165,8.165,0.0
2017-04-23 08:20:00,CVGI,8.165,8.165,8.165,8.165,0.0
2017-04-23 08:25:00,CVGI,8.165,8.165,8.165,8.165,0.0
2017-04-23 08:30:00,CVGI,8.165,8.165,8.165,8.165,0.0
2017-04-23 08:35:00,CVGI,8.165,8.165,8.165,8.165,0.0
2017-04-23 08:40:00,CVGI,8.165,8.165,8.165,8.165,0.0
2017-04-23 08:45:00,CVGI,8.165,8.165,8.165,8.165,0.0
2017-04-23 08:50:00,CVGI,8.165,8.165,8.165,8.165,0.0
2017-04-23 08:55:00,CVGI,8.165,8.165,8.165,8.165,0.0
2017-04-23 09:00:00,CVGI,8.165,8.165,8.165,8.165,0.0
2017-04-23 09:05:00,CVGI,8.165,8.165,8.165,8.165,0.0
2017-04-23 09:10:00,CVGI,8.165,8.165,8.165,8.165,0.0
2017-04-23 09:15:00,CVGI,8.165,8.165,8.165,8.165,0.0
2017-04-23 09:20:00,CVGI,8.165,8.165,8.165,8.165,0.0
2017-04-23 09:25:00,CVGI,8.165,8.165,8.165,8.165,0.0
2017-04-23 09:30:00,CVGI,8.165,8.165,8.165,8.165,0.0
2017-04-23 09:35:00,CVGI,8.165,8.165,8.165,8.165,0.0
2017-04-23 09:40:00,CVGI,8.165,8.165,8.165,8.165,0.0
2017-04-23 09:45:00,CVGI,8.165,8.165,8.165,8.165,0.0
2017-04-23 09:50:00,CVGI,8.165,8.165,8.165,8.165,0.0
2017-04-23 09:55:00,CVGI,8.165,8.165,8.165,8.165,0.0
2017-04-23 10:00:00,CVGI,8.165,8.165,8.165,8.165,0.0
2017-04-23 10:05:00,CVGI,8.165,8.165,8.165,8.165,0.0
2017-04-23 10:10:00,CVGI,8.165,8.165,8.165,8.165,0.0
2017-04-23 10:15:00,CVGI,8.165,8.165,8.165,8.165,0.0
2017-04-23 10:20:00,CVGI,8.165,8.165,8.165,8.165,0.0
2017-04-23 10:25:00,CVGI,8.165,8.165,8.165,8.165,0.0
2017-04-23 10:30:00,CVGI,8.165,8.165,8.165,8.165,0.0
2017-04-23 10:35:00,CVGI,8.165,8.165,8.165,8.165,0.0
2017-04-23 10:40:00,CVGI,8.165,8.165,8.165,8.165,0.0
2017-04-23 10:45:00,CVGI,8.165,8.165,8.165,8.165,0.0
2017-04-23 10:50:00,CVGI,8.165,8.165,8.165,8.165,0.0
2017-04-23 10:55:00,CVGI,8.165,8.165,8.165,8.165,0.0
2017-04-23 11:00:00,CVGI,8.165,8.165,8.165,8.165,0.0
2017-04-23 11:05:00,CVGI,8.165,8.165,8.165,8.165,0.0
2017-04-23 11:10:00,CVGI,8.165,8.165,8.165,8.165,0.0
2017-04-23 11:15:00,CVGI,8.165,8.165,8.165,8.165,0.0
2017-04-23 11:20:00,CVGI,8.165,8.165,8.165,8.165,0.0
2017-04-23 11:25:00,CVGI,8.165,8.165,8.165,8.165,0.0
2017-04-23 11:30:00,CVGI,8.165,8.165,8.165,8.165,0.0
2017-04-23 11:35:00,CVGI,8.165,8.165,8.165,8.165,0.0
2017-04-23 11:40:00,CVGI,8.165,8.165,8.165,8.165,0.0
2017-04-23 11:45:00,CVGI,8.165,8.165,8.165,8.165,0.0
2017-04-23 11:50:00,CVGI,8.165,8.165,8.165,8.165,0.0
2017-04-23 11:55:00,CVGI,8.165,8.165,8.165,8.165,0.0
2017-04-23 12:00:00,CVGI,8.165,8.165,8.165,8.165,0.0
2017-04-23 12:05:00,CVGI,8.165,8.165,8.165,8.165,0.0
2017-04-23 12:10:00,CVGI,8.165,8.165,8.165,8.165,0.0
2017-04-23 12:15:00,CVGI,8.165,8.165,8.165,8.165,0.0
2017-04-23 12:20:00,CVGI,8.165,8.165,8.165,8.165,0.0
2017-04-23 12:25:00,CVGI,8.165,8.165,8.165,8.165,0.0
2017-04-23 12:30:00,CVGI,8.165,8.165,8.165,8.165,0.0
2017-04-23 12:35:00,CVGI,8.165,8.165,8.165,8.165,0.0
2017-04-23 12:40:00,CVGI,8.165,8.165,8.165,8.165,0.0
2017-04-23 12:45:00,CVGI,8.165,8.165,8.165,8.165,0.0
2017-04-23 12:50:00,CVGI,8.165,8.165,8.165,8.165,0.0
2017-04-23 12:55:00,CVGI,8.165,8.165,8.165,8.165,0.0
2017-04-23 13:00:00,CVGI,8.165,8.165,8.165,8.165,0.0
2017-04-23 13:05:00,CVGI,8.165,8.165,8.165,8.165,0.0
2017-04-23 13:10:00,CVGI,8.165,8.165,8.165,8.165,0.0
2017-04-23 13:15:00,CVGI,8.165,8.165,8.165,8.165,0.0
2017-04-23 13:20:00,CVGI,8.165,8.165,8.165,8.165,0.0
2017-04-23 13:25:00,CVGI,8.165,8.165,8.165,8.165,0.0
2017-04-23 13:30:00,CVGI,8.165,8.165,8.165,8.165,0.0
2017-04-23 13:35:00,CVGI,8.165,8.165,8.165,8.165,0.0
2017-04-23 13:40:00,CVGI,8.165,8.165,8.165,8.165,0.0
2017-04-23 13:45:00,CVGI,8.165,8.165,8.165,8.165,0.0
2017-04-23 13:50:00,CVGI,8.165,8.165,8.165,8.165,0.0
2017-04-23 13:55:00,CVGI,8.165,8.165,8.165,8.165,0.0
2017-04-23 14:00:00,CVGI,8.165,8.165,8.165,8.165,0.0
2017-04-23 14:05:00,CVGI,8.165,8.165,8.165,8.165,0.0
2017-04-23 14:10:00,CVGI,8.165,8.165,8.165,8.165,0.0
2017-04-23 14:15:00,CVGI,8.165,8.165,8.165,8.165,0.0
2017-04-23 14:20:00,CVGI,8.165,8.165,8.165,8.165,0.0
2017-04-23 14:25:00,CVGI,8.165,8.165,8.165,8.165,0.0
2017-04-23 14:30:00,CVGI,8.165,8.165,8.165,8.165,0.0
2017-04-23 14:35:00,CVGI,8.165,8.165,8.165,8.165,0.0
2017-04-23 14:40:00,CVGI,8.165,8.165,8.165,8.165,0.0
2017-04-23 14:45:00,CVGI,8.165,8.165,8.165,8.165,0.0
2017-04-23 14:50:00,CVGI,8.165,8.165,8.165,8.165,0.0
2017-04-23 14:55:00,CVGI,8.165,8.165,8.165,8.165,0.0
2017-04-23 15:00:00,CVGI,8.165,8.165,8.165,8.165,0.0
2017-04-23 15:05:00,CVGI,8.165,8.165,8.165,8.165,0.0
2017-04-23 15:10:00,CVGI,8.165,8.165,8.165,8.165,0.0
2017-04-23 15:15:00,CVGI,8.165,8.165,8.165,8.165,0.0
2017-04-23 15:20:00,CVGI,8.165,8.165,8.165,8.165,0.0
2017-04-23 15:25:00,CVGI,8.165,8.165,8.165,8.165,0.0
2017-04-23 15:30:00,CVGI,8.165,8.165,8.165,8.165,0.0
2017-04-23 15:35:00,CVGI,8.165,8.165,8.165,8.165,0.0
2017-04-23 15:40:00,CVGI,8.165,8.165,8.165,8.165,0.0
2017-04-23 15:45:00,CVGI,8.165,8.165,8.165,8.165,0.0
2017-04-23 15:50:00,CVGI,8.165,8.165,8.165,8.165,0.0
2017-04-23 15:55:00,CVGI,8.165,8.165,8.165,8.165,0.0
2017-04-23 16:00:00,CVGI,8.165,8.165,8.165,8.165,0.0
2017-04-23 16:05:00,CVGI,8.165,8.165,8.165,8.165,0.0
2017-04-23 16:10:00,CVGI,8.165,8.165,8.165,8.165,0.0
2017-04-23 16:15:00,CVGI,8.165,8.165,8.165,8.165,0.0
2017-04-23 16:20:00,CVGI,8.165,8.165,8.165,8.165,0.0
2017-04-23 16:25:00,CVGI,8.165,8.165,8.165,8.165,0.0
2017-04-23 16:30:00,CVGI,8.165,8.165,8.165,8.165,0.0
2017-04-23 16:35:00,CVGI,8.165,8.165,8.165,8.165,0.0
2017-04-23 16:40:00,CVGI,8.165,8.165,8.165,8.165,0.0
2017-04-23 16:45:00,CVGI,8.165,8.165,8.165,8.165,0.0
2017-04-23 16:50:00,CVGI,8.165,8.165,8.165,8.165,0.0
2017-04-23 16:55:00,CVGI,8.165,8.165,8.165,8.165,0.0
2017-04-23 17:00:00,CVGI,8.165,8.165,8.165,8.165,0.0
2017-04-23 17:05:00,CVGI,8.165,8.165,8.165,8.165,0.0
2017-04-23 17:10:00,CVGI,8.165,8.165,8.165,8.165,0.0
2017-04-23 17:15:00,CVGI,8.165,8.165,8.165,8.165,0.0
2017-04-23 17:20:00,CVGI,8.165,8.165,8.165,8.165,0.0
2017-04-23 17:25:00,CVGI,8.165,8.165,8.165,8.165,0.0
2017-04-23 17:30:00,CVGI,8.165,8.165,8.165,8.165,0.0
2017-04-23 17:35:00,CVGI,8.165,8.165,8.165,8.165,0.0
2017-04-23 17:40:00,CVGI,8.165,8.165,8.165,8.165,0.0
2017-04-23 17:45:00,CVGI,8.165,8.165,8.165,8.165,0.0
2017-04-23 17:50:00,CVGI,8.165,8.165,8.165,8.165,0.0
2017-04-23 17:55:00,CVGI,8.165,8.165,8.165,8.165,0.0
2017-04-23 18:00:00,CVGI,8.165,8.165,8.165,8.165,0.0
2017-04-23 18:05:00,CVGI,8.165,8.165,8.165,8.165,0.0
2017-04-23 18:10:00,CVGI,8.165,8.165,8.165,8.165,0.0
2017-04-23 18:15:00,CVGI,8.165,8.165,8.165,8.165,0.0
2017-04-23 18:20:00,CVGI,8.165,8.165,8.165,8.165,0.0
2017-04-23 18:25:00,CVGI,8.165,8.165,8.165,8.165,0.0
2017-04-23 18:30:00,CVGI,8.165,8.165,8.165,8.165,0.0
2017-04-23 18:35:00,CVGI,8.165,8.165,8.165,8.165,0.0
2017-04-23 18:40:00,CVGI,8.165,8.165,8.165,8.165,0.0
2017-04-23 18:45:00,CVGI,8.165,8.165,8.165,8.165,0.0
2017-04-23 18:50:00,CVGI,8.165,8.165,8.165,8.165,0.0
2017-04-23 18:55:00,CVGI,8.165,8.165,8.165,8.165,0.0
2017-04-23 19:00:00,CVGI,8.165,8.165,8.165,8.165,0.0
2017-04-23 19:05:00,CVGI,8.165,8.165,8.165,8.165,0.0
2017-04-23 19:10:00,CVGI,8.165,8.165,8.165,8.165,0.0
2017-04-23 19:15:00,CVGI,8.165,8.165,8.165,8.165,0.0
2017-04-23 19:20:00,CVGI,8.165,8.165,8.165,8.165,0.0
2017-04-23 19:25:00,CVGI,8.165,8.165,8.165,8.165,0.0
2017-04-23 19:30:00,CVGI,8.165,8.165,8.165,8.165,0.0
2017-04-23 19:35:00,CVGI,8.165,8.165,8.165,8.165,0.0
2017-04-23 19:40:00,CVGI,8.165,8.165,8.165,8.165,0.0
2017-04-23 19:45:00,CVGI,8.165,8.165,8.165,8.165,0.0
2017-04-23 19:50:00,CVGI,8.165,8.165,8.165,8.165,0.0
2017-04-23 19:55:00,CVGI,8.165,8.165,8.165,8.165,0.0
2017-04-23 20:00:00,CVGI,8.165,8.165,8.165,8.165,0.0
2017-04-23 20:05:00,CVGI,8.165,8.165,8.165,8.165,0.0
2017-04-23 20:10:00,CVGI,8.165,8.165,8.165,8.165,0.0
2017-04-23 20:15:00,CVGI,8.165,8.165,8.165,8.165,0.0
2017-04-23 20:20:00,CVGI,8.165,8.165,8.165,8.165,0.0
2017-04-23 20:25:00,CVGI,8.165,8.165,8.165,8.165,0.0
2017-04-23 20:30:00,CVGI,8.165,8.165,8.165,8.165,0.0
2017-04-23 20:35:00,CVGI,8.165,8.165,8.165,8.165,0.0
2017-04-23 20:40:00,CVGI,8.165,8.165,8.165,8.165,0.0
2017-04-23 20:45:00,CVGI,8.165,8.165,8.165,8.165,0.0
2017-04-23 20:50:00,CVGI,8.165,8.165,8.165,8.165,0.0
2017-04-23 20:55:00,CVGI,8.165,8.165,8.165,8.165,0.0
2017-04-24 08:00:00,CVGI,8.5,8.5,8.5,8.5,0
2017-04-24 08:05:00,CVGI,8.5,8.5,8.5,8.5,0
2017-04-24 08:10:00,CVGI,8.5,8.5,8.5,8.5,0
2017-04-24 08:15:00,CVGI,8.5,8.7,8.5,8.7,0
2017-04-24 08:20:00,CVGI,8.7,8.7,8.7,8.7,0
2017-04-24 08:25:00,CVGI,8.7,8.7,8.7,8.7,0
2017-04-24 08:30:00,CVGI,8.7,8.7,8.7,8.7,0
2017-04-24 08:35:00,CVGI,8.7,8.7,8.7,8.7,0
2017-04-24 08:40:00,CVGI,8.7,8.7,8.7,8.7,0
2017-04-24 08:45:00,CVGI,8.7,8.7,8.7,8.7,0
2017-04-24 08:50:00,CVGI,8.7,8.7,8.7,8.7,0
2017-04-24 08:55:00,CVGI,8.7,8.7,8.7,8.7,0
2017-04-24 09:00:00,CVGI,8.7,8.7,8.7,8.7,0
2017-04-24 09:05:00,CVGI,8.7,8.7,8.7,8.7,0
2017-04-24 09:10:00,CVGI,8.7,8.7,8.7,8.7,0
2017-04-24 09:15:00,CVGI,8.7,8.7,8.7,8.7,506.0
2017-04-24 09:20:00,CVGI,8.7,8.7,8.7,8.7,0.0
2017-04-24 09:25:00,CVGI,8.7,8.7,8.7,8.7,0.0
2017-04-24 09:30:00,CVGI,8.7,8.7,8.5,8.6,25.0
2017-04-24 09:35:00,CVGI,8.6,8.63,8.47,8.61,37430.0
2017-04-24 09:40:00,CVGI,8.61,8.625,8.555,8.59,11105.0
2017-04-24 09:45:00,CVGI,8.59,8.59,8.5,8.515,12939.0
2017-04-24 09:50:00,CVGI,8.515,8.575,8.51,8.57,2177.0
2017-04-24 09:55:00,CVGI,8.57,8.595,8.57,8.59,4418.0
2017-04-24 10:00:00,CVGI,8.59,8.66,8.565,8.565,10908.0
2017-04-24 10:05:00,CVGI,8.565,8.595,8.515,8.53,9274.0
2017-04-24 10:10:00,CVGI,8.53,8.535,8.465,8.485,16406.0
2017-04-24 10:15:00,CVGI,8.485,8.485,8.42,8.42,12984.0
2017-04-24 10:20:00,CVGI,8.42,8.43,8.33,8.36,12750.0
2017-04-24 10:25:00,CVGI,8.36,8.395,8.34,8.345,2152.0
2017-04-24 10:30:00,CVGI,8.345,8.375,8.315,8.335,3145.0
2017-04-24 10:35:00,CVGI,8.335,8.365,8.32,8.345,9856.0
2017-04-24 10:40:00,CVGI,8.345,8.38,8.325,8.38,1100.0
2017-04-24 10:45:00,CVGI,8.38,8.41,8.375,8.39,2869.0
2017-04-24 10:50:00,CVGI,8.39,8.39,8.365,8.38,2598.0
2017-04-24 10:55:00,CVGI,8.38,8.38,8.36,8.37,925.0
2017-04-24 11:00:00,CVGI,8.37,8.41,8.37,8.41,1857.0
2017-04-24 11:05:00,CVGI,8.41,8.455,8.41,8.42,4553.0
2017-04-24 11:10:00,CVGI,8.42,8.42,8.37,8.37,1999.0
2017-04-24 11:15:00,CVGI,8.37,8.45,8.365,8.375,26595.0
2017-04-24 11:20:00,CVGI,8.375,8.375,8.35,8.37,4380.0
2017-04-24 11:25:00,CVGI,8.37,8.435,8.365,8.43,2536.0
2017-04-24 11:30:00,CVGI,8.43,8.435,8.39,8.435,1179.0
2017-04-24 11:35:00,CVGI,8.435,8.435,8.38,8.395,1240.0
2017-04-24 11:40:00,CVGI,8.395,8.44,8.395,8.425,1405.0
2017-04-24 11:45:00,CVGI,8.425,8.425,8.39,8.395,3560.0
2017-04-24 11:50:00,CVGI,8.395,8.395,8.37,8.375,3152.0
2017-04-24 11:55:00,CVGI,8.375,8.435,8.375,8.43,1864.0
2017-04-24 12:00:00,CVGI,8.43,8.43,8.385,8.43,1843.0
2017-04-24 12:05:00,CVGI,8.43,8.43,8.405,8.41,1300.0
2017-04-24 12:10:00,CVGI,8.41,8.41,8.385,8.39,1288.0
2017-04-24 12:15:00,CVGI,8.39,8.41,8.385,8.4,2494.0
2017-04-24 12:20:00,CVGI,8.4,8.4,8.385,8.385,708.0
2017-04-24 12:25:00,CVGI,8.385,8.385,8.355,8.38,7889.0
2017-04-24 12:30:00,CVGI,8.38,8.395,8.375,8.38,1662.0
2017-04-24 12:35:00,CVGI,8.38,8.385,8.375,8.38,947.0
2017-04-24 12:40:00,CVGI,8.38,8.43,8.38,8.425,2806.0
2017-04-24 12:45:00,CVGI,8.425,8.445,8.415,8.44,2902.0
2017-04-24 12:50:00,CVGI,8.44,8.46,8.435,8.46,1000.0
2017-04-24 12:55:00,CVGI,8.46,8.475,8.435,8.445,8897.0
2017-04-24 13:00:00,CVGI,8.445,8.445,8.41,8.41,3133.0
2017-04-24 13:05:00,CVGI,8.41,8.455,8.405,8.45,1794.0
2017-04-24 13:10:00,CVGI,8.45,8.455,8.42,8.425,1585.0
2017-04-24 13:15:00,CVGI,8.425,8.445,8.405,8.42,950.0
2017-04-24 13:20:00,CVGI,8.42,8.445,8.415,8.44,2425.0
2017-04-24 13:25:00,CVGI,8.44,8.44,8.42,8.42,598.0
2017-04-24 13:30:00,CVGI,8.42,8.445,8.39,8.435,3870.0
2017-04-24 13:35:00,CVGI,8.435,8.445,8.41,8.44,1270.0
2017-04-24 13:40:00,CVGI,8.44,8.445,8.38,8.405,2034.0
2017-04-24 13:45:00,CVGI,8.405,8.435,8.405,8.405,1000.0
2017-04-24 13:50:00,CVGI,8.405,8.46,8.395,8.46,7448.0
2017-04-24 13:55:00,CVGI,8.46,8.49,8.46,8.485,1880.0
2017-04-24 14:00:00,CVGI,8.485,8.5,8.475,8.48,3825.0
2017-04-24 14:05:00,CVGI,8.48,8.54,8.48,8.52,7861.0
2017-04-24 14:10:00,CVGI,8.52,8.57,8.49,8.57,4994.0
2017-04-24 14:15:00,CVGI,8.57,8.7,8.57,8.7,26529.0
2017-04-24 14:20:00,CVGI,8.7,8.715,8.625,8.665,39625.0
2017-04-24 14:25:00,CVGI,8.665,8.695,8.66,8.665,3420.0
2017-04-24 14:30:00,CVGI,8.665,8.67,8.635,8.65,1857.0
2017-04-24 14:35:00,CVGI,8.65,8.685,8.635,8.65,4908.0
2017-04-24 14:40:00,CVGI,8.65,8.675,8.64,8.645,1792.0
2017-04-24 14:45:00,CVGI,8.645,8.65,8.625,8.625,1450.0
2017-04-24 14:50:00,CVGI,8.625,8.655,8.575,8.575,8460.0
2017-04-24 14:55:00,CVGI,8.575,8.575,8.52,8.525,7042.0
2017-04-24 15:00:00,CVGI,8.525,8.525,8.495,8.515,7733.0
2017-04-24 15:05:00,CVGI,8.515,8.55,8.5,8.55,6249.0
2017-04-24 15:10:00,CVGI,8.55,8.575,8.515,8.515,2300.0
2017-04-24 15:15:00,CVGI,8.515,8.515,8.49,8.49,2222.0
2017-04-24 15:20:00,CVGI,8.49,8.53,8.49,8.525,2078.0
2017-04-24 15:25:00,CVGI,8.525,8.55,8.525,8.54,2305.0
2017-04-24 15:30:00,CVGI,8.54,8.585,8.54,8.575,6844.0
2017-04-24 15:35:00,CVGI,8.575,8.63,8.57,8.59,2128.0
2017-04-24 15:40:00,CVGI,8.59,8.59,8.58,8.58,779.0
2017-04-24 15:45:00,CVGI,8.58,8.58,8.53,8.535,6231.0
2017-04-24 15:50:00,CVGI,8.535,8.535,8.505,8.52,3617.0
2017-04-24 15:55:00,CVGI,8.52,8.565,8.52,8.555,4927.0
2017-04-24 16:00:00,CVGI,8.555,8.555,8.495,8.505,23937.0
2017-04-24 16:05:00,CVGI,8.505,8.53,8.285,8.285,5152.0
2017-04-24 16:10:00,CVGI,8.285,8.285,8.285,8.285,0.0
2017-04-24 16:15:00,CVGI,8.285,8.285,8.285,8.285,0.0
2017-04-24 16:20:00,CVGI,8.285,8.285,8.285,8.285,0.0
2017-04-24 16:25:00,CVGI,8.285,8.285,8.285,8.285,0.0
2017-04-24 16:30:00,CVGI,8.285,8.285,8.285,8.285,0.0
2017-04-24 16:35:00,CVGI,8.285,8.285,8.285,8.285,0.0
2017-04-24 16:40:00,CVGI,8.285,8.285,8.285,8.285,0.0
2017-04-24 16:45:00,CVGI,8.285,8.285,8.285,8.285,0.0
2017-04-24 16:50:00,CVGI,8.285,8.285,8.285,8.285,0.0
2017-04-24 16:55:00,CVGI,8.285,8.285,8.285,8.285,0.0
2017-04-24 17:00:00,CVGI,8.285,8.285,8.285,8.285,0.0
2017-04-24 17:05:00,CVGI,8.285,8.285,8.285,8.285,0.0
2017-04-24 17:10:00,CVGI,8.285,8.285,8.285,8.285,0.0
2017-04-24 17:15:00,CVGI,8.285,9.005,8.285,9.005,33.0
2017-04-24 17:20:00,CVGI,9.005,9.005,9.005,9.005,0.0
2017-04-24 17:25:00,CVGI,9.005,9.005,9.005,9.005,0.0
2017-04-24 17:30:00,CVGI,9.005,9.005,9.005,9.005,0.0
2017-04-24 17:35:00,CVGI,9.005,9.005,9.005,9.005,0.0
2017-04-24 17:40:00,CVGI,9.005,9.005,9.005,9.005,0.0
2017-04-24 17:45:00,CVGI,9.005,9.005,9.005,9.005,0.0
2017-04-24 17:50:00,CVGI,9.005,9.005,9.005,9.005,0.0
2017-04-24 17:55:00,CVGI,9.005,9.005,9.005,9.005,0.0
2017-04-24 18:00:00,CVGI,9.005,9.005,9.005,9.005,0.0
2017-04-24 18:05:00,CVGI,9.005,9.005,8.975,8.975,0.0
2017-04-24 18:10:00,CVGI,8.975,8.975,8.975,8.975,0.0
2017-04-24 18:15:00,CVGI,8.975,8.975,8.975,8.975,0.0
2017-04-24 18:20:00,CVGI,8.975,8.975,8.975,8.975,0.0
2017-04-24 18:25:00,CVGI,8.975,8.975,8.975,8.975,0.0
2017-04-24 18:30:00,CVGI,8.975,8.975,8.975,8.975,0.0
2017-04-24 18:35:00,CVGI,8.975,8.975,8.975,8.975,0.0
2017-04-24 18:40:00,CVGI,8.975,8.975,8.975,8.975,0.0
2017-04-24 18:45:00,CVGI,8.975,8.975,8.975,8.975,0.0
2017-04-24 18:50:00,CVGI,8.975,8.975,8.975,8.975,0.0
2017-04-24 18:55:00,CVGI,8.975,8.975,8.975,8.975,0.0
2017-04-24 19:00:00,CVGI,8.975,8.975,8.975,8.975,0.0
2017-04-24 19:05:00,CVGI,8.975,8.975,8.975,8.975,0.0
2017-04-24 19:10:00,CVGI,8.975,8.975,8.975,8.975,0.0
2017-04-24 19:15:00,CVGI,8.975,8.975,8.975,8.975,0.0
2017-04-24 19:20:00,CVGI,8.975,8.975,8.975,8.975,0.0
2017-04-24 19:25:00,CVGI,8.975,8.975,8.975,8.975,0.0
2017-04-24 19:30:00,CVGI,8.975,8.975,8.975,8.975,0.0
2017-04-24 19:35:00,CVGI,8.975,8.975,8.975,8.975,0.0
2017-04-24 19:40:00,CVGI,8.975,8.975,8.975,8.975,0.0
2017-04-24 19:45:00,CVGI,8.975,8.975,8.975,8.975,0.0
2017-04-24 19:50:00,CVGI,8.975,8.975,8.975,8.975,0.0
2017-04-24 19:55:00,CVGI,8.975,8.975,8.975,8.975,0.0
2017-04-24 20:00:00,CVGI,8.975,8.975,8.975,8.975,0.0
2017-04-24 20:05:00,CVGI,8.975,8.975,8.35,8.35,0.0
2017-04-24 20:10:00,CVGI,8.35,8.35,8.35,8.35,0.0
2017-04-24 20:15:00,CVGI,8.35,8.35,8.35,8.35,0.0
2017-04-24 20:20:00,CVGI,8.35,8.35,8.35,8.35,0.0
2017-04-24 20:25:00,CVGI,8.35,8.35,8.35,8.35,0.0
2017-04-24 20:30:00,CVGI,8.35,8.35,8.35,8.35,0.0
2017-04-24 20:35:00,CVGI,8.35,8.35,8.35,8.35,0.0
2017-04-24 20:40:00,CVGI,8.35,8.35,8.35,8.35,0.0
2017-04-24 20:45:00,CVGI,8.35,8.35,8.35,8.35,0.0
2017-04-24 20:50:00,CVGI,8.35,8.35,8.35,8.35,0.0
2017-04-24 20:55:00,CVGI,8.35,8.35,8.35,8.35,0.0
2017-04-26 08:00:00,CVGI,9.03,9.03,9.03,9.03,0
2017-04-26 08:05:00,CVGI,9.03,9.215,9.03,9.215,0
2017-04-26 08:10:00,CVGI,9.215,9.215,9.215,9.215,0
2017-04-26 08:15:00,CVGI,9.215,9.215,9.215,9.215,0
2017-04-26 08:20:00,CVGI,9.215,9.215,9.03,9.03,350.0
2017-04-26 08:25:00,CVGI,9.03,9.225,9.03,9.05,50.0
2017-04-26 08:30:00,CVGI,9.05,9.05,9.05,9.05,0.0
2017-04-26 08:35:00,CVGI,9.05,9.05,9.05,9.05,0.0
2017-04-26 08:40:00,CVGI,9.05,9.05,9.05,9.05,0.0
2017-04-26 08:45:00,CVGI,9.05,9.05,9.05,9.05,0.0
2017-04-26 08:50:00,CVGI,9.05,9.05,9.05,9.05,0.0
2017-04-26 08:55:00,CVGI,9.05,9.05,9.05,9.05,0.0
2017-04-26 09:00:00,CVGI,9.05,9.05,9.04,9.04,0.0
2017-04-26 09:05:00,CVGI,9.04,9.04,9.04,9.04,0.0
2017-04-26 09:10:00,CVGI,9.04,9.04,9.04,9.04,0.0
2017-04-26 09:15:00,CVGI,9.04,9.04,9.04,9.04,90.0
2017-04-26 09:20:00,CVGI,9.04,9.04,9.04,9.04,0.0
2017-04-26 09:25:00,CVGI,9.04,9.05,9.01,9.03,1090.0
2017-04-26 09:30:00,CVGI,9.03,9.075,9.01,9.05,100.0
2017-04-26 09:35:00,CVGI,9.05,9.14,9.035,9.14,50012.0
2017-04-26 09:40:00,CVGI,9.14,9.225,9.135,9.195,8121.0
2017-04-26 09:45:00,CVGI,9.195,9.265,9.195,9.245,18385.0
2017-04-26 09:50:00,CVGI,9.245,9.28,9.205,9.265,9428.0
2017-04-26 09:55:00,CVGI,9.265,9.27,9.135,9.15,8766.0
2017-04-26 10:00:00,CVGI,9.15,9.245,9.15,9.235,16854.0
2017-04-26 10:05:00,CVGI,9.235,9.26,9.18,9.23,4428.0
2017-04-26 10:10:00,CVGI,9.23,9.265,9.2,9.24,17528.0
2017-04-26 10:15:00,CVGI,9.24,9.275,9.195,9.24,8331.0
2017-04-26 10:20:00,CVGI,9.24,9.285,9.24,9.255,5166.0
2017-04-26 10:25:00,CVGI,9.255,9.255,9.21,9.235,4451.0
2017-04-26 10:30:00,CVGI,9.235,9.275,9.235,9.275,6017.0
2017-04-26 10:35:00,CVGI,9.275,9.375,9.275,9.355,20954.0
2017-04-26 10:40:00,CVGI,9.355,9.39,9.3,9.31,9241.0
2017-04-26 10:45:00,CVGI,9.31,9.325,9.29,9.305,6358.0
2017-04-26 10:50:00,CVGI,9.305,9.315,9.265,9.275,8815.0
2017-04-26 10:55:00,CVGI,9.275,9.305,9.275,9.285,7595.0
2017-04-26 11:00:00,CVGI,9.285,9.325,9.285,9.305,2025.0
2017-04-26 11:05:00,CVGI,9.305,9.335,9.305,9.325,6491.0
2017-04-26 11:10:00,CVGI,9.325,9.325,9.26,9.285,17162.0
2017-04-26 11:15:00,CVGI,9.285,9.325,9.285,9.325,3312.0
2017-04-26 11:20:00,CVGI,9.325,9.34,9.31,9.325,3979.0
2017-04-26 11:25:00,CVGI,9.325,9.345,9.315,9.335,2590.0
2017-04-26 11:30:00,CVGI,9.335,9.425,9.335,9.405,10499.0
2017-04-26 11:35:00,CVGI,9.405,9.415,9.37,9.415,8951.0
2017-04-26 11:40:00,CVGI,9.415,9.44,9.415,9.43,2626.0
2017-04-26 11:45:00,CVGI,9.43,9.43,9.375,9.375,3438.0
2017-04-26 11:50:00,CVGI,9.375,9.375,9.32,9.325,4805.0
2017-04-26 11:55:00,CVGI,9.325,9.355,9.32,9.35,2649.0
2017-04-26 12:00:00,CVGI,9.35,9.35,9.235,9.295,16348.0
2017-04-26 12:05:00,CVGI,9.295,9.3,9.245,9.26,4673.0
2017-04-26 12:10:00,CVGI,9.26,9.295,9.25,9.29,2404.0
2017-04-26 12:15:00,CVGI,9.29,9.35,9.29,9.32,5414.0
2017-04-26 12:20:00,CVGI,9.32,9.345,9.315,9.32,2376.0
2017-04-26 12:25:00,CVGI,9.32,9.335,9.31,9.33,2361.0
2017-04-26 12:30:00,CVGI,9.33,9.365,9.33,9.35,3945.0
2017-04-26 12:35:00,CVGI,9.35,9.35,9.28,9.28,6920.0
2017-04-26 12:40:00,CVGI,9.28,9.33,9.26,9.31,4644.0
2017-04-26 12:45:00,CVGI,9.31,9.315,9.31,9.31,1103.0
2017-04-26 12:50:00,CVGI,9.31,9.315,9.275,9.275,7875.0
2017-04-26 12:55:00,CVGI,9.275,9.305,9.27,9.3,2114.0
2017-04-26 13:00:00,CVGI,9.3,9.305,9.29,9.3,4049.0
2017-04-26 13:05:00,CVGI,9.3,9.34,9.285,9.29,7320.0
2017-04-26 13:10:00,CVGI,9.29,9.315,9.24,9.31,4712.0
2017-04-26 13:15:00,CVGI,9.31,9.335,9.27,9.27,4227.0
2017-04-26 13:20:00,CVGI,9.27,9.295,9.27,9.275,5356.0
2017-04-26 13:25:00,CVGI,9.275,9.275,9.225,9.255,4035.0
2017-04-26 13:30:00,CVGI,9.255,9.275,9.25,9.25,3340.0
2017-04-26 13:35:00,CVGI,9.25,9.255,9.235,9.235,1378.0
2017-04-26 13:40:00,CVGI,9.235,9.275,9.23,9.275,907.0
2017-04-26 13:45:00,CVGI,9.275,9.29,9.24,9.29,2929.0
2017-04-26 13:50:00,CVGI,9.29,9.29,9.255,9.26,1417.0
2017-04-26 13:55:00,CVGI,9.26,9.26,9.21,9.25,4868.0
2017-04-26 14:00:00,CVGI,9.25,9.265,9.235,9.24,5118.0
2017-04-26 14:05:00,CVGI,9.24,9.255,9.215,9.25,3004.0
2017-04-26 14:10:00,CVGI,9.25,9.255,9.21,9.22,4198.0
2017-04-26 14:15:00,CVGI,9.22,9.225,9.205,9.22,4219.0
2017-04-26 14:20:00,CVGI,9.22,9.275,9.22,9.275,1779.0
2017-04-26 14:25:00,CVGI,9.275,9.305,9.275,9.305,5629.0
2017-04-26 14:30:00,CVGI,9.305,9.305,9.21,9.21,5970.0
2017-04-26 14:35:00,CVGI,9.21,9.255,9.21,9.25,1649.0
2017-04-26 14:40:00,CVGI,9.25,9.29,9.225,9.255,3678.0
2017-04-26 14:45:00,CVGI,9.255,9.285,9.255,9.285,410.0
2017-04-26 14:50:00,CVGI,9.285,9.305,9.275,9.29,3768.0
2017-04-26 14:55:00,CVGI,9.29,9.305,9.265,9.27,1993.0
2017-04-26 15:00:00,CVGI,9.27,9.305,9.27,9.285,3349.0
2017-04-26 15:05:00,CVGI,9.285,9.3,9.265,9.29,4110.0
2017-04-26 15:10:00,CVGI,9.29,9.315,9.285,9.285,3511.0
2017-04-26 15:15:00,CVGI,9.285,9.305,9.28,9.305,1706.0
2017-04-26 15:20:00,CVGI,9.305,9.305,9.285,9.29,2983.0
2017-04-26 15:25:00,CVGI,9.29,9.305,9.29,9.295,2190.0
2017-04-26 15:30:00,CVGI,9.295,9.305,9.295,9.305,3745.0
2017-04-26 15:35:00,CVGI,9.305,9.315,9.285,9.29,5967.0
2017-04-26 15:40:00,CVGI,9.29,9.305,9.29,9.3,1620.0
2017-04-26 15:45:00,CVGI,9.3,9.305,9.285,9.305,5302.0
2017-04-26 15:50:00,CVGI,9.305,9.315,9.29,9.305,6340.0
2017-04-26 15:55:00,CVGI,9.305,9.345,9.295,9.325,14143.0
2017-04-26 16:00:00,CVGI,9.325,9.325,9.275,9.285,19845.0
2017-04-26 16:05:00,CVGI,9.285,9.33,8.92,8.945,4714.0
2017-04-26 16:10:00,CVGI,8.945,9.325,8.815,8.815,0.0
2017-04-26 16:15:00,CVGI,8.815,8.815,8.815,8.815,0.0
2017-04-26 16:20:00,CVGI,8.815,8.815,8.815,8.815,0.0
2017-04-26 16:25:00,CVGI,8.815,8.82,8.815,8.82,30.0
2017-04-26 16:30:00,CVGI,8.82,8.82,8.82,8.82,100.0
2017-04-26 16:35:00,CVGI,8.82,8.82,8.82,8.82,0.0
2017-04-26 16:40:00,CVGI,8.82,8.955,8.82,8.95,11282.0
2017-04-26 16:45:00,CVGI,8.95,8.955,8.95,8.95,3740.0
2017-04-26 16:50:00,CVGI,8.95,8.955,8.95,8.95,0.0
2017-04-26 16:55:00,CVGI,8.95,8.955,8.95,8.95,0.0
2017-04-26 17:00:00,CVGI,8.95,9.34,8.95,9.34,0.0
2017-04-26 17:05:00,CVGI,9.34,9.34,9.34,9.34,0.0
2017-04-26 17:10:00,CVGI,9.34,9.34,9.34,9.34,0.0
2017-04-26 17:15:00,CVGI,9.34,9.34,9.34,9.34,0.0
2017-04-26 17:20:00,CVGI,9.34,9.34,9.34,9.34,0.0
2017-04-26 17:25:00,CVGI,9.34,9.34,9.34,9.34,60.0
2017-04-26 17:30:00,CVGI,9.34,9.34,9.34,9.34,0.0
2017-04-26 17:35:00,CVGI,9.34,9.34,9.34,9.34,0.0
2017-04-26 17:40:00,CVGI,9.34,9.34,9.34,9.34,0.0
2017-04-26 17:45:00,CVGI,9.34,9.34,9.34,9.34,0.0
2017-04-26 17:50:00,CVGI,9.34,9.34,9.34,9.34,0.0
2017-04-26 17:55:00,CVGI,9.34,9.34,9.34,9.34,0.0
2017-04-26 18:00:00,CVGI,9.34,9.34,9.34,9.34,0.0
2017-04-26 18:05:00,CVGI,9.34,9.34,9.34,9.34,0.0
2017-04-26 18:10:00,CVGI,9.34,9.34,9.34,9.34,0.0
2017-04-26 18:15:00,CVGI,9.34,9.34,9.34,9.34,0.0
2017-04-26 18:20:00,CVGI,9.34,9.34,9.34,9.34,0.0
2017-04-26 18:25:00,CVGI,9.34,9.34,9.34,9.34,0.0
2017-04-26 18:30:00,CVGI,9.34,9.34,9.34,9.34,0.0
2017-04-26 18:35:00,CVGI,9.34,9.34,9.34,9.34,0.0
2017-04-26 18:40:00,CVGI,9.34,9.34,9.34,9.34,0.0
2017-04-26 18:45:00,CVGI,9.34,9.34,9.34,9.34,0.0
2017-04-26 18:50:00,CVGI,9.34,9.34,9.34,9.34,0.0
2017-04-26 18:55:00,CVGI,9.34,9.34,9.34,9.34,0.0
2017-04-26 19:00:00,CVGI,9.34,9.34,9.34,9.34,0.0
2017-04-26 19:05:00,CVGI,9.34,9.34,9.34,9.34,0.0
2017-04-26 19:10:00,CVGI,9.34,9.34,9.34,9.34,0.0
2017-04-26 19:15:00,CVGI,9.34,9.34,9.34,9.34,0.0
2017-04-26 19:20:00,CVGI,9.34,9.34,9.34,9.34,0.0
2017-04-26 19:25:00,CVGI,9.34,9.34,9.34,9.34,0.0
2017-04-26 19:30:00,CVGI,9.34,9.34,9.34,9.34,0.0
2017-04-26 19:35:00,CVGI,9.34,9.34,9.34,9.34,0.0
2017-04-26 19:40:00,CVGI,9.34,9.34,9.34,9.34,0.0
2017-04-26 19:45:00,CVGI,9.34,9.34,9.34,9.34,0.0
2017-04-26 19:50:00,CVGI,9.34,9.34,9.34,9.34,0.0
2017-04-26 19:55:00,CVGI,9.34,9.34,9.34,9.34,0.0
2017-04-26 20:00:00,CVGI,9.34,9.34,9.34,9.34,0.0
2017-04-26 20:05:00,CVGI,9.34,9.34,8.7,8.7,0.0
2017-04-26 20:10:00,CVGI,8.7,8.7,8.7,8.7,0.0
2017-04-26 20:15:00,CVGI,8.7,8.7,8.7,8.7,0.0
2017-04-26 20:20:00,CVGI,8.7,8.7,8.7,8.7,0.0
2017-04-26 20:25:00,CVGI,8.7,8.7,8.7,8.7,0.0
2017-04-26 20:30:00,CVGI,8.7,8.7,8.7,8.7,0.0
2017-04-26 20:35:00,CVGI,8.7,8.7,8.7,8.7,0.0
2017-04-26 20:40:00,CVGI,8.7,8.7,8.7,8.7,0.0
2017-04-26 20:45:00,CVGI,8.7,8.7,8.7,8.7,0.0
2017-04-26 20:50:00,CVGI,8.7,8.7,8.7,8.7,0.0
2017-04-26 20:55:00,CVGI,8.7,8.7,8.7,8.7,0.0
2017-04-27 08:00:00,CVGI,8.7,8.7,8.7,8.7,0.0
2017-04-27 08:05:00,CVGI,8.7,9.25,8.7,9.25,0.0
2017-04-27 08:10:00,CVGI,9.25,9.25,9.25,9.25,0.0
2017-04-27 08:15:00,CVGI,9.25,9.25,9.25,9.25,0.0
2017-04-27 08:20:00,CVGI,9.25,9.25,9.25,9.25,0.0
2017-04-27 08:25:00,CVGI,9.25,9.25,9.25,9.25,0.0
2017-04-27 08:30:00,CVGI,9.25,9.25,9.25,9.25,0.0
2017-04-27 08:35:00,CVGI,9.25,9.25,9.25,9.25,0.0
2017-04-27 08:40:00,CVGI,9.25,9.25,9.25,9.25,0.0
2017-04-27 08:45:00,CVGI,9.25,9.25,9.25,9.25,0.0
2017-04-27 08:50:00,CVGI,9.25,9.25,9.25,9.25,0.0
2017-04-27 08:55:00,CVGI,9.25,9.25,9.25,9.25,0.0
2017-04-27 09:00:00,CVGI,9.25,9.275,9.25,9.275,213.0
2017-04-27 09:05:00,CVGI,9.275,9.275,9.275,9.275,10.0
2017-04-27 09:10:00,CVGI,9.275,9.275,9.275,9.275,0.0
2017-04-27 09:15:00,CVGI,9.275,9.275,9.275,9.275,0.0
2017-04-27 09:20:00,CVGI,9.275,9.275,9.275,9.275,0.0
2017-04-27 09:25:00,CVGI,9.275,9.275,9.275,9.275,0.0
2017-04-27 09:30:00,CVGI,9.275,9.365,9.225,9.23,1000.0
2017-04-27 09:35:00,CVGI,9.23,9.335,9.23,9.315,31791.0
2017-04-27 09:40:00,CVGI,9.315,9.33,9.215,9.215,12640.0
2017-04-27 09:45:00,CVGI,9.215,9.215,9.12,9.185,6202.0
2017-04-27 09:50:00,CVGI,9.185,9.19,9.13,9.13,2737.0
2017-04-27 09:55:00,CVGI,9.13,9.16,9.13,9.16,4542.0
2017-04-27 10:00:00,CVGI,9.16,9.19,9.135,9.135,3351.0
2017-04-27 10:05:00,CVGI,9.135,9.135,9.125,9.125,1433.0
2017-04-27 10:10:00,CVGI,9.125,9.13,9.03,9.03,10256.0
2017-04-27 10:15:00,CVGI,9.03,9.03,8.98,9.03,13609.0
2017-04-27 10:20:00,CVGI,9.03,9.135,9.03,9.115,9294.0
2017-04-27 10:25:00,CVGI,9.115,9.115,9.045,9.06,8519.0
2017-04-27 10:30:00,CVGI,9.06,9.085,9.015,9.085,4078.0
2017-04-27 10:35:00,CVGI,9.085,9.1,9.06,9.065,7091.0
2017-04-27 10:40:00,CVGI,9.065,9.075,9.04,9.045,2620.0
2017-04-27 10:45:00,CVGI,9.045,9.045,9.01,9.045,7341.0
2017-04-27 10:50:00,CVGI,9.045,9.07,9.04,9.055,2035.0
2017-04-27 10:55:00,CVGI,9.055,9.075,9.01,9.05,3784.0
2017-04-27 11:00:00,CVGI,9.05,9.055,9.045,9.055,2108.0
2017-04-27 11:05:00,CVGI,9.055,9.095,9.055,9.095,5670.0
2017-04-27 11:10:00,CVGI,9.095,9.095,9.085,9.09,5107.0
2017-04-27 11:15:00,CVGI,9.09,9.095,9.045,9.065,2842.0
2017-04-27 11:20:00,CVGI,9.065,9.075,9.015,9.02,4244.0
2017-04-27 11:25:00,CVGI,9.02,9.06,9.02,9.03,5064.0
2017-04-27 11:30:00,CVGI,9.03,9.095,9.03,9.09,5395.0
2017-04-27 11:35:00,CVGI,9.09,9.095,9.075,9.08,3908.0
2017-04-27 11:40:00,CVGI,9.08,9.08,9.04,9.04,2362.0
2017-04-27 11:45:00,CVGI,9.04,9.045,9.025,9.035,900.0
2017-04-27 11:50:00,CVGI,9.035,9.045,9.035,9.045,800.0
2017-04-27 11:55:00,CVGI,9.045,9.045,9.045,9.045,1200.0
2017-04-27 12:00:00,CVGI,9.045,9.11,9.045,9.085,5246.0
2017-04-27 12:05:00,CVGI,9.085,9.11,9.045,9.095,5126.0
2017-04-27 12:10:00,CVGI,9.095,9.095,9.065,9.07,3816.0
2017-04-27 12:15:00,CVGI,9.07,9.095,9.07,9.095,1107.0
2017-04-27 12:20:00,CVGI,9.095,9.135,9.095,9.105,19818.0
2017-04-27 12:25:00,CVGI,9.105,9.11,9.075,9.09,2612.0
2017-04-27 12:30:00,CVGI,9.09,9.095,9.075,9.095,1021.0
2017-04-27 12:35:00,CVGI,9.095,9.105,9.085,9.085,8989.0
2017-04-27 12:40:00,CVGI,9.085,9.085,9.055,9.055,2239.0
2017-04-27 12:45:00,CVGI,9.055,9.065,9.045,9.06,2732.0
2017-04-27 12:50:00,CVGI,9.06,9.07,9.055,9.06,2445.0
2017-04-27 12:55:00,CVGI,9.06,9.08,9.055,9.065,2498.0
2017-04-27 13:00:00,CVGI,9.065,9.085,9.065,9.085,1150.0
2017-04-27 13:05:00,CVGI,9.085,9.085,9.075,9.08,2974.0
2017-04-27 13:10:00,CVGI,9.08,9.08,9.04,9.045,2306.0
2017-04-27 13:15:00,CVGI,9.045,9.07,9.04,9.045,6831.0
2017-04-27 13:20:00,CVGI,9.045,9.045,9.045,9.045,200.0
2017-04-27 13:25:00,CVGI,9.045,9.045,9.045,9.045,2200.0
2017-04-27 13:30:00,CVGI,9.045,9.075,9.045,9.075,2606.0
2017-04-27 13:35:00,CVGI,9.075,9.095,9.075,9.085,2499.0
2017-04-27 13:40:00,CVGI,9.085,9.095,9.085,9.09,3799.0
2017-04-27 13:45:00,CVGI,9.09,9.09,9.09,9.09,2273.0
2017-04-27 13:50:00,CVGI,9.09,9.09,9.055,9.055,3010.0
2017-04-27 13:55:00,CVGI,9.055,9.065,9.03,9.03,1540.0
2017-04-27 14:00:00,CVGI,9.03,9.055,9.03,9.05,3954.0
2017-04-27 14:05:00,CVGI,9.05,9.085,9.05,9.085,4241.0
2017-04-27 14:10:00,CVGI,9.085,9.085,9.045,9.06,4972.0
2017-04-27 14:15:00,CVGI,9.06,9.06,9.035,9.055,2264.0
2017-04-27 14:20:00,CVGI,9.055,9.065,9.04,9.05,2511.0
2017-04-27 14:25:00,CVGI,9.05,9.05,9.035,9.045,2088.0
2017-04-27 14:30:00,CVGI,9.045,9.05,9.045,9.045,944.0
2017-04-27 14:35:00,CVGI,9.045,9.095,9.045,9.09,6850.0
2017-04-27 14:40:00,CVGI,9.09,9.09,9.09,9.09,1729.0
2017-04-27 14:45:00,CVGI,9.09,9.095,9.06,9.065,9527.0
2017-04-27 14:50:00,CVGI,9.065,9.065,8.98,8.985,17229.0
2017-04-27 14:55:00,CVGI,8.985,9.005,8.985,8.99,6346.0
2017-04-27 15:00:00,CVGI,8.99,8.995,8.99,8.995,3334.0
2017-04-27 15:05:00,CVGI,8.995,9.025,8.995,9.005,6045.0
2017-04-27 15:10:00,CVGI,9.005,9.02,9.005,9.005,6432.0
2017-04-27 15:15:00,CVGI,9.005,9.015,8.985,9.01,10126.0
2017-04-27 15:20:00,CVGI,9.01,9.01,9.005,9.005,2110.0
2017-04-27 15:25:00,CVGI,9.005,9.005,8.92,8.93,17712.0
2017-04-27 15:30:00,CVGI,8.93,8.93,8.84,8.855,25662.0
2017-04-27 15:35:00,CVGI,8.855,8.955,8.855,8.935,5302.0
2017-04-27 15:40:00,CVGI,8.935,8.985,8.935,8.96,4715.0
2017-04-27 15:45:00,CVGI,8.96,8.975,8.935,8.945,10100.0
2017-04-27 15:50:00,CVGI,8.945,8.945,8.935,8.945,5084.0
2017-04-27 15:55:00,CVGI,8.945,8.945,8.93,8.945,5608.0
2017-04-27 16:00:00,CVGI,8.945,8.975,8.935,8.945,15705.0
2017-04-27 16:05:00,CVGI,8.945,8.99,8.48,8.7,2298.0
2017-04-27 16:10:00,CVGI,8.7,8.705,8.695,8.7,0.0
2017-04-27 16:15:00,CVGI,8.7,8.705,8.695,8.7,2700.0
2017-04-27 16:20:00,CVGI,8.7,8.705,8.695,8.7,0.0
2017-04-27 16:25:00,CVGI,8.7,8.705,8.695,8.7,0.0
2017-04-27 16:30:00,CVGI,8.7,8.705,8.695,8.7,0.0
2017-04-27 16:35:00,CVGI,8.7,8.705,8.695,8.7,32226.0
2017-04-27 16:40:00,CVGI,8.7,8.705,8.695,8.7,0.0
2017-04-27 16:45:00,CVGI,8.7,8.955,8.695,8.95,0.0
2017-04-27 16:50:00,CVGI,8.95,8.955,8.945,8.95,0.0
2017-04-27 16:55:00,CVGI,8.95,8.955,8.945,8.95,0.0
2017-04-27 17:00:00,CVGI,8.95,8.955,8.945,8.95,0.0
2017-04-27 17:05:00,CVGI,8.95,8.955,8.945,8.95,0.0
2017-04-27 17:10:00,CVGI,8.95,8.95,8.95,8.95,0.0
2017-04-27 17:15:00,CVGI,8.95,8.95,8.95,8.95,0.0
2017-04-27 17:20:00,CVGI,8.95,8.95,8.95,8.95,0.0
2017-04-27 17:25:00,CVGI,8.95,8.95,8.95,8.95,0.0
2017-04-27 17:30:00,CVGI,8.95,8.95,8.95,8.95,0.0
2017-04-27 17:35:00,CVGI,8.95,8.95,8.95,8.95,0.0
2017-04-27 17:40:00,CVGI,8.95,8.95,8.95,8.95,0.0
2017-04-27 17:45:00,CVGI,8.95,8.95,8.95,8.95,0.0
2017-04-27 17:50:00,CVGI,8.95,8.95,8.95,8.95,0.0
2017-04-27 17:55:00,CVGI,8.95,8.95,8.95,8.95,0.0
2017-04-27 18:00:00,CVGI,8.95,8.95,8.95,8.95,0.0
2017-04-27 18:05:00,CVGI,8.95,8.95,8.95,8.95,0.0
2017-04-27 18:10:00,CVGI,8.95,8.95,8.95,8.95,0.0
2017-04-27 18:15:00,CVGI,8.95,8.95,8.95,8.95,0.0
2017-04-27 18:20:00,CVGI,8.95,8.95,8.7,8.7,0.0
2017-04-27 18:25:00,CVGI,8.7,8.7,8.7,8.7,0.0
2017-04-27 18:30:00,CVGI,8.7,8.7,8.7,8.7,0.0
2017-04-27 18:35:00,CVGI,8.7,8.7,8.7,8.7,0.0
2017-04-27 18:40:00,CVGI,8.7,8.7,8.7,8.7,0.0
2017-04-27 18:45:00,CVGI,8.7,8.7,8.7,8.7,0.0
2017-04-27 18:50:00,CVGI,8.7,8.7,8.7,8.7,0.0
2017-04-27 18:55:00,CVGI,8.7,8.7,8.7,8.7,0.0
2017-04-27 19:00:00,CVGI,8.7,8.7,8.7,8.7,0.0
2017-04-27 19:05:00,CVGI,8.7,8.7,8.7,8.7,0.0
2017-04-27 19:10:00,CVGI,8.7,8.7,8.7,8.7,0.0
2017-04-27 19:15:00,CVGI,8.7,8.7,8.7,8.7,0.0
2017-04-27 19:20:00,CVGI,8.7,9.085,8.7,9.08,0.0
2017-04-27 19:25:00,CVGI,9.08,9.08,9.08,9.08,0.0
2017-04-27 19:30:00,CVGI,9.08,9.08,9.08,9.08,0.0
2017-04-27 19:35:00,CVGI,9.08,9.08,9.08,9.08,0.0
2017-04-27 19:40:00,CVGI,9.08,9.08,9.08,9.08,0.0
2017-04-27 19:45:00,CVGI,9.08,9.08,9.08,9.08,0.0
2017-04-27 19:50:00,CVGI,9.08,9.08,9.08,9.08,0.0
2017-04-27 19:55:00,CVGI,9.08,9.08,8.7,8.7,0.0
2017-04-27 20:00:00,CVGI,8.7,8.7,8.7,8.7,0.0
2017-04-27 20:05:00,CVGI,8.7,8.7,8.7,8.7,0.0
2017-04-27 20:10:00,CVGI,8.7,8.7,8.7,8.7,0.0
2017-04-27 20:15:00,CVGI,8.7,8.7,8.7,8.7,0.0
2017-04-27 20:20:00,CVGI,8.7,8.7,8.7,8.7,0.0
2017-04-27 20:25:00,CVGI,8.7,8.7,8.7,8.7,0.0
2017-04-27 20:30:00,CVGI,8.7,8.7,8.7,8.7,0.0
2017-04-27 20:35:00,CVGI,8.7,8.7,8.7,8.7,0.0
2017-04-27 20:40:00,CVGI,8.7,8.7,8.7,8.7,0.0
2017-04-27 20:45:00,CVGI,8.7,8.7,8.7,8.7,0.0
2017-04-27 20:50:00,CVGI,8.7,8.7,8.7,8.7,0.0
2017-04-27 20:55:00,CVGI,8.7,8.7,8.7,8.7,0.0
