2017-04-18 15:00:00,EXEL,20.785,20.805,20.765,20.805,10596.0
2017-04-18 15:05:00,EXEL,20.805,20.815,20.765,20.765,11585.0
2017-04-18 15:10:00,EXEL,20.765,20.775,20.765,20.765,4457.0
2017-04-18 15:15:00,EXEL,20.765,20.765,20.715,20.755,21513.0
2017-04-18 15:20:00,EXEL,20.755,20.785,20.755,20.785,21526.0
2017-04-18 15:25:00,EXEL,20.785,20.795,20.775,20.795,10548.0
2017-04-18 15:30:00,EXEL,20.795,20.795,20.775,20.785,19468.0
2017-04-18 15:35:00,EXEL,20.785,20.815,20.775,20.815,26189.0
2017-04-18 15:40:00,EXEL,20.815,20.845,20.815,20.825,26573.0
2017-04-18 15:45:00,EXEL,20.825,20.855,20.825,20.835,27339.0
2017-04-18 15:50:00,EXEL,20.835,20.915,20.835,20.905,44273.0
2017-04-18 15:55:00,EXEL,20.905,20.905,20.875,20.885,57212.0
2017-04-18 16:00:00,EXEL,20.885,20.885,20.875,20.885,116141.0
2017-04-18 16:05:00,EXEL,20.885,20.885,20.85,20.865,107307.0
2017-04-18 16:10:00,EXEL,20.865,20.87,20.755,20.84,23633.0
2017-04-18 16:15:00,EXEL,20.84,20.84,20.84,20.84,2100.0
2017-04-18 16:20:00,EXEL,20.84,20.84,20.84,20.84,0.0
2017-04-18 16:25:00,EXEL,20.84,20.84,20.84,20.84,0.0
2017-04-18 16:30:00,EXEL,20.84,20.84,20.84,20.84,0.0
2017-04-18 16:35:00,EXEL,20.84,20.84,20.84,20.84,0.0
2017-04-18 16:40:00,EXEL,20.84,20.975,20.84,20.975,1583.0
2017-04-18 16:45:00,EXEL,20.975,20.975,20.975,20.975,0.0
2017-04-18 16:50:00,EXEL,20.975,20.975,20.975,20.975,0.0
2017-04-18 16:55:00,EXEL,20.975,20.975,20.975,20.975,0.0
2017-04-18 17:00:00,EXEL,20.975,20.975,20.975,20.975,0.0
2017-04-18 17:05:00,EXEL,20.975,20.975,20.975,20.975,0.0
2017-04-18 17:10:00,EXEL,20.975,20.975,20.97,20.97,0.0
2017-04-18 17:15:00,EXEL,20.97,20.975,20.835,20.84,0.0
2017-04-18 17:20:00,EXEL,20.84,20.84,20.84,20.84,0.0
2017-04-18 17:25:00,EXEL,20.84,20.84,20.84,20.84,0.0
2017-04-18 17:30:00,EXEL,20.84,20.84,20.84,20.84,0.0
2017-04-18 17:35:00,EXEL,20.84,20.84,20.84,20.84,610.0
2017-04-18 17:40:00,EXEL,20.84,21.145,20.84,20.84,0.0
2017-04-18 17:45:00,EXEL,20.84,20.84,20.84,20.84,0.0
2017-04-18 17:50:00,EXEL,20.84,20.84,20.84,20.84,0.0
2017-04-18 17:55:00,EXEL,20.84,20.84,20.84,20.84,0.0
2017-04-18 18:00:00,EXEL,20.84,20.84,20.84,20.84,0.0
2017-04-18 18:05:00,EXEL,20.84,20.84,20.84,20.84,0.0
2017-04-18 18:10:00,EXEL,20.84,20.84,20.84,20.84,0.0
2017-04-18 18:15:00,EXEL,20.84,20.84,20.84,20.84,0.0
2017-04-18 18:20:00,EXEL,20.84,20.84,20.84,20.84,0.0
2017-04-18 18:25:00,EXEL,20.84,20.84,20.84,20.84,0.0
2017-04-18 18:30:00,EXEL,20.84,20.84,20.84,20.84,0.0
2017-04-18 18:35:00,EXEL,20.84,20.84,20.84,20.84,0.0
2017-04-18 18:40:00,EXEL,20.84,20.84,20.84,20.84,0.0
2017-04-18 18:45:00,EXEL,20.84,20.84,20.84,20.84,0.0
2017-04-18 18:50:00,EXEL,20.84,20.84,20.84,20.84,0.0
2017-04-18 18:55:00,EXEL,20.84,20.84,20.84,20.84,0.0
2017-04-18 19:00:00,EXEL,20.84,20.84,20.84,20.84,0.0
2017-04-18 19:05:00,EXEL,20.84,20.84,20.84,20.84,0.0
2017-04-18 19:10:00,EXEL,20.84,20.84,20.84,20.84,0.0
2017-04-18 19:15:00,EXEL,20.84,20.84,20.84,20.84,0.0
2017-04-18 19:20:00,EXEL,20.84,20.84,20.84,20.84,0.0
2017-04-18 19:25:00,EXEL,20.84,20.84,20.84,20.84,0.0
2017-04-18 19:30:00,EXEL,20.84,20.84,20.84,20.84,0.0
2017-04-18 19:35:00,EXEL,20.84,20.84,20.84,20.84,0.0
2017-04-18 19:40:00,EXEL,20.84,20.84,20.84,20.84,0.0
2017-04-18 19:45:00,EXEL,20.84,20.84,20.84,20.84,0.0
2017-04-18 19:50:00,EXEL,20.84,20.84,20.84,20.84,0.0
2017-04-18 19:55:00,EXEL,20.84,20.84,20.84,20.84,0.0
2017-04-18 20:00:00,EXEL,20.84,20.84,20.84,20.84,0.0
2017-04-18 20:05:00,EXEL,20.84,20.84,20.55,20.55,0.0
2017-04-18 20:10:00,EXEL,20.55,20.55,20.55,20.55,0.0
2017-04-18 20:15:00,EXEL,20.55,20.55,20.55,20.55,0.0
2017-04-18 20:20:00,EXEL,20.55,20.55,20.55,20.55,0.0
2017-04-18 20:25:00,EXEL,20.55,20.55,20.55,20.55,0.0
2017-04-18 20:30:00,EXEL,20.55,20.55,20.55,20.55,0.0
2017-04-18 20:35:00,EXEL,20.55,20.55,20.55,20.55,0.0
2017-04-18 20:40:00,EXEL,20.55,20.55,20.55,20.55,0.0
2017-04-18 20:45:00,EXEL,20.55,20.55,20.55,20.55,0.0
2017-04-18 20:50:00,EXEL,20.55,20.55,20.55,20.55,0.0
2017-04-18 20:55:00,EXEL,20.55,20.55,20.55,20.55,0.0
2017-04-19 08:00:00,EXEL,20.88,20.88,20.88,20.88,0.0
2017-04-19 08:05:00,EXEL,20.88,20.905,20.54,20.545,0.0
2017-04-19 08:10:00,EXEL,20.545,20.545,20.545,20.545,0.0
2017-04-19 08:15:00,EXEL,20.545,20.545,20.545,20.545,0.0
2017-04-19 08:20:00,EXEL,20.545,20.545,20.545,20.545,0.0
2017-04-19 08:25:00,EXEL,20.545,20.545,20.545,20.545,0.0
2017-04-19 08:30:00,EXEL,20.545,20.545,20.545,20.545,0.0
2017-04-19 08:35:00,EXEL,20.545,20.545,20.545,20.545,0.0
2017-04-19 08:40:00,EXEL,20.545,20.545,20.545,20.545,0.0
2017-04-19 08:45:00,EXEL,20.545,20.545,20.545,20.545,0.0
2017-04-19 08:50:00,EXEL,20.545,20.545,20.545,20.545,0.0
2017-04-19 08:55:00,EXEL,20.545,20.545,20.545,20.545,0.0
2017-04-19 09:00:00,EXEL,20.545,20.545,20.545,20.545,0.0
2017-04-19 09:05:00,EXEL,20.545,20.67,20.545,20.67,0.0
2017-04-19 09:10:00,EXEL,20.67,20.67,20.67,20.67,0.0
2017-04-19 09:15:00,EXEL,20.67,20.67,20.67,20.67,0.0
2017-04-19 09:20:00,EXEL,20.67,20.67,20.67,20.67,0.0
2017-04-19 09:25:00,EXEL,20.67,20.67,20.67,20.67,0.0
2017-04-19 09:30:00,EXEL,20.67,20.945,20.67,20.925,110.0
2017-04-19 09:35:00,EXEL,20.925,21.07,20.9,20.905,54059.0
2017-04-19 09:40:00,EXEL,20.905,20.945,20.895,20.91,12825.0
2017-04-19 09:45:00,EXEL,20.91,20.975,20.89,20.905,17233.0
2017-04-19 09:50:00,EXEL,20.905,20.905,20.805,20.85,13792.0
2017-04-19 09:55:00,EXEL,20.85,20.905,20.795,20.82,19368.0
2017-04-19 10:00:00,EXEL,20.82,20.92,20.795,20.915,31615.0
2017-04-19 10:05:00,EXEL,20.915,20.915,20.845,20.845,17396.0
2017-04-19 10:10:00,EXEL,20.845,20.935,20.845,20.875,38179.0
2017-04-19 10:15:00,EXEL,20.875,20.945,20.865,20.945,9612.0
2017-04-19 10:20:00,EXEL,20.945,20.955,20.91,20.925,19041.0
2017-04-19 10:25:00,EXEL,20.925,20.995,20.925,20.985,20083.0
2017-04-19 10:30:00,EXEL,20.985,21.005,20.935,20.945,30031.0
2017-04-19 10:35:00,EXEL,20.945,21.015,20.905,20.995,29707.0
2017-04-19 10:40:00,EXEL,20.995,21.015,20.955,21.005,48626.0
2017-04-19 10:45:00,EXEL,21.005,21.015,20.985,21.015,29923.0
2017-04-19 10:50:00,EXEL,21.015,21.065,20.965,20.965,36818.0
2017-04-19 10:55:00,EXEL,20.965,21.025,20.945,21.005,21585.0
2017-04-19 11:00:00,EXEL,21.005,21.015,20.965,21.015,20002.0
2017-04-19 11:05:00,EXEL,21.015,21.07,21.015,21.025,29175.0
2017-04-19 11:10:00,EXEL,21.025,21.105,21.025,21.105,27318.0
2017-04-19 11:15:00,EXEL,21.105,21.165,21.105,21.135,20421.0
2017-04-19 11:20:00,EXEL,21.135,21.135,21.075,21.095,37021.0
2017-04-19 11:25:00,EXEL,21.095,21.145,21.095,21.135,28231.0
2017-04-19 11:30:00,EXEL,21.135,21.255,21.135,21.245,36218.0
2017-04-19 11:35:00,EXEL,21.245,21.245,21.185,21.205,33297.0
2017-04-19 11:40:00,EXEL,21.205,21.285,21.205,21.28,23001.0
2017-04-19 11:45:00,EXEL,21.28,21.28,21.225,21.225,9294.0
2017-04-19 11:50:00,EXEL,21.225,21.255,21.225,21.255,19468.0
2017-04-19 11:55:00,EXEL,21.255,21.255,21.185,21.185,10130.0
2017-04-19 12:10:00,EXEL,21.185,21.195,21.075,21.075,88932.0
2017-04-19 12:15:00,EXEL,21.075,21.075,21.035,21.065,39440.0
2017-04-19 12:20:00,EXEL,21.065,21.065,21.005,21.015,18359.0
2017-04-19 12:25:00,EXEL,21.015,21.055,20.995,21.035,25505.0
2017-04-19 12:30:00,EXEL,21.035,21.065,21.025,21.055,10135.0
2017-04-19 12:35:00,EXEL,21.055,21.055,21.045,21.055,8503.0
2017-04-19 12:40:00,EXEL,21.055,21.055,21.025,21.035,9510.0
2017-04-19 12:45:00,EXEL,21.035,21.065,21.035,21.055,11816.0
2017-04-19 12:50:00,EXEL,21.055,21.065,21.035,21.035,25270.0
2017-04-19 12:55:00,EXEL,21.035,21.055,21.015,21.055,11030.0
2017-04-19 13:00:00,EXEL,21.055,21.115,21.055,21.115,15321.0
2017-04-19 13:05:00,EXEL,21.115,21.135,21.105,21.105,11070.0
2017-04-19 13:10:00,EXEL,21.105,21.105,21.025,21.025,11875.0
2017-04-19 13:15:00,EXEL,21.025,21.04,21.005,21.025,13357.0
2017-04-19 13:20:00,EXEL,21.025,21.045,21.015,21.025,7348.0
2017-04-19 13:25:00,EXEL,21.025,21.085,21.025,21.085,7064.0
2017-04-19 13:30:00,EXEL,21.085,21.085,21.065,21.075,12382.0
2017-04-19 13:35:00,EXEL,21.075,21.085,21.065,21.065,11784.0
2017-04-19 13:40:00,EXEL,21.065,21.075,21.065,21.065,8066.0
2017-04-19 13:45:00,EXEL,21.065,21.095,21.045,21.085,22038.0
2017-04-19 13:50:00,EXEL,21.085,21.105,21.07,21.095,10183.0
2017-04-19 13:55:00,EXEL,21.095,21.145,21.095,21.125,11287.0
2017-04-19 14:00:00,EXEL,21.125,21.135,21.085,21.125,15357.0
2017-04-19 14:05:00,EXEL,21.125,21.145,21.125,21.145,14042.0
2017-04-19 14:10:00,EXEL,21.145,21.145,21.105,21.125,10313.0
2017-04-19 14:15:00,EXEL,21.125,21.125,21.095,21.095,8947.0
2017-04-19 14:20:00,EXEL,21.095,21.095,21.045,21.065,23635.0
2017-04-19 14:25:00,EXEL,21.065,21.065,21.035,21.045,17486.0
2017-04-19 14:30:00,EXEL,21.045,21.125,21.045,21.115,13233.0
2017-04-19 14:35:00,EXEL,21.115,21.135,21.105,21.125,20057.0
2017-04-19 14:40:00,EXEL,21.125,21.145,21.11,21.125,27059.0
2017-04-19 14:45:00,EXEL,21.125,21.135,21.125,21.125,6170.0
2017-04-19 14:50:00,EXEL,21.125,21.125,21.095,21.095,17124.0
2017-04-19 14:55:00,EXEL,21.095,21.095,21.045,21.065,22987.0
2017-04-19 15:00:00,EXEL,21.065,21.115,21.065,21.075,16091.0
2017-04-19 15:05:00,EXEL,21.075,21.075,21.045,21.045,19210.0
2017-04-19 15:10:00,EXEL,21.045,21.055,21.015,21.055,21673.0
2017-04-19 15:15:00,EXEL,21.055,21.125,21.055,21.105,33873.0
2017-04-19 15:20:00,EXEL,21.105,21.145,21.105,21.145,35958.0
2017-04-19 15:25:00,EXEL,21.145,21.145,21.055,21.085,41395.0
2017-04-19 15:30:00,EXEL,21.085,21.105,21.035,21.045,31631.0
2017-04-19 15:35:00,EXEL,21.045,21.065,21.005,21.025,46978.0
2017-04-19 15:40:00,EXEL,21.025,21.105,21.025,21.105,42564.0
2017-04-19 15:45:00,EXEL,21.105,21.145,21.085,21.135,60668.0
2017-04-19 15:50:00,EXEL,21.135,21.145,21.115,21.125,38148.0
2017-04-19 15:55:00,EXEL,21.125,21.125,21.095,21.105,89445.0
2017-04-19 16:00:00,EXEL,21.105,21.105,21.045,21.045,217922.0
2017-04-19 16:05:00,EXEL,21.045,21.07,21.045,21.06,86654.0
2017-04-19 16:10:00,EXEL,21.06,21.36,21.06,21.105,1000.0
2017-04-19 16:15:00,EXEL,21.105,21.11,21.025,21.025,3400.0
2017-04-19 16:20:00,EXEL,21.025,21.025,21.025,21.025,2431.0
2017-04-19 16:25:00,EXEL,21.025,21.025,21.025,21.025,734.0
2017-04-19 16:30:00,EXEL,21.025,21.025,21.025,21.025,0.0
2017-04-19 16:35:00,EXEL,21.025,21.025,21.025,21.025,1202.0
2017-04-19 16:40:00,EXEL,21.025,21.025,21.025,21.025,0.0
2017-04-19 16:45:00,EXEL,21.025,21.025,21.025,21.025,0.0
2017-04-19 16:50:00,EXEL,21.025,21.025,20.72,20.72,100.0
2017-04-19 16:55:00,EXEL,20.72,20.72,20.72,20.72,0.0
2017-04-19 17:00:00,EXEL,20.72,20.72,20.72,20.72,0.0
2017-04-19 17:05:00,EXEL,20.72,20.72,20.72,20.72,0.0
2017-04-19 17:10:00,EXEL,20.72,20.72,20.72,20.72,0.0
2017-04-19 17:15:00,EXEL,20.72,20.72,20.72,20.72,0.0
2017-04-19 17:20:00,EXEL,20.72,20.72,20.72,20.72,0.0
2017-04-19 17:25:00,EXEL,20.72,20.72,20.72,20.72,0.0
2017-04-19 17:30:00,EXEL,20.72,20.72,20.72,20.72,0.0
2017-04-19 17:35:00,EXEL,20.72,20.72,20.72,20.72,0.0
2017-04-19 17:40:00,EXEL,20.72,20.72,20.72,20.72,0.0
2017-04-19 17:45:00,EXEL,20.72,20.72,20.72,20.72,0.0
2017-04-19 17:50:00,EXEL,20.72,20.72,20.72,20.72,0.0
2017-04-19 17:55:00,EXEL,20.72,20.72,20.72,20.72,0.0
2017-04-19 18:00:00,EXEL,20.72,20.72,20.72,20.72,0.0
2017-04-19 18:05:00,EXEL,20.72,20.72,20.72,20.72,0.0
2017-04-19 18:10:00,EXEL,20.72,20.72,20.72,20.72,0.0
2017-04-19 18:15:00,EXEL,20.72,20.72,20.72,20.72,0.0
2017-04-19 18:20:00,EXEL,20.72,20.72,20.72,20.72,0.0
2017-04-19 18:25:00,EXEL,20.72,20.72,20.72,20.72,0.0
2017-04-19 18:30:00,EXEL,20.72,20.72,20.72,20.72,0.0
2017-04-19 18:35:00,EXEL,20.72,20.72,20.72,20.72,0.0
2017-04-19 18:40:00,EXEL,20.72,20.72,20.72,20.72,0.0
2017-04-19 18:45:00,EXEL,20.72,20.72,20.72,20.72,0.0
2017-04-19 18:50:00,EXEL,20.72,20.72,20.72,20.72,0.0
2017-04-19 18:55:00,EXEL,20.72,20.72,20.72,20.72,0.0
2017-04-19 19:00:00,EXEL,20.72,20.72,20.72,20.72,0.0
2017-04-19 19:05:00,EXEL,20.72,20.72,20.72,20.72,0.0
2017-04-19 19:10:00,EXEL,20.72,20.72,20.72,20.72,0.0
2017-04-19 19:15:00,EXEL,20.72,20.72,20.72,20.72,0.0
2017-04-19 19:20:00,EXEL,20.72,20.72,20.72,20.72,0.0
2017-04-19 19:25:00,EXEL,20.72,20.72,20.72,20.72,0.0
2017-04-19 19:30:00,EXEL,20.72,20.72,20.72,20.72,0.0
2017-04-19 19:35:00,EXEL,20.72,20.72,20.72,20.72,0.0
2017-04-19 19:40:00,EXEL,20.72,20.72,20.72,20.72,0.0
2017-04-19 19:45:00,EXEL,20.72,20.72,20.72,20.72,0.0
2017-04-19 19:50:00,EXEL,20.72,20.72,20.72,20.72,0.0
2017-04-19 19:55:00,EXEL,20.72,20.72,20.72,20.72,0.0
2017-04-19 20:00:00,EXEL,20.72,20.72,20.72,20.72,0.0
2017-04-19 20:05:00,EXEL,20.72,20.91,20.72,20.755,0.0
2017-04-19 20:10:00,EXEL,20.755,20.755,20.755,20.755,0.0
2017-04-19 20:15:00,EXEL,20.755,20.755,20.755,20.755,0.0
2017-04-19 20:20:00,EXEL,20.755,20.755,20.755,20.755,0.0
2017-04-19 20:25:00,EXEL,20.755,20.755,20.755,20.755,0.0
2017-04-19 20:30:00,EXEL,20.755,20.755,20.755,20.755,0.0
2017-04-19 20:35:00,EXEL,20.755,20.755,20.755,20.755,0.0
2017-04-19 20:40:00,EXEL,20.755,20.755,20.755,20.755,0.0
2017-04-19 20:45:00,EXEL,20.755,20.755,20.755,20.755,0.0
2017-04-19 20:50:00,EXEL,20.755,20.755,20.755,20.755,0.0
2017-04-19 20:55:00,EXEL,20.755,20.755,20.755,20.755,0.0
2017-04-20 08:00:00,EXEL,20.485,20.485,20.485,20.485,0.0
2017-04-20 08:05:00,EXEL,20.485,20.91,20.485,20.91,0.0
2017-04-20 08:10:00,EXEL,20.91,20.91,20.91,20.91,0.0
2017-04-20 08:15:00,EXEL,20.91,20.91,20.88,20.88,0.0
2017-04-20 08:20:00,EXEL,20.88,20.88,20.88,20.88,0.0
2017-04-20 08:25:00,EXEL,20.88,20.88,20.88,20.88,0.0
2017-04-20 08:30:00,EXEL,20.88,20.88,20.88,20.88,0.0
2017-04-20 08:35:00,EXEL,20.88,20.88,20.88,20.88,0.0
2017-04-20 08:40:00,EXEL,20.88,20.88,20.88,20.88,0.0
2017-04-20 08:45:00,EXEL,20.88,20.88,20.88,20.88,0.0
2017-04-20 08:50:00,EXEL,20.88,20.88,20.88,20.88,0.0
2017-04-20 08:55:00,EXEL,20.88,20.88,20.88,20.88,0.0
2017-04-20 09:00:00,EXEL,20.88,20.88,20.88,20.88,0.0
2017-04-20 09:05:00,EXEL,20.88,20.88,20.88,20.88,0.0
2017-04-20 09:10:00,EXEL,20.88,20.88,20.88,20.88,0.0
2017-04-20 09:15:00,EXEL,20.88,20.88,20.88,20.88,0.0
2017-04-20 09:20:00,EXEL,20.88,20.88,20.88,20.88,0.0
2017-04-20 09:25:00,EXEL,20.88,20.88,20.69,20.88,0.0
2017-04-20 09:30:00,EXEL,20.88,21.26,20.88,21.095,0.0
2017-04-20 09:35:00,EXEL,21.095,21.355,21.025,21.285,33095.0
2017-04-20 09:40:00,EXEL,21.285,21.295,21.07,21.1,33355.0
2017-04-20 09:45:00,EXEL,21.1,21.13,20.985,21.005,48493.0
2017-04-20 09:50:00,EXEL,21.005,21.025,20.905,21.02,30214.0
2017-04-20 09:55:00,EXEL,21.02,21.095,20.97,21.095,33356.0
2017-04-20 10:00:00,EXEL,21.095,21.165,21.075,21.165,28048.0
2017-04-20 10:05:00,EXEL,21.165,21.22,21.115,21.185,66619.0
2017-04-20 10:10:00,EXEL,21.185,21.21,21.135,21.195,19592.0
2017-04-20 10:15:00,EXEL,21.195,21.225,21.125,21.195,34672.0
2017-04-20 10:20:00,EXEL,21.195,21.195,21.095,21.105,18800.0
2017-04-20 10:25:00,EXEL,21.105,21.105,21.015,21.08,16429.0
2017-04-20 10:30:00,EXEL,21.08,21.095,21.055,21.075,14069.0
2017-04-20 10:35:00,EXEL,21.075,21.085,20.995,21.045,39084.0
2017-04-20 10:40:00,EXEL,21.045,21.075,21.005,21.075,35029.0
2017-04-20 10:45:00,EXEL,21.075,21.175,21.065,21.165,41905.0
2017-04-20 10:50:00,EXEL,21.165,21.175,21.095,21.125,22117.0
2017-04-20 10:55:00,EXEL,21.125,21.135,21.085,21.085,9686.0
2017-04-20 11:00:00,EXEL,21.085,21.105,21.045,21.055,15313.0
2017-04-20 11:05:00,EXEL,21.055,21.065,21.015,21.065,23428.0
2017-04-20 11:10:00,EXEL,21.065,21.105,21.035,21.105,15916.0
2017-04-20 11:15:00,EXEL,21.105,21.115,21.095,21.105,15707.0
2017-04-20 11:20:00,EXEL,21.105,21.115,21.085,21.105,18929.0
2017-04-20 11:25:00,EXEL,21.105,21.105,21.085,21.105,11824.0
2017-04-20 11:30:00,EXEL,21.105,21.105,21.085,21.085,12850.0
2017-04-20 11:35:00,EXEL,21.085,21.105,21.075,21.105,12157.0
2017-04-20 11:40:00,EXEL,21.105,21.105,21.065,21.065,23083.0
2017-04-20 11:45:00,EXEL,21.065,21.085,21.025,21.075,26343.0
2017-04-20 11:50:00,EXEL,21.075,21.095,21.045,21.085,28547.0
2017-04-20 11:55:00,EXEL,21.085,21.085,21.015,21.015,11568.0
2017-04-20 12:00:00,EXEL,21.015,21.025,20.955,20.965,41088.0
2017-04-20 12:05:00,EXEL,20.965,21.065,20.965,21.005,50959.0
2017-04-20 12:10:00,EXEL,21.005,21.055,21.005,21.055,10043.0
2017-04-20 12:15:00,EXEL,21.055,21.085,21.045,21.075,5712.0
2017-04-20 12:20:00,EXEL,21.075,21.105,21.075,21.095,37348.0
2017-04-20 12:25:00,EXEL,21.095,21.105,21.065,21.065,15544.0
2017-04-20 12:30:00,EXEL,21.065,21.075,21.035,21.035,8091.0
2017-04-20 12:35:00,EXEL,21.035,21.085,21.035,21.065,14132.0
2017-04-20 12:40:00,EXEL,21.065,21.065,21.035,21.065,7990.0
2017-04-20 12:45:00,EXEL,21.065,21.095,21.055,21.095,6909.0
2017-04-20 12:50:00,EXEL,21.095,21.11,21.075,21.105,20667.0
2017-04-20 12:55:00,EXEL,21.105,21.155,21.095,21.155,30337.0
2017-04-20 13:00:00,EXEL,21.155,21.155,21.145,21.145,12635.0
2017-04-20 13:05:00,EXEL,21.145,21.165,21.145,21.155,6396.0
2017-04-20 13:10:00,EXEL,21.155,21.155,21.115,21.115,8271.0
2017-04-20 13:15:00,EXEL,21.115,21.115,21.085,21.085,9716.0
2017-04-20 13:20:00,EXEL,21.085,21.095,21.055,21.055,13538.0
2017-04-20 13:25:00,EXEL,21.055,21.055,21.045,21.055,12447.0
2017-04-20 13:30:00,EXEL,21.055,21.145,21.055,21.135,45211.0
2017-04-20 13:35:00,EXEL,21.135,21.135,21.115,21.115,18619.0
2017-04-20 13:40:00,EXEL,21.115,21.155,21.085,21.155,20081.0
2017-04-20 13:45:00,EXEL,21.155,21.165,21.135,21.165,13033.0
2017-04-20 13:50:00,EXEL,21.165,21.175,21.155,21.155,12069.0
2017-04-20 13:55:00,EXEL,21.155,21.165,21.145,21.145,13523.0
2017-04-20 14:00:00,EXEL,21.145,21.165,21.115,21.115,16036.0
2017-04-20 14:05:00,EXEL,21.115,21.135,21.095,21.125,14206.0
2017-04-20 14:10:00,EXEL,21.125,21.155,21.115,21.155,13145.0
2017-04-20 14:15:00,EXEL,21.155,21.175,21.145,21.175,14743.0
2017-04-20 14:20:00,EXEL,21.175,21.2,21.175,21.175,13481.0
2017-04-20 14:25:00,EXEL,21.175,21.225,21.175,21.205,26747.0
2017-04-20 14:30:00,EXEL,21.205,21.225,21.195,21.205,31468.0
2017-04-20 14:35:00,EXEL,21.205,21.245,21.205,21.235,9506.0
2017-04-20 14:40:00,EXEL,21.235,21.265,21.235,21.255,14587.0
2017-04-20 14:45:00,EXEL,21.255,21.265,21.235,21.235,7453.0
2017-04-20 14:50:00,EXEL,21.235,21.245,21.235,21.235,6089.0
2017-04-20 14:55:00,EXEL,21.235,21.245,21.235,21.235,7889.0
2017-04-20 15:00:00,EXEL,21.235,21.285,21.225,21.285,33926.0
2017-04-20 15:05:00,EXEL,21.285,21.285,21.225,21.255,16814.0
2017-04-20 15:10:00,EXEL,21.255,21.285,21.255,21.275,21227.0
2017-04-20 15:15:00,EXEL,21.275,21.325,21.275,21.315,40249.0
2017-04-20 15:20:00,EXEL,21.315,21.315,21.225,21.255,35396.0
2017-04-20 15:25:00,EXEL,21.255,21.255,21.245,21.255,32150.0
2017-04-20 15:30:00,EXEL,21.255,21.255,21.235,21.245,27141.0
2017-04-20 15:35:00,EXEL,21.245,21.295,21.245,21.285,40516.0
2017-04-20 15:40:00,EXEL,21.285,21.285,21.265,21.275,19080.0
2017-04-20 15:45:00,EXEL,21.275,21.275,21.245,21.245,26198.0
2017-04-20 15:50:00,EXEL,21.245,21.305,21.225,21.305,49739.0
2017-04-20 15:55:00,EXEL,21.305,21.33,21.285,21.295,59160.0
2017-04-20 16:00:00,EXEL,21.295,21.315,21.295,21.315,151166.0
2017-04-20 16:05:00,EXEL,21.315,21.325,21.29,21.295,146981.0
2017-04-20 16:10:00,EXEL,21.295,21.42,21.295,21.355,0.0
2017-04-20 16:15:00,EXEL,21.355,21.36,21.245,21.245,707.0
2017-04-20 16:20:00,EXEL,21.245,21.25,21.245,21.245,12315.0
2017-04-20 16:25:00,EXEL,21.245,21.25,21.245,21.245,0.0
2017-04-20 16:30:00,EXEL,21.245,21.25,21.245,21.245,0.0
2017-04-20 16:35:00,EXEL,21.245,21.25,21.245,21.245,1370.0
2017-04-20 16:40:00,EXEL,21.245,21.25,21.245,21.245,0.0
2017-04-20 16:45:00,EXEL,21.245,21.25,21.245,21.245,0.0
2017-04-20 16:50:00,EXEL,21.245,21.25,21.245,21.245,0.0
2017-04-20 16:55:00,EXEL,21.245,21.25,21.245,21.245,0.0
2017-04-20 17:00:00,EXEL,21.245,21.25,21.245,21.245,0.0
2017-04-20 17:05:00,EXEL,21.245,21.25,21.245,21.245,0.0
2017-04-20 17:10:00,EXEL,21.245,21.245,21.245,21.245,0.0
2017-04-20 17:15:00,EXEL,21.245,21.245,21.245,21.245,0.0
2017-04-20 17:20:00,EXEL,21.245,21.245,21.245,21.245,0.0
2017-04-20 17:25:00,EXEL,21.245,21.245,21.245,21.245,0.0
2017-04-20 17:30:00,EXEL,21.245,21.245,21.245,21.245,0.0
2017-04-20 17:35:00,EXEL,21.245,21.245,21.245,21.245,0.0
2017-04-20 17:40:00,EXEL,21.245,21.245,21.245,21.245,0.0
2017-04-20 17:45:00,EXEL,21.245,21.245,21.245,21.245,0.0
2017-04-20 17:50:00,EXEL,21.245,21.245,21.245,21.245,0.0
2017-04-20 17:55:00,EXEL,21.245,21.245,21.245,21.245,0.0
2017-04-20 18:00:00,EXEL,21.245,21.245,21.245,21.245,0.0
2017-04-20 18:05:00,EXEL,21.245,21.245,21.245,21.245,0.0
2017-04-20 18:10:00,EXEL,21.245,21.245,21.245,21.245,0.0
2017-04-20 18:15:00,EXEL,21.245,21.245,21.245,21.245,0.0
2017-04-20 18:20:00,EXEL,21.245,21.245,21.245,21.245,0.0
2017-04-20 18:25:00,EXEL,21.245,21.245,21.245,21.245,0.0
2017-04-20 18:30:00,EXEL,21.245,21.245,21.245,21.245,0.0
2017-04-20 18:35:00,EXEL,21.245,21.245,21.245,21.245,0.0
2017-04-20 18:40:00,EXEL,21.245,21.245,21.245,21.245,0.0
2017-04-20 18:45:00,EXEL,21.245,21.245,21.245,21.245,0.0
2017-04-20 18:50:00,EXEL,21.245,21.245,21.245,21.245,0.0
2017-04-20 18:55:00,EXEL,21.245,21.245,21.245,21.245,0.0
2017-04-20 19:00:00,EXEL,21.245,21.245,21.245,21.245,0.0
2017-04-20 19:05:00,EXEL,21.245,21.245,21.245,21.245,0.0
2017-04-20 19:10:00,EXEL,21.245,21.245,21.245,21.245,0.0
2017-04-20 19:15:00,EXEL,21.245,21.245,21.245,21.245,0.0
2017-04-20 19:20:00,EXEL,21.245,21.245,21.245,21.245,0.0
2017-04-20 19:25:00,EXEL,21.245,21.245,21.245,21.245,0.0
2017-04-20 19:30:00,EXEL,21.245,21.245,21.245,21.245,0.0
2017-04-20 19:35:00,EXEL,21.245,21.245,21.245,21.245,0.0
2017-04-20 19:40:00,EXEL,21.245,21.245,21.245,21.245,0.0
2017-04-20 19:45:00,EXEL,21.245,21.245,21.245,21.245,0.0
2017-04-20 19:50:00,EXEL,21.245,21.245,21.245,21.245,0.0
2017-04-20 19:55:00,EXEL,21.245,21.245,21.245,21.245,0.0
2017-04-20 20:00:00,EXEL,21.245,21.245,21.245,21.245,0.0
2017-04-20 20:05:00,EXEL,21.245,21.41,20.485,20.485,0.0
2017-04-20 20:10:00,EXEL,20.485,20.485,20.485,20.485,0.0
2017-04-20 20:15:00,EXEL,20.485,20.485,20.485,20.485,0.0
2017-04-20 20:20:00,EXEL,20.485,20.485,20.485,20.485,0.0
2017-04-20 20:25:00,EXEL,20.485,20.485,20.485,20.485,0.0
2017-04-20 20:30:00,EXEL,20.485,20.485,20.485,20.485,0.0
2017-04-20 20:35:00,EXEL,20.485,20.485,20.485,20.485,0.0
2017-04-20 20:40:00,EXEL,20.485,20.485,20.485,20.485,0.0
2017-04-20 20:45:00,EXEL,20.485,20.485,20.485,20.485,0.0
2017-04-20 20:50:00,EXEL,20.485,20.485,20.485,20.485,0.0
2017-04-20 20:55:00,EXEL,20.485,20.485,20.485,20.485,0.0
2017-04-21 08:00:00,EXEL,21.41,21.41,21.41,21.41,0.0
2017-04-21 08:05:00,EXEL,21.41,21.41,21.41,21.41,0.0
2017-04-21 08:10:00,EXEL,21.41,21.41,21.41,21.41,0.0
2017-04-21 08:15:00,EXEL,21.41,21.41,21.405,21.41,0.0
2017-04-21 08:20:00,EXEL,21.41,21.41,21.41,21.41,0.0
2017-04-21 08:25:00,EXEL,21.41,21.41,21.41,21.41,0.0
2017-04-21 08:30:00,EXEL,21.41,21.41,21.41,21.41,0.0
2017-04-21 08:35:00,EXEL,21.41,21.41,21.33,21.33,0.0
2017-04-21 08:40:00,EXEL,21.33,21.33,21.33,21.33,0.0
2017-04-21 08:45:00,EXEL,21.33,21.33,21.33,21.33,0.0
2017-04-21 08:50:00,EXEL,21.33,21.33,21.33,21.33,0.0
2017-04-21 08:55:00,EXEL,21.33,21.33,21.33,21.33,0.0
2017-04-21 09:00:00,EXEL,21.33,21.33,21.33,21.33,0.0
2017-04-21 09:05:00,EXEL,21.33,21.33,21.33,21.33,0.0
2017-04-21 09:10:00,EXEL,21.33,21.33,21.33,21.33,0.0
2017-04-21 09:15:00,EXEL,21.33,21.335,21.33,21.335,0.0
2017-04-21 09:20:00,EXEL,21.335,21.335,21.335,21.335,1.0
2017-04-21 09:25:00,EXEL,21.335,21.335,21.33,21.335,0.0
2017-04-21 09:30:00,EXEL,21.335,21.425,21.29,21.29,68.0
2017-04-21 09:35:00,EXEL,21.29,21.29,21.15,21.25,110399.0
2017-04-21 09:40:00,EXEL,21.25,21.335,21.245,21.33,20523.0
2017-04-21 09:45:00,EXEL,21.33,21.36,21.315,21.355,38644.0
2017-04-21 09:50:00,EXEL,21.355,21.45,21.35,21.44,21136.0
2017-04-21 09:55:00,EXEL,21.44,21.495,21.415,21.485,33957.0
2017-04-21 10:00:00,EXEL,21.485,21.545,21.485,21.535,55058.0
2017-04-21 10:05:00,EXEL,21.535,21.615,21.535,21.615,42173.0
2017-04-21 10:10:00,EXEL,21.615,21.675,21.595,21.67,60196.0
2017-04-21 10:20:00,EXEL,21.67,21.74,21.67,21.73,69842.0
2017-04-21 10:25:00,EXEL,21.73,21.795,21.73,21.755,583987.0
2017-04-21 10:30:00,EXEL,21.755,21.845,21.745,21.765,94346.0
2017-04-21 10:35:00,EXEL,21.765,21.795,21.735,21.75,124443.0
2017-04-21 10:40:00,EXEL,21.75,21.805,21.575,21.585,129913.0
2017-04-21 10:45:00,EXEL,21.585,21.61,21.495,21.53,78941.0
2017-04-21 10:50:00,EXEL,21.53,21.555,21.465,21.47,50697.0
2017-04-21 10:55:00,EXEL,21.47,21.485,21.405,21.44,41411.0
2017-04-21 11:00:00,EXEL,21.44,21.44,21.325,21.345,86647.0
2017-04-21 11:05:00,EXEL,21.345,21.345,21.205,21.205,30898.0
2017-04-21 11:10:00,EXEL,21.205,21.265,21.17,21.175,48555.0
2017-04-21 11:15:00,EXEL,21.175,21.195,21.155,21.185,37120.0
2017-04-21 11:20:00,EXEL,21.185,21.205,21.105,21.105,49720.0
2017-04-21 11:25:00,EXEL,21.105,21.155,21.105,21.115,23182.0
2017-04-21 11:30:00,EXEL,21.115,21.165,21.105,21.125,30292.0
2017-04-21 11:35:00,EXEL,21.125,21.135,21.075,21.105,25988.0
2017-04-21 11:40:00,EXEL,21.105,21.135,21.095,21.095,29257.0
2017-04-21 11:45:00,EXEL,21.095,21.115,21.035,21.095,52212.0
2017-04-21 11:50:00,EXEL,21.095,21.125,21.085,21.125,31823.0
2017-04-21 11:55:00,EXEL,21.125,21.195,21.125,21.175,34240.0
2017-04-21 12:00:00,EXEL,21.175,21.225,21.175,21.195,23092.0
2017-04-21 12:05:00,EXEL,21.195,21.195,21.145,21.145,9527.0
2017-04-21 12:10:00,EXEL,21.145,21.145,21.115,21.115,11346.0
2017-04-21 12:15:00,EXEL,21.115,21.125,21.035,21.035,15725.0
2017-04-21 12:20:00,EXEL,21.035,21.075,21.03,21.045,20049.0
2017-04-21 12:25:00,EXEL,21.045,21.055,20.995,20.995,18952.0
2017-04-21 12:30:00,EXEL,20.995,21.005,20.945,20.955,22651.0
2017-04-21 12:35:00,EXEL,20.955,20.995,20.945,20.995,16409.0
2017-04-21 12:40:00,EXEL,20.995,20.995,20.965,20.975,8647.0
2017-04-21 12:45:00,EXEL,20.975,21.065,20.975,21.025,24782.0
2017-04-21 12:50:00,EXEL,21.025,21.065,21.015,21.065,20437.0
2017-04-21 12:55:00,EXEL,21.065,21.125,21.055,21.085,48731.0
2017-04-21 13:00:00,EXEL,21.085,21.085,21.075,21.075,9031.0
2017-04-21 13:05:00,EXEL,21.075,21.085,21.075,21.085,13051.0
2017-04-21 13:10:00,EXEL,21.085,21.095,21.085,21.095,17850.0
2017-04-21 13:15:00,EXEL,21.095,21.105,21.065,21.085,29996.0
2017-04-21 13:20:00,EXEL,21.085,21.085,21.055,21.055,26955.0
2017-04-21 13:25:00,EXEL,21.055,21.125,21.055,21.125,8030.0
2017-04-21 13:30:00,EXEL,21.125,21.125,21.085,21.095,16948.0
2017-04-21 13:35:00,EXEL,21.095,21.095,21.035,21.035,18148.0
2017-04-21 13:40:00,EXEL,21.035,21.035,20.995,21.015,14927.0
2017-04-21 13:45:00,EXEL,21.015,21.035,21.015,21.025,13761.0
2017-04-21 13:50:00,EXEL,21.025,21.035,21.015,21.025,9552.0
2017-04-21 13:55:00,EXEL,21.025,21.05,21.025,21.045,13265.0
2017-04-21 14:00:00,EXEL,21.045,21.125,21.045,21.125,27959.0
2017-04-21 14:05:00,EXEL,21.125,21.125,21.075,21.075,16397.0
2017-04-21 14:10:00,EXEL,21.075,21.085,21.065,21.065,14545.0
2017-04-21 14:15:00,EXEL,21.065,21.085,21.045,21.075,17994.0
2017-04-21 14:20:00,EXEL,21.075,21.075,21.055,21.075,16905.0
2017-04-21 14:25:00,EXEL,21.075,21.095,21.075,21.095,24074.0
2017-04-21 14:30:00,EXEL,21.095,21.135,21.095,21.095,21016.0
2017-04-21 14:35:00,EXEL,21.095,21.095,21.075,21.095,11647.0
2017-04-21 14:40:00,EXEL,21.095,21.105,21.075,21.105,19222.0
2017-04-21 14:45:00,EXEL,21.105,21.105,21.065,21.065,15405.0
2017-04-21 14:50:00,EXEL,21.065,21.115,21.065,21.085,24374.0
2017-04-21 14:55:00,EXEL,21.085,21.085,21.045,21.045,23722.0
2017-04-21 15:00:00,EXEL,21.045,21.045,21.015,21.015,69695.0
2017-04-21 15:05:00,EXEL,21.015,21.055,21.01,21.045,68083.0
2017-04-21 15:10:00,EXEL,21.045,21.055,20.995,21.025,87011.0
2017-04-21 15:15:00,EXEL,21.025,21.065,21.005,21.065,24322.0
2017-04-21 15:20:00,EXEL,21.065,21.065,21.035,21.035,24801.0
2017-04-21 15:25:00,EXEL,21.035,21.035,21.015,21.025,55643.0
2017-04-21 15:30:00,EXEL,21.025,21.035,21.015,21.015,19447.0
2017-04-21 15:35:00,EXEL,21.015,21.015,20.985,20.985,51329.0
2017-04-21 15:40:00,EXEL,20.985,21.005,20.975,20.985,45955.0
2017-04-21 15:45:00,EXEL,20.985,20.995,20.985,20.995,27871.0
2017-04-21 15:50:00,EXEL,20.995,21.055,20.985,21.055,90107.0
2017-04-21 15:55:00,EXEL,21.055,21.055,20.985,20.985,87932.0
2017-04-21 16:00:00,EXEL,20.985,20.995,20.975,20.985,231025.0
2017-04-21 16:05:00,EXEL,20.985,20.995,20.965,20.965,249783.0
2017-04-21 16:10:00,EXEL,20.965,20.965,20.875,20.875,33711.0
2017-04-21 16:15:00,EXEL,20.875,20.88,20.875,20.875,3567.0
2017-04-21 16:20:00,EXEL,20.875,20.88,20.875,20.875,0.0
2017-04-21 16:25:00,EXEL,20.875,20.88,20.875,20.875,0.0
2017-04-21 16:30:00,EXEL,20.875,20.88,20.875,20.875,16486.0
2017-04-21 16:35:00,EXEL,20.875,20.88,20.875,20.875,0.0
2017-04-21 16:40:00,EXEL,20.875,20.88,20.875,20.875,0.0
2017-04-21 16:45:00,EXEL,20.875,20.88,20.875,20.875,0.0
2017-04-21 16:50:00,EXEL,20.875,20.88,20.875,20.875,0.0
2017-04-21 16:55:00,EXEL,20.875,20.995,20.875,20.995,0.0
2017-04-21 17:00:00,EXEL,20.995,20.995,20.875,20.875,14.0
2017-04-21 17:05:00,EXEL,20.875,20.93,20.875,20.925,0.0
2017-04-21 17:10:00,EXEL,20.925,20.93,20.925,20.925,0.0
2017-04-21 17:15:00,EXEL,20.925,20.93,20.925,20.925,0.0
2017-04-21 17:20:00,EXEL,20.925,20.925,20.925,20.925,0.0
2017-04-21 17:25:00,EXEL,20.925,20.925,20.925,20.925,0.0
2017-04-21 17:30:00,EXEL,20.925,20.925,20.925,20.925,0.0
2017-04-21 17:35:00,EXEL,20.925,20.925,20.925,20.925,0.0
2017-04-21 17:40:00,EXEL,20.925,20.925,20.925,20.925,0.0
2017-04-21 17:45:00,EXEL,20.925,20.925,20.925,20.925,0.0
2017-04-21 17:50:00,EXEL,20.925,20.925,20.925,20.925,0.0
2017-04-21 17:55:00,EXEL,20.925,20.925,20.925,20.925,0.0
2017-04-21 18:00:00,EXEL,20.925,20.925,20.925,20.925,0.0
2017-04-21 18:05:00,EXEL,20.925,20.925,20.925,20.925,0.0
2017-04-21 18:10:00,EXEL,20.925,20.925,20.925,20.925,0.0
2017-04-21 18:15:00,EXEL,20.925,20.925,20.925,20.925,0.0
2017-04-21 18:20:00,EXEL,20.925,20.925,20.925,20.925,0.0
2017-04-21 18:25:00,EXEL,20.925,20.925,20.925,20.925,0.0
2017-04-21 18:30:00,EXEL,20.925,20.925,20.925,20.925,0.0
2017-04-21 18:35:00,EXEL,20.925,20.925,20.925,20.925,0.0
2017-04-21 18:40:00,EXEL,20.925,20.925,20.925,20.925,0.0
2017-04-21 18:45:00,EXEL,20.925,20.925,20.925,20.925,0.0
2017-04-21 18:50:00,EXEL,20.925,20.925,20.925,20.925,0.0
2017-04-21 18:55:00,EXEL,20.925,20.925,20.925,20.925,0.0
2017-04-21 19:00:00,EXEL,20.925,20.925,20.925,20.925,0.0
2017-04-21 19:05:00,EXEL,20.925,20.925,20.925,20.925,0.0
2017-04-21 19:10:00,EXEL,20.925,20.925,20.925,20.925,0.0
2017-04-21 19:15:00,EXEL,20.925,20.925,20.925,20.925,0.0
2017-04-21 19:20:00,EXEL,20.925,20.925,20.925,20.925,0.0
2017-04-21 19:25:00,EXEL,20.925,20.925,20.925,20.925,0.0
2017-04-21 19:30:00,EXEL,20.925,20.925,20.925,20.925,300.0
2017-04-21 19:35:00,EXEL,20.925,20.93,20.925,20.93,0.0
2017-04-21 19:40:00,EXEL,20.93,20.93,20.93,20.93,0.0
2017-04-21 19:45:00,EXEL,20.93,20.93,20.93,20.93,0.0
2017-04-21 19:50:00,EXEL,20.93,20.93,20.93,20.93,0.0
2017-04-21 19:55:00,EXEL,20.93,20.93,20.93,20.93,0.0
2017-04-21 20:00:00,EXEL,20.93,20.93,20.93,20.93,0.0
2017-04-21 20:05:00,EXEL,20.93,21.38,20.93,21.38,0.0
2017-04-21 20:10:00,EXEL,21.38,21.38,21.38,21.38,0.0
2017-04-21 20:15:00,EXEL,21.38,21.38,21.38,21.38,0.0
2017-04-21 20:20:00,EXEL,21.38,21.38,21.38,21.38,0.0
2017-04-21 20:25:00,EXEL,21.38,21.38,21.38,21.38,0.0
2017-04-21 20:30:00,EXEL,21.38,21.38,21.38,21.38,0.0
2017-04-21 20:35:00,EXEL,21.38,21.38,21.38,21.38,0.0
2017-04-21 20:40:00,EXEL,21.38,21.38,21.38,21.38,0.0
2017-04-21 20:45:00,EXEL,21.38,21.38,21.38,21.38,0.0
2017-04-21 20:50:00,EXEL,21.38,21.38,21.38,21.38,0.0
2017-04-21 20:55:00,EXEL,21.38,21.38,21.38,21.38,0.0
2017-04-22 08:00:00,EXEL,21.38,21.38,21.38,21.38,0.0
2017-04-22 08:05:00,EXEL,21.38,21.38,21.38,21.38,0.0
2017-04-22 08:10:00,EXEL,21.38,21.38,21.38,21.38,0.0
2017-04-22 08:15:00,EXEL,21.38,21.38,21.38,21.38,0.0
2017-04-22 08:20:00,EXEL,21.38,21.38,21.38,21.38,0.0
2017-04-22 08:25:00,EXEL,21.38,21.38,21.38,21.38,0.0
2017-04-22 08:30:00,EXEL,21.38,21.38,21.38,21.38,0.0
2017-04-22 08:35:00,EXEL,21.38,21.38,21.38,21.38,0.0
2017-04-22 08:40:00,EXEL,21.38,21.38,21.38,21.38,0.0
2017-04-22 08:45:00,EXEL,21.38,21.38,21.38,21.38,0.0
2017-04-22 08:50:00,EXEL,21.38,21.38,21.38,21.38,0.0
2017-04-22 08:55:00,EXEL,21.38,21.38,21.38,21.38,0.0
2017-04-22 09:00:00,EXEL,21.38,21.38,21.38,21.38,0.0
2017-04-22 09:05:00,EXEL,21.38,21.38,21.38,21.38,0.0
2017-04-22 09:10:00,EXEL,21.38,21.38,21.38,21.38,0.0
2017-04-22 09:15:00,EXEL,21.38,21.38,21.38,21.38,0.0
2017-04-22 09:20:00,EXEL,21.38,21.38,21.38,21.38,0.0
2017-04-22 09:25:00,EXEL,21.38,21.38,21.38,21.38,0.0
2017-04-22 09:30:00,EXEL,21.38,21.38,21.38,21.38,0.0
2017-04-22 09:35:00,EXEL,21.38,21.38,21.38,21.38,0.0
2017-04-22 09:40:00,EXEL,21.38,21.38,21.38,21.38,0.0
2017-04-22 09:45:00,EXEL,21.38,21.38,21.38,21.38,0.0
2017-04-22 09:50:00,EXEL,21.38,21.38,21.38,21.38,0.0
2017-04-22 09:55:00,EXEL,21.38,21.38,21.38,21.38,0.0
2017-04-22 10:00:00,EXEL,21.38,21.38,21.38,21.38,0.0
2017-04-22 10:05:00,EXEL,21.38,21.38,21.38,21.38,0.0
2017-04-22 10:10:00,EXEL,21.38,21.38,21.38,21.38,0.0
2017-04-22 10:15:00,EXEL,21.38,21.38,21.38,21.38,0.0
2017-04-22 10:20:00,EXEL,21.38,21.38,21.38,21.38,0.0
2017-04-22 10:25:00,EXEL,21.38,21.38,21.38,21.38,0.0
2017-04-22 10:30:00,EXEL,21.38,21.38,21.38,21.38,0.0
2017-04-22 10:35:00,EXEL,21.38,21.38,21.38,21.38,0.0
2017-04-22 10:40:00,EXEL,21.38,21.38,21.38,21.38,0.0
2017-04-22 10:45:00,EXEL,21.38,21.38,21.38,21.38,0.0
2017-04-22 10:50:00,EXEL,21.38,21.38,21.38,21.38,0.0
2017-04-22 10:55:00,EXEL,21.38,21.38,21.38,21.38,0.0
2017-04-22 11:00:00,EXEL,21.38,21.38,21.38,21.38,0.0
2017-04-22 11:05:00,EXEL,21.38,21.38,21.38,21.38,0.0
2017-04-22 11:10:00,EXEL,21.38,21.38,21.38,21.38,0.0
2017-04-22 11:15:00,EXEL,21.38,21.38,21.38,21.38,0.0
2017-04-22 11:20:00,EXEL,21.38,21.38,21.38,21.38,0.0
2017-04-22 11:25:00,EXEL,21.38,21.38,21.38,21.38,0.0
2017-04-22 11:30:00,EXEL,21.38,21.38,21.38,21.38,0.0
2017-04-22 11:35:00,EXEL,21.38,21.38,21.38,21.38,0.0
2017-04-22 11:40:00,EXEL,21.38,21.38,21.38,21.38,0.0
2017-04-22 11:45:00,EXEL,21.38,21.38,21.38,21.38,0.0
2017-04-22 11:50:00,EXEL,21.38,21.38,21.38,21.38,0.0
2017-04-22 11:55:00,EXEL,21.38,21.38,21.38,21.38,0.0
2017-04-22 12:00:00,EXEL,21.38,21.38,21.38,21.38,0.0
2017-04-22 12:05:00,EXEL,21.38,21.38,21.38,21.38,0.0
2017-04-22 12:10:00,EXEL,21.38,21.38,21.38,21.38,0.0
2017-04-22 12:15:00,EXEL,21.38,21.38,21.38,21.38,0.0
2017-04-22 12:20:00,EXEL,21.38,21.38,21.38,21.38,0.0
2017-04-22 12:25:00,EXEL,21.38,21.38,21.38,21.38,0.0
2017-04-22 12:30:00,EXEL,21.38,21.38,21.38,21.38,0.0
2017-04-22 12:35:00,EXEL,21.38,21.38,21.38,21.38,0.0
2017-04-22 12:40:00,EXEL,21.38,21.38,21.38,21.38,0.0
2017-04-22 12:45:00,EXEL,21.38,21.38,21.38,21.38,0.0
2017-04-22 12:50:00,EXEL,21.38,21.38,21.38,21.38,0.0
2017-04-22 12:55:00,EXEL,21.38,21.38,21.38,21.38,0.0
2017-04-22 13:00:00,EXEL,21.38,21.38,21.38,21.38,0.0
2017-04-22 13:05:00,EXEL,21.38,21.38,21.38,21.38,0.0
2017-04-22 13:10:00,EXEL,21.38,21.38,21.38,21.38,0.0
2017-04-22 13:15:00,EXEL,21.38,21.38,21.38,21.38,0.0
2017-04-22 13:20:00,EXEL,21.38,21.38,21.38,21.38,0.0
2017-04-22 13:25:00,EXEL,21.38,21.38,21.38,21.38,0.0
2017-04-22 13:30:00,EXEL,21.38,21.38,21.38,21.38,0.0
2017-04-22 13:35:00,EXEL,21.38,21.38,21.38,21.38,0.0
2017-04-22 13:40:00,EXEL,21.38,21.38,21.38,21.38,0.0
2017-04-22 13:45:00,EXEL,21.38,21.38,21.38,21.38,0.0
2017-04-22 13:50:00,EXEL,21.38,21.38,21.38,21.38,0.0
2017-04-22 13:55:00,EXEL,21.38,21.38,21.38,21.38,0.0
2017-04-22 14:00:00,EXEL,21.38,21.38,21.38,21.38,0.0
2017-04-22 14:05:00,EXEL,21.38,21.38,21.38,21.38,0.0
2017-04-22 14:10:00,EXEL,21.38,21.38,21.38,21.38,0.0
2017-04-22 14:15:00,EXEL,21.38,21.38,21.38,21.38,0.0
2017-04-22 14:20:00,EXEL,21.38,21.38,21.38,21.38,0.0
2017-04-22 14:25:00,EXEL,21.38,21.38,21.38,21.38,0.0
2017-04-22 14:30:00,EXEL,21.38,21.38,21.38,21.38,0.0
2017-04-22 14:35:00,EXEL,21.38,21.38,21.38,21.38,0.0
2017-04-22 14:40:00,EXEL,21.38,21.38,21.38,21.38,0.0
2017-04-22 14:45:00,EXEL,21.38,21.38,21.38,21.38,0.0
2017-04-22 14:50:00,EXEL,21.38,21.38,21.38,21.38,0.0
2017-04-22 14:55:00,EXEL,21.38,21.38,21.38,21.38,0.0
2017-04-22 15:00:00,EXEL,21.38,21.38,21.38,21.38,0.0
2017-04-22 15:05:00,EXEL,21.38,21.38,21.38,21.38,0.0
2017-04-22 15:10:00,EXEL,21.38,21.38,21.38,21.38,0.0
2017-04-22 15:15:00,EXEL,21.38,21.38,21.38,21.38,0.0
2017-04-22 15:20:00,EXEL,21.38,21.38,21.38,21.38,0.0
2017-04-22 15:25:00,EXEL,21.38,21.38,21.38,21.38,0.0
2017-04-22 15:30:00,EXEL,21.38,21.38,21.38,21.38,0.0
2017-04-22 15:35:00,EXEL,21.38,21.38,21.38,21.38,0.0
2017-04-22 15:40:00,EXEL,21.38,21.38,21.38,21.38,0.0
2017-04-22 15:45:00,EXEL,21.38,21.38,21.38,21.38,0.0
2017-04-22 15:50:00,EXEL,21.38,21.38,21.38,21.38,0.0
2017-04-22 15:55:00,EXEL,21.38,21.38,21.38,21.38,0.0
2017-04-22 16:00:00,EXEL,21.38,21.38,21.38,21.38,0.0
2017-04-22 16:05:00,EXEL,21.38,21.38,21.38,21.38,0.0
2017-04-22 16:10:00,EXEL,21.38,21.38,21.38,21.38,0.0
2017-04-22 16:15:00,EXEL,21.38,21.38,21.38,21.38,0.0
2017-04-22 16:20:00,EXEL,21.38,21.38,21.38,21.38,0.0
2017-04-22 16:25:00,EXEL,21.38,21.38,21.38,21.38,0.0
2017-04-22 16:30:00,EXEL,21.38,21.38,21.38,21.38,0.0
2017-04-22 16:35:00,EXEL,21.38,21.38,21.38,21.38,0.0
2017-04-22 16:40:00,EXEL,21.38,21.38,21.38,21.38,0.0
2017-04-22 16:45:00,EXEL,21.38,21.38,21.38,21.38,0.0
2017-04-22 16:50:00,EXEL,21.38,21.38,21.38,21.38,0.0
2017-04-22 16:55:00,EXEL,21.38,21.38,21.38,21.38,0.0
2017-04-22 17:00:00,EXEL,21.38,21.38,21.38,21.38,0.0
2017-04-22 17:05:00,EXEL,21.38,21.38,21.38,21.38,0.0
2017-04-22 17:10:00,EXEL,21.38,21.38,21.38,21.38,0.0
2017-04-22 17:15:00,EXEL,21.38,21.38,21.38,21.38,0.0
2017-04-22 17:20:00,EXEL,21.38,21.38,21.38,21.38,0.0
2017-04-22 17:25:00,EXEL,21.38,21.38,21.38,21.38,0.0
2017-04-22 17:30:00,EXEL,21.38,21.38,21.38,21.38,0.0
2017-04-22 17:35:00,EXEL,21.38,21.38,21.38,21.38,0.0
2017-04-22 17:40:00,EXEL,21.38,21.38,21.38,21.38,0.0
2017-04-22 17:45:00,EXEL,21.38,21.38,21.38,21.38,0.0
2017-04-22 17:50:00,EXEL,21.38,21.38,21.38,21.38,0.0
2017-04-22 17:55:00,EXEL,21.38,21.38,21.38,21.38,0.0
2017-04-22 18:00:00,EXEL,21.38,21.38,21.38,21.38,0.0
2017-04-22 18:05:00,EXEL,21.38,21.38,21.38,21.38,0.0
2017-04-22 18:10:00,EXEL,21.38,21.38,21.38,21.38,0.0
2017-04-22 18:15:00,EXEL,21.38,21.38,21.38,21.38,0.0
2017-04-22 18:20:00,EXEL,21.38,21.38,21.38,21.38,0.0
2017-04-22 18:25:00,EXEL,21.38,21.38,21.38,21.38,0.0
2017-04-22 18:30:00,EXEL,21.38,21.38,21.38,21.38,0.0
2017-04-22 18:35:00,EXEL,21.38,21.38,21.38,21.38,0.0
2017-04-22 18:40:00,EXEL,21.38,21.38,21.38,21.38,0.0
2017-04-22 18:45:00,EXEL,21.38,21.38,21.38,21.38,0.0
2017-04-22 18:50:00,EXEL,21.38,21.38,21.38,21.38,0.0
2017-04-22 18:55:00,EXEL,21.38,21.38,21.38,21.38,0.0
2017-04-22 19:00:00,EXEL,21.38,21.38,21.38,21.38,0.0
2017-04-22 19:05:00,EXEL,21.38,21.38,21.38,21.38,0.0
2017-04-22 19:10:00,EXEL,21.38,21.38,21.38,21.38,0.0
2017-04-22 19:15:00,EXEL,21.38,21.38,21.38,21.38,0.0
2017-04-22 19:20:00,EXEL,21.38,21.38,21.38,21.38,0.0
2017-04-22 19:25:00,EXEL,21.38,21.38,21.38,21.38,0.0
2017-04-22 19:30:00,EXEL,21.38,21.38,21.38,21.38,0.0
2017-04-22 19:35:00,EXEL,21.38,21.38,21.38,21.38,0.0
2017-04-22 19:40:00,EXEL,21.38,21.38,21.38,21.38,0.0
2017-04-22 19:45:00,EXEL,21.38,21.38,21.38,21.38,0.0
2017-04-22 19:50:00,EXEL,21.38,21.38,21.38,21.38,0.0
2017-04-22 19:55:00,EXEL,21.38,21.38,21.38,21.38,0.0
2017-04-22 20:00:00,EXEL,21.38,21.38,21.38,21.38,0.0
2017-04-22 20:05:00,EXEL,21.38,21.38,21.38,21.38,0.0
2017-04-22 20:10:00,EXEL,21.38,21.38,21.38,21.38,0.0
2017-04-22 20:15:00,EXEL,21.38,21.38,21.38,21.38,0.0
2017-04-22 20:20:00,EXEL,21.38,21.38,21.38,21.38,0.0
2017-04-22 20:25:00,EXEL,21.38,21.38,21.38,21.38,0.0
2017-04-22 20:30:00,EXEL,21.38,21.38,21.38,21.38,0.0
2017-04-22 20:35:00,EXEL,21.38,21.38,21.38,21.38,0.0
2017-04-22 20:40:00,EXEL,21.38,21.38,21.38,21.38,0.0
2017-04-22 20:45:00,EXEL,21.38,21.38,21.38,21.38,0.0
2017-04-22 20:50:00,EXEL,21.38,21.38,21.38,21.38,0.0
2017-04-22 20:55:00,EXEL,21.38,21.38,21.38,21.38,0.0
2017-04-23 08:00:00,EXEL,21.38,21.38,21.38,21.38,0.0
2017-04-23 08:05:00,EXEL,21.38,21.38,21.38,21.38,0.0
2017-04-23 08:10:00,EXEL,21.38,21.38,21.38,21.38,0.0
2017-04-23 08:15:00,EXEL,21.38,21.38,21.38,21.38,0.0
2017-04-23 08:20:00,EXEL,21.38,21.38,21.38,21.38,0.0
2017-04-23 08:25:00,EXEL,21.38,21.38,21.38,21.38,0.0
2017-04-23 08:30:00,EXEL,21.38,21.38,21.38,21.38,0.0
2017-04-23 08:35:00,EXEL,21.38,21.38,21.38,21.38,0.0
2017-04-23 08:40:00,EXEL,21.38,21.38,21.38,21.38,0.0
2017-04-23 08:45:00,EXEL,21.38,21.38,21.38,21.38,0.0
2017-04-23 08:50:00,EXEL,21.38,21.38,21.38,21.38,0.0
2017-04-23 08:55:00,EXEL,21.38,21.38,21.38,21.38,0.0
2017-04-23 09:00:00,EXEL,21.38,21.38,21.38,21.38,0.0
2017-04-23 09:05:00,EXEL,21.38,21.38,21.38,21.38,0.0
2017-04-23 09:10:00,EXEL,21.38,21.38,21.38,21.38,0.0
2017-04-23 09:15:00,EXEL,21.38,21.38,21.38,21.38,0.0
2017-04-23 09:20:00,EXEL,21.38,21.38,21.38,21.38,0.0
2017-04-23 09:25:00,EXEL,21.38,21.38,21.38,21.38,0.0
2017-04-23 09:30:00,EXEL,21.38,21.38,21.38,21.38,0.0
2017-04-23 09:35:00,EXEL,21.38,21.38,21.38,21.38,0.0
2017-04-23 09:40:00,EXEL,21.38,21.38,21.38,21.38,0.0
2017-04-23 09:45:00,EXEL,21.38,21.38,21.38,21.38,0.0
2017-04-23 09:50:00,EXEL,21.38,21.38,21.38,21.38,0.0
2017-04-23 09:55:00,EXEL,21.38,21.38,21.38,21.38,0.0
2017-04-23 10:00:00,EXEL,21.38,21.38,21.38,21.38,0.0
2017-04-23 10:05:00,EXEL,21.38,21.38,21.38,21.38,0.0
2017-04-23 10:10:00,EXEL,21.38,21.38,21.38,21.38,0.0
2017-04-23 10:15:00,EXEL,21.38,21.38,21.38,21.38,0.0
2017-04-23 10:20:00,EXEL,21.38,21.38,21.38,21.38,0.0
2017-04-23 10:25:00,EXEL,21.38,21.38,21.38,21.38,0.0
2017-04-23 10:30:00,EXEL,21.38,21.38,21.38,21.38,0.0
2017-04-23 10:35:00,EXEL,21.38,21.38,21.38,21.38,0.0
2017-04-23 10:40:00,EXEL,21.38,21.38,21.38,21.38,0.0
2017-04-23 10:45:00,EXEL,21.38,21.38,21.38,21.38,0.0
2017-04-23 10:50:00,EXEL,21.38,21.38,21.38,21.38,0.0
2017-04-23 10:55:00,EXEL,21.38,21.38,21.38,21.38,0.0
2017-04-23 11:00:00,EXEL,21.38,21.38,21.38,21.38,0.0
2017-04-23 11:05:00,EXEL,21.38,21.38,21.38,21.38,0.0
2017-04-23 11:10:00,EXEL,21.38,21.38,21.38,21.38,0.0
2017-04-23 11:15:00,EXEL,21.38,21.38,21.38,21.38,0.0
2017-04-23 11:20:00,EXEL,21.38,21.38,21.38,21.38,0.0
2017-04-23 11:25:00,EXEL,21.38,21.38,21.38,21.38,0.0
2017-04-23 11:30:00,EXEL,21.38,21.38,21.38,21.38,0.0
2017-04-23 11:35:00,EXEL,21.38,21.38,21.38,21.38,0.0
2017-04-23 11:40:00,EXEL,21.38,21.38,21.38,21.38,0.0
2017-04-23 11:45:00,EXEL,21.38,21.38,21.38,21.38,0.0
2017-04-23 11:50:00,EXEL,21.38,21.38,21.38,21.38,0.0
2017-04-23 11:55:00,EXEL,21.38,21.38,21.38,21.38,0.0
2017-04-23 12:00:00,EXEL,21.38,21.38,21.38,21.38,0.0
2017-04-23 12:05:00,EXEL,21.38,21.38,21.38,21.38,0.0
2017-04-23 12:10:00,EXEL,21.38,21.38,21.38,21.38,0.0
2017-04-23 12:15:00,EXEL,21.38,21.38,21.38,21.38,0.0
2017-04-23 12:20:00,EXEL,21.38,21.38,21.38,21.38,0.0
2017-04-23 12:25:00,EXEL,21.38,21.38,21.38,21.38,0.0
2017-04-23 12:30:00,EXEL,21.38,21.38,21.38,21.38,0.0
2017-04-23 12:35:00,EXEL,21.38,21.38,21.38,21.38,0.0
2017-04-23 12:40:00,EXEL,21.38,21.38,21.38,21.38,0.0
2017-04-23 12:45:00,EXEL,21.38,21.38,21.38,21.38,0.0
2017-04-23 12:50:00,EXEL,21.38,21.38,21.38,21.38,0.0
2017-04-23 12:55:00,EXEL,21.38,21.38,21.38,21.38,0.0
2017-04-23 13:00:00,EXEL,21.38,21.38,21.38,21.38,0.0
2017-04-23 13:05:00,EXEL,21.38,21.38,21.38,21.38,0.0
2017-04-23 13:10:00,EXEL,21.38,21.38,21.38,21.38,0.0
2017-04-23 13:15:00,EXEL,21.38,21.38,21.38,21.38,0.0
2017-04-23 13:20:00,EXEL,21.38,21.38,21.38,21.38,0.0
2017-04-23 13:25:00,EXEL,21.38,21.38,21.38,21.38,0.0
2017-04-23 13:30:00,EXEL,21.38,21.38,21.38,21.38,0.0
2017-04-23 13:35:00,EXEL,21.38,21.38,21.38,21.38,0.0
2017-04-23 13:40:00,EXEL,21.38,21.38,21.38,21.38,0.0
2017-04-23 13:45:00,EXEL,21.38,21.38,21.38,21.38,0.0
2017-04-23 13:50:00,EXEL,21.38,21.38,21.38,21.38,0.0
2017-04-23 13:55:00,EXEL,21.38,21.38,21.38,21.38,0.0
2017-04-23 14:00:00,EXEL,21.38,21.38,21.38,21.38,0.0
2017-04-23 14:05:00,EXEL,21.38,21.38,21.38,21.38,0.0
2017-04-23 14:10:00,EXEL,21.38,21.38,21.38,21.38,0.0
2017-04-23 14:15:00,EXEL,21.38,21.38,21.38,21.38,0.0
2017-04-23 14:20:00,EXEL,21.38,21.38,21.38,21.38,0.0
2017-04-23 14:25:00,EXEL,21.38,21.38,21.38,21.38,0.0
2017-04-23 14:30:00,EXEL,21.38,21.38,21.38,21.38,0.0
2017-04-23 14:35:00,EXEL,21.38,21.38,21.38,21.38,0.0
2017-04-23 14:40:00,EXEL,21.38,21.38,21.38,21.38,0.0
2017-04-23 14:45:00,EXEL,21.38,21.38,21.38,21.38,0.0
2017-04-23 14:50:00,EXEL,21.38,21.38,21.38,21.38,0.0
2017-04-23 14:55:00,EXEL,21.38,21.38,21.38,21.38,0.0
2017-04-23 15:00:00,EXEL,21.38,21.38,21.38,21.38,0.0
2017-04-23 15:05:00,EXEL,21.38,21.38,21.38,21.38,0.0
2017-04-23 15:10:00,EXEL,21.38,21.38,21.38,21.38,0.0
2017-04-23 15:15:00,EXEL,21.38,21.38,21.38,21.38,0.0
2017-04-23 15:20:00,EXEL,21.38,21.38,21.38,21.38,0.0
2017-04-23 15:25:00,EXEL,21.38,21.38,21.38,21.38,0.0
2017-04-23 15:30:00,EXEL,21.38,21.38,21.38,21.38,0.0
2017-04-23 15:35:00,EXEL,21.38,21.38,21.38,21.38,0.0
2017-04-23 15:40:00,EXEL,21.38,21.38,21.38,21.38,0.0
2017-04-23 15:45:00,EXEL,21.38,21.38,21.38,21.38,0.0
2017-04-23 15:50:00,EXEL,21.38,21.38,21.38,21.38,0.0
2017-04-23 15:55:00,EXEL,21.38,21.38,21.38,21.38,0.0
2017-04-23 16:00:00,EXEL,21.38,21.38,21.38,21.38,0.0
2017-04-23 16:05:00,EXEL,21.38,21.38,21.38,21.38,0.0
2017-04-23 16:10:00,EXEL,21.38,21.38,21.38,21.38,0.0
2017-04-23 16:15:00,EXEL,21.38,21.38,21.38,21.38,0.0
2017-04-23 16:20:00,EXEL,21.38,21.38,21.38,21.38,0.0
2017-04-23 16:25:00,EXEL,21.38,21.38,21.38,21.38,0.0
2017-04-23 16:30:00,EXEL,21.38,21.38,21.38,21.38,0.0
2017-04-23 16:35:00,EXEL,21.38,21.38,21.38,21.38,0.0
2017-04-23 16:40:00,EXEL,21.38,21.38,21.38,21.38,0.0
2017-04-23 16:45:00,EXEL,21.38,21.38,21.38,21.38,0.0
2017-04-23 16:50:00,EXEL,21.38,21.38,21.38,21.38,0.0
2017-04-23 16:55:00,EXEL,21.38,21.38,21.38,21.38,0.0
2017-04-23 17:00:00,EXEL,21.38,21.38,21.38,21.38,0.0
2017-04-23 17:05:00,EXEL,21.38,21.38,21.38,21.38,0.0
2017-04-23 17:10:00,EXEL,21.38,21.38,21.38,21.38,0.0
2017-04-23 17:15:00,EXEL,21.38,21.38,21.38,21.38,0.0
2017-04-23 17:20:00,EXEL,21.38,21.38,21.38,21.38,0.0
2017-04-23 17:25:00,EXEL,21.38,21.38,21.38,21.38,0.0
2017-04-23 17:30:00,EXEL,21.38,21.38,21.38,21.38,0.0
2017-04-23 17:35:00,EXEL,21.38,21.38,21.38,21.38,0.0
2017-04-23 17:40:00,EXEL,21.38,21.38,21.38,21.38,0.0
2017-04-23 17:45:00,EXEL,21.38,21.38,21.38,21.38,0.0
2017-04-23 17:50:00,EXEL,21.38,21.38,21.38,21.38,0.0
2017-04-23 17:55:00,EXEL,21.38,21.38,21.38,21.38,0.0
2017-04-23 18:00:00,EXEL,21.38,21.38,21.38,21.38,0.0
2017-04-23 18:05:00,EXEL,21.38,21.38,21.38,21.38,0.0
2017-04-23 18:10:00,EXEL,21.38,21.38,21.38,21.38,0.0
2017-04-23 18:15:00,EXEL,21.38,21.38,21.38,21.38,0.0
2017-04-23 18:20:00,EXEL,21.38,21.38,21.38,21.38,0.0
2017-04-23 18:25:00,EXEL,21.38,21.38,21.38,21.38,0.0
2017-04-23 18:30:00,EXEL,21.38,21.38,21.38,21.38,0.0
2017-04-23 18:35:00,EXEL,21.38,21.38,21.38,21.38,0.0
2017-04-23 18:40:00,EXEL,21.38,21.38,21.38,21.38,0.0
2017-04-23 18:45:00,EXEL,21.38,21.38,21.38,21.38,0.0
2017-04-23 18:50:00,EXEL,21.38,21.38,21.38,21.38,0.0
2017-04-23 18:55:00,EXEL,21.38,21.38,21.38,21.38,0.0
2017-04-23 19:00:00,EXEL,21.38,21.38,21.38,21.38,0.0
2017-04-23 19:05:00,EXEL,21.38,21.38,21.38,21.38,0.0
2017-04-23 19:10:00,EXEL,21.38,21.38,21.38,21.38,0.0
2017-04-23 19:15:00,EXEL,21.38,21.38,21.38,21.38,0.0
2017-04-23 19:20:00,EXEL,21.38,21.38,21.38,21.38,0.0
2017-04-23 19:25:00,EXEL,21.38,21.38,21.38,21.38,0.0
2017-04-23 19:30:00,EXEL,21.38,21.38,21.38,21.38,0.0
2017-04-23 19:35:00,EXEL,21.38,21.38,21.38,21.38,0.0
2017-04-23 19:40:00,EXEL,21.38,21.38,21.38,21.38,0.0
2017-04-23 19:45:00,EXEL,21.38,21.38,21.38,21.38,0.0
2017-04-23 19:50:00,EXEL,21.38,21.38,21.38,21.38,0.0
2017-04-23 19:55:00,EXEL,21.38,21.38,21.38,21.38,0.0
2017-04-23 20:00:00,EXEL,21.38,21.38,21.38,21.38,0.0
2017-04-23 20:05:00,EXEL,21.38,21.38,21.38,21.38,0.0
2017-04-23 20:10:00,EXEL,21.38,21.38,21.38,21.38,0.0
2017-04-23 20:15:00,EXEL,21.38,21.38,21.38,21.38,0.0
2017-04-23 20:20:00,EXEL,21.38,21.38,21.38,21.38,0.0
2017-04-23 20:25:00,EXEL,21.38,21.38,21.38,21.38,0.0
2017-04-23 20:30:00,EXEL,21.38,21.38,21.38,21.38,0.0
2017-04-23 20:35:00,EXEL,21.38,21.38,21.38,21.38,0.0
2017-04-23 20:40:00,EXEL,21.38,21.38,21.38,21.38,0.0
2017-04-23 20:45:00,EXEL,21.38,21.38,21.38,21.38,0.0
2017-04-23 20:50:00,EXEL,21.38,21.38,21.38,21.38,0.0
2017-04-23 20:55:00,EXEL,21.38,21.38,21.38,21.38,0.0
2017-04-24 08:25:00,EXEL,21.4,21.4,21.4,21.4,0
2017-04-24 08:30:00,EXEL,21.4,21.4,21.4,21.4,0
2017-04-24 08:35:00,EXEL,21.4,21.4,21.4,21.4,0
2017-04-24 08:40:00,EXEL,21.4,21.4,21.4,21.4,0
2017-04-24 08:45:00,EXEL,21.4,21.4,21.25,21.25,0
2017-04-24 08:50:00,EXEL,21.25,21.25,21.25,21.25,0
2017-04-24 08:55:00,EXEL,21.25,21.255,21.25,21.255,0
2017-04-24 09:00:00,EXEL,21.255,21.255,21.255,21.255,0
2017-04-24 09:05:00,EXEL,21.255,21.255,21.255,21.255,0
2017-04-24 09:10:00,EXEL,21.255,21.255,21.255,21.255,0
2017-04-24 09:15:00,EXEL,21.255,21.255,21.255,21.255,0
2017-04-24 09:20:00,EXEL,21.255,21.255,21.18,21.18,0
2017-04-24 09:25:00,EXEL,21.18,21.18,21.175,21.18,250.0
2017-04-24 09:30:00,EXEL,21.18,21.27,21.045,21.27,0.0
2017-04-24 09:35:00,EXEL,21.27,21.35,21.17,21.27,82030.0
2017-04-24 09:40:00,EXEL,21.27,21.465,21.23,21.385,44714.0
2017-04-24 09:45:00,EXEL,21.385,21.445,21.335,21.435,29674.0
2017-04-24 09:50:00,EXEL,21.435,21.51,21.355,21.49,60790.0
2017-04-24 09:55:00,EXEL,21.49,21.52,21.41,21.41,33655.0
2017-04-24 10:00:00,EXEL,21.41,21.495,21.41,21.475,24286.0
2017-04-24 10:05:00,EXEL,21.475,21.495,21.425,21.425,36538.0
2017-04-24 10:10:00,EXEL,21.425,21.435,21.355,21.395,29025.0
2017-04-24 10:15:00,EXEL,21.395,21.435,21.355,21.355,18086.0
2017-04-24 10:20:00,EXEL,21.355,21.355,21.255,21.275,37912.0
2017-04-24 10:25:00,EXEL,21.275,21.305,21.205,21.205,33835.0
2017-04-24 10:30:00,EXEL,21.205,21.265,21.185,21.225,35242.0
2017-04-24 10:35:00,EXEL,21.225,21.315,21.225,21.275,30398.0
2017-04-24 10:40:00,EXEL,21.275,21.295,21.225,21.225,19276.0
2017-04-24 10:45:00,EXEL,21.225,21.315,21.215,21.285,17036.0
2017-04-24 10:50:00,EXEL,21.285,21.295,21.255,21.295,8768.0
2017-04-24 10:55:00,EXEL,21.295,21.345,21.275,21.345,16819.0
2017-04-24 11:00:00,EXEL,21.345,21.365,21.325,21.365,11661.0
2017-04-24 11:05:00,EXEL,21.365,21.385,21.355,21.385,23885.0
2017-04-24 11:10:00,EXEL,21.385,21.435,21.385,21.425,15230.0
2017-04-24 11:15:00,EXEL,21.425,21.465,21.425,21.465,13333.0
2017-04-24 11:20:00,EXEL,21.465,21.465,21.435,21.465,20370.0
2017-04-24 11:25:00,EXEL,21.465,21.495,21.445,21.465,31234.0
2017-04-24 11:30:00,EXEL,21.465,21.465,21.425,21.435,21933.0
2017-04-24 11:35:00,EXEL,21.435,21.44,21.375,21.395,27342.0
2017-04-24 11:40:00,EXEL,21.395,21.435,21.395,21.415,7341.0
2017-04-24 11:45:00,EXEL,21.415,21.425,21.395,21.405,10671.0
2017-04-24 11:50:00,EXEL,21.405,21.435,21.395,21.435,11609.0
2017-04-24 11:55:00,EXEL,21.435,21.465,21.425,21.435,11237.0
2017-04-24 12:00:00,EXEL,21.435,21.465,21.435,21.465,7075.0
2017-04-24 12:05:00,EXEL,21.465,21.505,21.445,21.455,58422.0
2017-04-24 12:10:00,EXEL,21.455,21.485,21.435,21.485,14585.0
2017-04-24 12:15:00,EXEL,21.485,21.505,21.455,21.475,20884.0
2017-04-24 12:20:00,EXEL,21.475,21.485,21.465,21.485,14068.0
2017-04-24 12:25:00,EXEL,21.485,21.495,21.425,21.43,20666.0
2017-04-24 12:30:00,EXEL,21.43,21.455,21.425,21.445,9058.0
2017-04-24 12:35:00,EXEL,21.445,21.445,21.425,21.425,15782.0
2017-04-24 12:40:00,EXEL,21.425,21.435,21.425,21.425,9048.0
2017-04-24 12:45:00,EXEL,21.425,21.475,21.425,21.435,21547.0
2017-04-24 12:50:00,EXEL,21.435,21.455,21.425,21.435,26596.0
2017-04-24 12:55:00,EXEL,21.435,21.445,21.405,21.445,46953.0
2017-04-24 13:00:00,EXEL,21.445,21.45,21.405,21.445,22037.0
2017-04-24 13:05:00,EXEL,21.445,21.455,21.425,21.435,27990.0
2017-04-24 13:10:00,EXEL,21.435,21.455,21.435,21.445,32990.0
2017-04-24 13:15:00,EXEL,21.445,21.46,21.435,21.445,18090.0
2017-04-24 13:20:00,EXEL,21.445,21.445,21.435,21.445,5755.0
2017-04-24 13:25:00,EXEL,21.445,21.455,21.435,21.435,13214.0
2017-04-24 13:30:00,EXEL,21.435,21.475,21.435,21.465,9461.0
2017-04-24 13:35:00,EXEL,21.465,21.475,21.445,21.475,33252.0
2017-04-24 13:40:00,EXEL,21.475,21.495,21.435,21.435,35662.0
2017-04-24 13:45:00,EXEL,21.435,21.435,21.395,21.405,13460.0
2017-04-24 13:50:00,EXEL,21.405,21.425,21.405,21.425,11468.0
2017-04-24 13:55:00,EXEL,21.425,21.445,21.425,21.425,9094.0
2017-04-24 14:00:00,EXEL,21.425,21.435,21.405,21.425,18748.0
2017-04-24 14:05:00,EXEL,21.425,21.435,21.415,21.425,7054.0
2017-04-24 14:10:00,EXEL,21.425,21.435,21.405,21.415,6851.0
2017-04-24 14:15:00,EXEL,21.415,21.415,21.375,21.405,17573.0
2017-04-24 14:20:00,EXEL,21.405,21.425,21.395,21.415,20774.0
2017-04-24 14:25:00,EXEL,21.415,21.425,21.405,21.405,11473.0
2017-04-24 14:30:00,EXEL,21.405,21.405,21.365,21.365,15749.0
2017-04-24 14:35:00,EXEL,21.365,21.415,21.355,21.405,13872.0
2017-04-24 14:40:00,EXEL,21.405,21.405,21.365,21.375,18910.0
2017-04-24 14:45:00,EXEL,21.375,21.395,21.375,21.375,13000.0
2017-04-24 14:50:00,EXEL,21.375,21.375,21.355,21.365,17030.0
2017-04-24 14:55:00,EXEL,21.365,21.375,21.355,21.375,9936.0
2017-04-24 15:00:00,EXEL,21.375,21.375,21.345,21.365,51891.0
2017-04-24 15:05:00,EXEL,21.365,21.375,21.355,21.375,19184.0
2017-04-24 15:10:00,EXEL,21.375,21.385,21.355,21.365,73917.0
2017-04-24 15:15:00,EXEL,21.365,21.375,21.335,21.355,50362.0
2017-04-24 15:20:00,EXEL,21.355,21.365,21.295,21.295,52478.0
2017-04-24 15:25:00,EXEL,21.295,21.355,21.295,21.345,54668.0
2017-04-24 15:30:00,EXEL,21.345,21.365,21.325,21.325,25268.0
2017-04-24 15:35:00,EXEL,21.325,21.365,21.325,21.345,36133.0
2017-04-24 15:40:00,EXEL,21.345,21.355,21.335,21.335,38754.0
2017-04-24 15:45:00,EXEL,21.335,21.345,21.315,21.315,41959.0
2017-04-24 15:50:00,EXEL,21.315,21.315,21.285,21.285,31709.0
2017-04-24 15:55:00,EXEL,21.285,21.365,21.285,21.355,126811.0
2017-04-24 16:00:00,EXEL,21.355,21.365,21.285,21.295,281936.0
2017-04-24 16:05:00,EXEL,21.295,21.305,21.28,21.305,322951.0
2017-04-24 16:10:00,EXEL,21.305,21.305,21.175,21.175,2721.0
2017-04-24 16:15:00,EXEL,21.175,21.175,21.175,21.175,0.0
2017-04-24 16:20:00,EXEL,21.175,21.185,21.175,21.185,5954.0
2017-04-24 16:25:00,EXEL,21.185,21.19,21.185,21.19,0.0
2017-04-24 16:30:00,EXEL,21.19,21.195,21.19,21.195,0.0
2017-04-24 16:35:00,EXEL,21.195,21.345,21.195,21.34,4335.0
2017-04-24 16:40:00,EXEL,21.34,21.345,21.34,21.34,0.0
2017-04-24 16:45:00,EXEL,21.34,21.345,21.34,21.345,0.0
2017-04-24 16:50:00,EXEL,21.345,21.345,21.34,21.345,0.0
2017-04-24 16:55:00,EXEL,21.345,21.35,21.34,21.35,12212.0
2017-04-24 17:00:00,EXEL,21.35,21.35,21.345,21.345,613.0
2017-04-24 17:05:00,EXEL,21.345,21.35,21.345,21.35,0.0
2017-04-24 17:10:00,EXEL,21.35,21.385,21.345,21.38,0.0
2017-04-24 17:15:00,EXEL,21.38,21.385,21.205,21.205,0.0
2017-04-24 17:20:00,EXEL,21.205,21.205,21.205,21.205,0.0
2017-04-24 17:25:00,EXEL,21.205,21.205,21.205,21.205,0.0
2017-04-24 17:30:00,EXEL,21.205,21.205,21.205,21.205,0.0
2017-04-24 17:35:00,EXEL,21.205,21.205,21.205,21.205,0.0
2017-04-24 17:40:00,EXEL,21.205,21.205,21.205,21.205,0.0
2017-04-24 17:45:00,EXEL,21.205,21.205,21.205,21.205,0.0
2017-04-24 17:50:00,EXEL,21.205,21.205,21.205,21.205,0.0
2017-04-24 17:55:00,EXEL,21.205,21.205,21.205,21.205,0.0
2017-04-24 18:00:00,EXEL,21.205,21.205,21.175,21.175,0.0
2017-04-24 18:05:00,EXEL,21.175,21.175,21.175,21.175,0.0
2017-04-24 18:10:00,EXEL,21.175,21.175,21.175,21.175,0.0
2017-04-24 18:15:00,EXEL,21.175,21.175,21.175,21.175,0.0
2017-04-24 18:20:00,EXEL,21.175,21.175,21.175,21.175,0.0
2017-04-24 18:25:00,EXEL,21.175,21.175,21.175,21.175,0.0
2017-04-24 18:30:00,EXEL,21.175,21.175,21.175,21.175,0.0
2017-04-24 18:35:00,EXEL,21.175,21.175,21.175,21.175,0.0
2017-04-24 18:40:00,EXEL,21.175,21.175,21.175,21.175,0.0
2017-04-24 18:45:00,EXEL,21.175,21.175,21.175,21.175,0.0
2017-04-24 18:50:00,EXEL,21.175,21.175,21.175,21.175,0.0
2017-04-24 18:55:00,EXEL,21.175,21.175,21.175,21.175,0.0
2017-04-24 19:00:00,EXEL,21.175,21.175,21.175,21.175,0.0
2017-04-24 19:05:00,EXEL,21.175,21.175,21.175,21.175,0.0
2017-04-24 19:10:00,EXEL,21.175,21.175,21.175,21.175,0.0
2017-04-24 19:15:00,EXEL,21.175,21.175,21.175,21.175,0.0
2017-04-24 19:20:00,EXEL,21.175,21.175,21.175,21.175,0.0
2017-04-24 19:25:00,EXEL,21.175,21.175,21.175,21.175,0.0
2017-04-24 19:30:00,EXEL,21.175,21.175,21.175,21.175,0.0
2017-04-24 19:35:00,EXEL,21.175,21.175,21.175,21.175,0.0
2017-04-24 19:40:00,EXEL,21.175,21.175,21.175,21.175,0.0
2017-04-24 19:45:00,EXEL,21.175,21.55,21.175,21.55,100.0
2017-04-24 19:50:00,EXEL,21.55,21.55,21.545,21.545,0.0
2017-04-24 19:55:00,EXEL,21.545,21.545,21.545,21.545,0.0
2017-04-24 20:00:00,EXEL,21.545,21.545,21.545,21.545,0.0
2017-04-24 20:05:00,EXEL,21.545,21.545,20.525,20.525,0.0
2017-04-24 20:10:00,EXEL,20.525,20.525,20.525,20.525,0.0
2017-04-24 20:15:00,EXEL,20.525,20.525,20.525,20.525,0.0
2017-04-24 20:20:00,EXEL,20.525,20.525,20.525,20.525,0.0
2017-04-24 20:25:00,EXEL,20.525,20.525,20.525,20.525,0.0
2017-04-24 20:30:00,EXEL,20.525,20.525,20.525,20.525,0.0
2017-04-24 20:35:00,EXEL,20.525,20.525,20.525,20.525,0.0
2017-04-24 20:40:00,EXEL,20.525,20.525,20.525,20.525,0.0
2017-04-24 20:45:00,EXEL,20.525,20.525,20.525,20.525,0.0
2017-04-24 20:50:00,EXEL,20.525,20.525,20.525,20.525,0.0
2017-04-24 20:55:00,EXEL,20.525,20.525,20.525,20.525,0.0
2017-04-25 08:00:00,EXEL,21.295,21.295,21.295,21.295,0
2017-04-25 08:05:00,EXEL,21.295,21.57,21.295,21.525,0
2017-04-25 08:10:00,EXEL,21.525,21.525,21.525,21.525,0
2017-04-25 08:15:00,EXEL,21.525,21.525,21.525,21.525,0
2017-04-25 08:20:00,EXEL,21.525,21.525,21.525,21.525,0
2017-04-25 08:25:00,EXEL,21.525,21.525,21.525,21.525,15.0
2017-04-25 08:30:00,EXEL,21.525,21.525,21.525,21.525,0.0
2017-04-25 08:35:00,EXEL,21.525,21.525,21.525,21.525,0.0
2017-04-25 08:40:00,EXEL,21.525,21.525,21.525,21.525,0.0
2017-04-25 08:45:00,EXEL,21.525,21.525,21.525,21.525,0.0
2017-04-25 08:50:00,EXEL,21.525,21.525,21.525,21.525,0.0
2017-04-25 08:55:00,EXEL,21.525,21.525,21.525,21.525,0.0
2017-04-25 09:00:00,EXEL,21.525,21.525,21.525,21.525,0.0
2017-04-25 09:05:00,EXEL,21.525,21.525,21.525,21.525,0.0
2017-04-25 09:10:00,EXEL,21.525,21.525,21.525,21.525,0.0
2017-04-25 09:15:00,EXEL,21.525,21.525,21.525,21.525,0.0
2017-04-25 09:20:00,EXEL,21.525,21.525,21.525,21.525,0.0
2017-04-25 09:25:00,EXEL,21.525,21.525,21.525,21.525,9.0
2017-04-25 09:30:00,EXEL,21.525,21.57,21.52,21.565,0.0
2017-04-25 09:35:00,EXEL,21.565,21.66,21.425,21.525,82997.0
2017-04-25 09:40:00,EXEL,21.525,21.79,21.51,21.785,54856.0
2017-04-25 09:45:00,EXEL,21.785,21.865,21.765,21.865,95812.0
2017-04-25 09:50:00,EXEL,21.865,21.91,21.825,21.835,112676.0
2017-04-25 09:55:00,EXEL,21.835,21.995,21.835,21.975,133227.0
2017-04-25 10:00:00,EXEL,21.975,21.995,21.935,21.935,105931.0
2017-04-25 10:05:00,EXEL,21.935,22.12,21.915,22.12,138970.0
2017-04-25 10:10:00,EXEL,22.12,22.275,22.115,22.235,190646.0
2017-04-25 10:15:00,EXEL,22.235,22.24,22.125,22.185,80745.0
2017-04-25 10:20:00,EXEL,22.185,22.195,22.115,22.165,44010.0
2017-04-25 10:25:00,EXEL,22.165,22.205,22.155,22.165,80676.0
2017-04-25 10:30:00,EXEL,22.165,22.215,22.165,22.215,47325.0
2017-04-25 10:35:00,EXEL,22.215,22.215,22.095,22.105,59282.0
2017-04-25 10:40:00,EXEL,22.105,22.125,22.075,22.095,81953.0
2017-04-25 10:45:00,EXEL,22.095,22.115,22.045,22.075,67070.0
2017-04-25 10:50:00,EXEL,22.075,22.075,22.025,22.045,72076.0
2017-04-25 10:55:00,EXEL,22.045,22.045,21.955,21.985,69502.0
2017-04-25 11:00:00,EXEL,21.985,22.015,21.965,21.975,59454.0
2017-04-25 11:05:00,EXEL,21.975,22.005,21.955,21.985,37878.0
2017-04-25 11:10:00,EXEL,21.985,22.095,21.985,22.095,38337.0
2017-04-25 11:15:00,EXEL,22.095,22.155,22.085,22.155,71596.0
2017-04-25 11:20:00,EXEL,22.155,22.215,22.125,22.215,34154.0
2017-04-25 11:25:00,EXEL,22.215,22.215,22.145,22.165,22896.0
2017-04-25 11:30:00,EXEL,22.165,22.205,22.165,22.185,34197.0
2017-04-25 11:35:00,EXEL,22.185,22.205,22.145,22.205,32322.0
2017-04-25 11:40:00,EXEL,22.205,22.205,22.145,22.155,18759.0
2017-04-25 11:45:00,EXEL,22.155,22.155,22.125,22.125,22756.0
2017-04-25 11:50:00,EXEL,22.125,22.155,22.115,22.145,28932.0
2017-04-25 11:55:00,EXEL,22.145,22.185,22.135,22.185,20690.0
2017-04-25 12:00:00,EXEL,22.185,22.205,22.135,22.175,34907.0
2017-04-25 12:05:00,EXEL,22.175,22.195,22.135,22.145,27180.0
2017-04-25 12:10:00,EXEL,22.145,22.155,22.105,22.105,12618.0
2017-04-25 12:15:00,EXEL,22.105,22.115,22.065,22.085,22482.0
2017-04-25 12:20:00,EXEL,22.085,22.13,22.075,22.125,24904.0
2017-04-25 12:25:00,EXEL,22.125,22.125,22.045,22.07,31400.0
2017-04-25 12:30:00,EXEL,22.07,22.085,22.045,22.085,12388.0
2017-04-25 12:35:00,EXEL,22.085,22.095,22.035,22.055,20943.0
2017-04-25 12:40:00,EXEL,22.055,22.065,22.035,22.055,21242.0
2017-04-25 12:45:00,EXEL,22.055,22.095,22.055,22.055,23983.0
2017-04-25 12:50:00,EXEL,22.055,22.085,22.035,22.085,16950.0
2017-04-25 12:55:00,EXEL,22.085,22.105,22.075,22.105,12693.0
2017-04-25 13:00:00,EXEL,22.105,22.105,22.075,22.085,31595.0
2017-04-25 13:05:00,EXEL,22.085,22.095,22.035,22.055,28473.0
2017-04-25 13:10:00,EXEL,22.055,22.095,22.055,22.075,9158.0
2017-04-25 13:15:00,EXEL,22.075,22.115,22.075,22.115,7204.0
2017-04-25 13:20:00,EXEL,22.115,22.125,22.075,22.095,20035.0
2017-04-25 13:25:00,EXEL,22.095,22.135,22.095,22.095,24949.0
2017-04-25 13:30:00,EXEL,22.095,22.095,22.055,22.075,7699.0
2017-04-25 13:35:00,EXEL,22.075,22.085,22.045,22.045,31435.0
2017-04-25 13:40:00,EXEL,22.045,22.055,22.025,22.025,20273.0
2017-04-25 13:45:00,EXEL,22.025,22.045,22.015,22.045,12891.0
2017-04-25 13:50:00,EXEL,22.045,22.045,22.025,22.025,5462.0
2017-04-25 13:55:00,EXEL,22.025,22.035,22.015,22.025,14963.0
2017-04-25 14:00:00,EXEL,22.025,22.045,22.015,22.045,14356.0
2017-04-25 14:05:00,EXEL,22.045,22.065,22.035,22.065,13067.0
2017-04-25 14:10:00,EXEL,22.065,22.065,22.045,22.055,19061.0
2017-04-25 14:15:00,EXEL,22.055,22.085,22.055,22.065,11691.0
2017-04-25 14:20:00,EXEL,22.065,22.095,22.055,22.085,18935.0
2017-04-25 14:25:00,EXEL,22.085,22.085,22.055,22.065,26110.0
2017-04-25 14:30:00,EXEL,22.065,22.075,22.025,22.025,33014.0
2017-04-25 14:35:00,EXEL,22.025,22.055,22.015,22.035,11472.0
2017-04-25 14:40:00,EXEL,22.035,22.065,22.025,22.035,14780.0
2017-04-25 14:45:00,EXEL,22.035,22.065,22.035,22.055,12187.0
2017-04-25 14:50:00,EXEL,22.055,22.055,22.005,22.005,18320.0
2017-04-25 14:55:00,EXEL,22.005,22.015,21.975,22.015,28885.0
2017-04-25 15:00:00,EXEL,22.015,22.025,21.975,22.015,37526.0
2017-04-25 15:05:00,EXEL,22.015,22.055,22.005,22.055,32786.0
2017-04-25 15:10:00,EXEL,22.055,22.095,22.055,22.085,28471.0
2017-04-25 15:15:00,EXEL,22.085,22.085,22.035,22.055,30371.0
2017-04-25 15:20:00,EXEL,22.055,22.075,22.055,22.065,23727.0
2017-04-25 15:25:00,EXEL,22.065,22.095,22.065,22.085,27205.0
2017-04-25 15:30:00,EXEL,22.085,22.105,22.055,22.075,42360.0
2017-04-25 15:35:00,EXEL,22.075,22.105,22.075,22.085,35403.0
2017-04-25 15:40:00,EXEL,22.085,22.095,22.065,22.075,21520.0
2017-04-25 15:45:00,EXEL,22.075,22.085,22.045,22.045,64931.0
2017-04-25 15:50:00,EXEL,22.045,22.075,22.045,22.065,27338.0
2017-04-25 15:55:00,EXEL,22.065,22.125,22.065,22.115,117424.0
2017-04-25 16:00:00,EXEL,22.115,22.115,22.075,22.075,195799.0
2017-04-25 16:05:00,EXEL,22.075,22.085,22.07,22.075,330456.0
2017-04-25 16:10:00,EXEL,22.075,22.125,22.075,22.12,7051.0
2017-04-25 16:15:00,EXEL,22.12,22.14,22.12,22.14,2687.0
2017-04-25 16:20:00,EXEL,22.14,22.14,22.14,22.14,0.0
2017-04-25 16:25:00,EXEL,22.14,22.175,22.14,22.14,300.0
2017-04-25 16:30:00,EXEL,22.14,22.14,22.14,22.14,0.0
2017-04-25 16:35:00,EXEL,22.14,22.14,22.14,22.14,5135.0
2017-04-25 16:40:00,EXEL,22.14,22.14,22.14,22.14,0.0
2017-04-25 16:45:00,EXEL,22.14,22.14,22.14,22.14,0.0
2017-04-25 16:50:00,EXEL,22.14,22.165,22.14,22.165,500.0
2017-04-25 16:55:00,EXEL,22.165,22.165,22.16,22.165,0.0
2017-04-25 17:00:00,EXEL,22.165,22.165,22.16,22.16,0.0
2017-04-25 17:05:00,EXEL,22.16,22.165,22.16,22.165,0.0
2017-04-25 17:10:00,EXEL,22.165,22.165,22.16,22.165,0.0
2017-04-25 17:15:00,EXEL,22.165,22.165,22.16,22.16,0.0
2017-04-25 17:20:00,EXEL,22.16,22.165,22.16,22.165,0.0
2017-04-25 17:25:00,EXEL,22.165,22.165,22.165,22.165,0.0
2017-04-25 17:30:00,EXEL,22.165,22.165,22.165,22.165,0.0
2017-04-25 17:35:00,EXEL,22.165,22.165,22.165,22.165,0.0
2017-04-25 17:40:00,EXEL,22.165,22.165,22.165,22.165,0.0
2017-04-25 17:45:00,EXEL,22.165,22.165,22.165,22.165,0.0
2017-04-25 17:50:00,EXEL,22.165,22.165,22.165,22.165,0.0
2017-04-25 17:55:00,EXEL,22.165,22.165,22.165,22.165,0.0
2017-04-25 18:00:00,EXEL,22.165,22.165,22.165,22.165,0.0
2017-04-25 18:05:00,EXEL,22.165,22.165,22.16,22.165,0.0
2017-04-25 18:10:00,EXEL,22.165,22.165,22.165,22.165,0.0
2017-04-25 18:15:00,EXEL,22.165,22.165,22.165,22.165,0.0
2017-04-25 18:20:00,EXEL,22.165,22.165,22.155,22.155,0.0
2017-04-25 18:25:00,EXEL,22.155,22.155,22.155,22.155,0.0
2017-04-25 18:30:00,EXEL,22.155,22.155,22.155,22.155,0.0
2017-04-25 18:35:00,EXEL,22.155,22.155,22.155,22.155,0.0
2017-04-25 18:40:00,EXEL,22.155,22.155,22.155,22.155,0.0
2017-04-25 18:45:00,EXEL,22.155,22.155,22.155,22.155,0.0
2017-04-25 18:50:00,EXEL,22.155,22.155,22.155,22.155,0.0
2017-04-25 18:55:00,EXEL,22.155,22.155,22.155,22.155,0.0
2017-04-25 19:00:00,EXEL,22.155,22.155,22.155,22.155,0.0
2017-04-25 19:05:00,EXEL,22.155,22.155,22.155,22.155,0.0
2017-04-25 19:10:00,EXEL,22.155,22.155,22.155,22.155,0.0
2017-04-25 19:15:00,EXEL,22.155,22.155,22.155,22.155,0.0
2017-04-25 19:20:00,EXEL,22.155,22.155,22.155,22.155,0.0
2017-04-25 19:25:00,EXEL,22.155,22.155,22.155,22.155,0.0
2017-04-25 19:30:00,EXEL,22.155,22.155,22.155,22.155,0.0
2017-04-25 19:35:00,EXEL,22.155,22.155,22.155,22.155,0.0
2017-04-25 19:40:00,EXEL,22.155,22.155,22.155,22.155,0.0
2017-04-25 19:45:00,EXEL,22.155,22.155,22.155,22.155,0.0
2017-04-25 19:50:00,EXEL,22.155,22.155,22.155,22.155,0.0
2017-04-25 19:55:00,EXEL,22.155,22.155,22.155,22.155,0.0
2017-04-25 20:00:00,EXEL,22.155,22.155,22.155,22.155,0.0
2017-04-25 20:05:00,EXEL,22.155,22.155,21.64,21.64,0.0
2017-04-25 20:10:00,EXEL,21.64,21.64,21.64,21.64,0.0
2017-04-25 20:15:00,EXEL,21.64,21.64,21.64,21.64,0.0
2017-04-25 20:20:00,EXEL,21.64,21.64,21.64,21.64,0.0
2017-04-25 20:25:00,EXEL,21.64,21.64,21.64,21.64,0.0
2017-04-25 20:30:00,EXEL,21.64,21.64,21.64,21.64,0.0
2017-04-25 20:35:00,EXEL,21.64,21.64,21.64,21.64,0.0
2017-04-25 20:40:00,EXEL,21.64,21.64,21.64,21.64,0.0
2017-04-25 20:45:00,EXEL,21.64,21.64,21.64,21.64,0.0
2017-04-25 20:50:00,EXEL,21.64,21.64,21.64,21.64,0.0
2017-04-25 20:55:00,EXEL,21.64,21.64,21.64,21.64,0.0
2017-04-26 08:00:00,EXEL,22.625,22.625,22.625,22.625,0.0
2017-04-26 08:05:00,EXEL,22.625,22.625,22.15,22.2,0.0
2017-04-26 08:10:00,EXEL,22.2,22.2,22.15,22.15,0.0
2017-04-26 08:15:00,EXEL,22.15,22.16,22.15,22.16,0.0
2017-04-26 08:20:00,EXEL,22.16,22.16,22.16,22.16,0.0
2017-04-26 08:25:00,EXEL,22.16,22.16,22.16,22.16,0.0
2017-04-26 08:30:00,EXEL,22.16,22.16,22.16,22.16,0.0
2017-04-26 08:35:00,EXEL,22.16,22.16,22.16,22.16,0.0
2017-04-26 08:40:00,EXEL,22.16,22.16,22.16,22.16,0.0
2017-04-26 08:45:00,EXEL,22.16,22.16,22.16,22.16,0.0
2017-04-26 08:50:00,EXEL,22.16,22.16,22.16,22.16,0.0
2017-04-26 08:55:00,EXEL,22.16,22.16,22.16,22.16,0.0
2017-04-26 09:00:00,EXEL,22.16,22.16,22.16,22.16,0.0
2017-04-26 09:05:00,EXEL,22.16,22.16,22.16,22.16,0.0
2017-04-26 09:10:00,EXEL,22.16,22.16,22.16,22.16,0.0
2017-04-26 09:15:00,EXEL,22.16,22.16,22.16,22.16,0.0
2017-04-26 09:20:00,EXEL,22.16,22.32,22.16,22.16,200.0
2017-04-26 09:25:00,EXEL,22.16,22.16,22.16,22.16,0.0
2017-04-26 09:30:00,EXEL,22.16,22.255,22.16,22.21,0.0
2017-04-26 09:35:00,EXEL,22.21,22.21,21.925,21.925,55590.0
2017-04-26 09:40:00,EXEL,21.925,21.945,21.855,21.935,63464.0
2017-04-26 09:45:00,EXEL,21.935,21.94,21.865,21.89,56137.0
2017-04-26 09:50:00,EXEL,21.89,21.935,21.865,21.935,23017.0
2017-04-26 09:55:00,EXEL,21.935,21.975,21.885,21.885,18913.0
2017-04-26 10:00:00,EXEL,21.885,21.915,21.835,21.845,34984.0
2017-04-26 10:05:00,EXEL,21.845,21.845,21.74,21.755,56434.0
2017-04-26 10:10:00,EXEL,21.755,21.785,21.735,21.755,23936.0
2017-04-26 10:15:00,EXEL,21.755,21.775,21.715,21.725,45517.0
2017-04-26 10:20:00,EXEL,21.725,21.735,21.665,21.665,43844.0
2017-04-26 10:25:00,EXEL,21.665,21.725,21.665,21.705,47795.0
2017-04-26 10:30:00,EXEL,21.705,21.735,21.675,21.735,25946.0
2017-04-26 10:35:00,EXEL,21.735,21.735,21.695,21.715,39051.0
2017-04-26 10:40:00,EXEL,21.715,21.765,21.705,21.715,35948.0
2017-04-26 10:45:00,EXEL,21.715,21.725,21.705,21.705,19876.0
2017-04-26 10:50:00,EXEL,21.705,21.735,21.705,21.725,35687.0
2017-04-26 10:55:00,EXEL,21.725,21.825,21.725,21.795,39224.0
2017-04-26 11:00:00,EXEL,21.795,21.825,21.775,21.795,33648.0
2017-04-26 11:05:00,EXEL,21.795,21.805,21.785,21.785,23899.0
2017-04-26 11:10:00,EXEL,21.785,21.815,21.755,21.765,31523.0
2017-04-26 11:15:00,EXEL,21.765,21.765,21.735,21.745,23827.0
2017-04-26 11:20:00,EXEL,21.745,21.755,21.715,21.725,22584.0
2017-04-26 11:25:00,EXEL,21.725,21.785,21.705,21.785,41320.0
2017-04-26 11:30:00,EXEL,21.785,21.795,21.74,21.785,27663.0
2017-04-26 11:35:00,EXEL,21.785,21.795,21.765,21.795,23250.0
2017-04-26 11:40:00,EXEL,21.795,21.835,21.795,21.815,28109.0
2017-04-26 11:45:00,EXEL,21.815,21.825,21.795,21.795,57209.0
2017-04-26 11:50:00,EXEL,21.795,21.815,21.795,21.805,18980.0
2017-04-26 11:55:00,EXEL,21.805,21.835,21.805,21.805,15080.0
2017-04-26 12:00:00,EXEL,21.805,21.845,21.795,21.835,29744.0
2017-04-26 12:05:00,EXEL,21.835,21.905,21.825,21.895,25517.0
2017-04-26 12:10:00,EXEL,21.895,21.895,21.865,21.865,20063.0
2017-04-26 12:15:00,EXEL,21.865,21.935,21.865,21.915,20227.0
2017-04-26 12:20:00,EXEL,21.915,21.925,21.905,21.905,12189.0
2017-04-26 12:25:00,EXEL,21.905,21.935,21.905,21.905,17044.0
2017-04-26 12:30:00,EXEL,21.905,21.925,21.905,21.915,19840.0
2017-04-26 12:35:00,EXEL,21.915,21.915,21.9,21.905,27731.0
2017-04-26 12:40:00,EXEL,21.905,21.925,21.895,21.905,38092.0
2017-04-26 12:45:00,EXEL,21.905,21.915,21.855,21.875,15577.0
2017-04-26 12:50:00,EXEL,21.875,21.895,21.83,21.835,16755.0
2017-04-26 12:55:00,EXEL,21.835,21.875,21.82,21.865,12599.0
2017-04-26 13:00:00,EXEL,21.865,21.905,21.865,21.895,15448.0
2017-04-26 13:05:00,EXEL,21.895,21.895,21.855,21.855,10721.0
2017-04-26 13:10:00,EXEL,21.855,21.885,21.845,21.885,9606.0
2017-04-26 13:15:00,EXEL,21.885,21.885,21.86,21.865,6687.0
2017-04-26 13:20:00,EXEL,21.865,21.875,21.835,21.855,17871.0
2017-04-26 13:25:00,EXEL,21.855,21.855,21.805,21.825,22951.0
2017-04-26 13:30:00,EXEL,21.825,21.825,21.795,21.815,7640.0
2017-04-26 13:35:00,EXEL,21.815,21.855,21.815,21.855,63431.0
2017-04-26 13:40:00,EXEL,21.855,21.925,21.835,21.885,40577.0
2017-04-26 13:45:00,EXEL,21.885,21.885,21.825,21.855,25748.0
2017-04-26 13:50:00,EXEL,21.855,21.865,21.805,21.805,24296.0
2017-04-26 13:55:00,EXEL,21.805,21.875,21.805,21.855,17123.0
2017-04-26 14:00:00,EXEL,21.855,21.855,21.805,21.805,9583.0
2017-04-26 14:05:00,EXEL,21.805,21.825,21.795,21.815,21693.0
2017-04-26 14:10:00,EXEL,21.815,21.825,21.795,21.815,47690.0
2017-04-26 14:15:00,EXEL,21.815,21.855,21.815,21.855,15802.0
2017-04-26 14:20:00,EXEL,21.855,21.865,21.825,21.825,14659.0
2017-04-26 14:25:00,EXEL,21.825,21.875,21.815,21.845,15421.0
2017-04-26 14:30:00,EXEL,21.845,21.865,21.835,21.845,16669.0
2017-04-26 14:35:00,EXEL,21.845,21.885,21.845,21.875,22025.0
2017-04-26 14:40:00,EXEL,21.875,21.875,21.865,21.865,11936.0
2017-04-26 14:45:00,EXEL,21.865,21.885,21.865,21.865,16223.0
2017-04-26 14:50:00,EXEL,21.865,21.925,21.865,21.905,41758.0
2017-04-26 14:55:00,EXEL,21.905,21.945,21.905,21.935,19561.0
2017-04-26 15:00:00,EXEL,21.935,21.955,21.915,21.915,23475.0
2017-04-26 15:05:00,EXEL,21.915,21.915,21.895,21.915,17475.0
2017-04-26 15:10:00,EXEL,21.915,21.935,21.905,21.935,20199.0
2017-04-26 15:15:00,EXEL,21.935,21.975,21.935,21.965,19945.0
2017-04-26 15:20:00,EXEL,21.965,21.975,21.945,21.975,15627.0
2017-04-26 15:25:00,EXEL,21.975,21.975,21.955,21.975,20054.0
2017-04-26 15:30:00,EXEL,21.975,21.995,21.975,21.995,51923.0
2017-04-26 15:35:00,EXEL,21.995,22.025,21.985,22.005,49116.0
2017-04-26 15:40:00,EXEL,22.005,22.055,22.005,22.035,41977.0
2017-04-26 15:45:00,EXEL,22.035,22.035,21.995,22.005,45252.0
2017-04-26 15:50:00,EXEL,22.005,22.035,22.0,22.025,45354.0
2017-04-26 15:55:00,EXEL,22.025,22.055,22.015,22.015,85664.0
2017-04-26 16:00:00,EXEL,22.015,22.025,21.995,22.005,258668.0
2017-04-26 16:05:00,EXEL,22.005,22.01,21.98,21.995,220964.0
2017-04-26 16:10:00,EXEL,21.995,22.0,21.85,21.855,2568.0
2017-04-26 16:15:00,EXEL,21.855,21.855,21.85,21.855,1800.0
2017-04-26 16:20:00,EXEL,21.855,21.855,21.85,21.85,0.0
2017-04-26 16:25:00,EXEL,21.85,21.855,21.85,21.855,0.0
2017-04-26 16:30:00,EXEL,21.855,21.855,21.85,21.85,0.0
2017-04-26 16:35:00,EXEL,21.85,21.855,21.85,21.855,113862.0
2017-04-26 16:40:00,EXEL,21.855,21.855,21.85,21.85,0.0
2017-04-26 16:45:00,EXEL,21.85,21.855,21.85,21.855,14452.0
2017-04-26 16:50:00,EXEL,21.855,21.855,21.85,21.855,0.0
2017-04-26 16:55:00,EXEL,21.855,21.855,21.85,21.855,100.0
2017-04-26 17:00:00,EXEL,21.855,21.855,21.85,21.85,0.0
2017-04-26 17:05:00,EXEL,21.85,21.855,21.85,21.855,0.0
2017-04-26 17:10:00,EXEL,21.855,21.855,21.85,21.855,0.0
2017-04-26 17:15:00,EXEL,21.855,21.855,21.855,21.855,0.0
2017-04-26 17:20:00,EXEL,21.855,21.855,21.855,21.855,0.0
2017-04-26 17:25:00,EXEL,21.855,21.855,21.855,21.855,0.0
2017-04-26 17:30:00,EXEL,21.855,21.915,21.855,21.915,0.0
2017-04-26 17:35:00,EXEL,21.915,21.915,21.915,21.915,0.0
2017-04-26 17:40:00,EXEL,21.915,21.915,21.915,21.915,0.0
2017-04-26 17:45:00,EXEL,21.915,21.915,21.915,21.915,5.0
2017-04-26 17:50:00,EXEL,21.915,21.915,21.915,21.915,0.0
2017-04-26 17:55:00,EXEL,21.915,21.915,21.915,21.915,0.0
2017-04-26 18:00:00,EXEL,21.915,21.915,21.915,21.915,0.0
2017-04-26 18:05:00,EXEL,21.915,21.915,21.915,21.915,0.0
2017-04-26 18:10:00,EXEL,21.915,21.915,21.915,21.915,0.0
2017-04-26 18:15:00,EXEL,21.915,21.915,21.915,21.915,0.0
2017-04-26 18:20:00,EXEL,21.915,21.915,21.915,21.915,0.0
2017-04-26 18:25:00,EXEL,21.915,21.915,21.915,21.915,0.0
2017-04-26 18:30:00,EXEL,21.915,21.915,21.915,21.915,0.0
2017-04-26 18:35:00,EXEL,21.915,21.915,21.915,21.915,0.0
2017-04-26 18:40:00,EXEL,21.915,21.915,21.915,21.915,0.0
2017-04-26 18:45:00,EXEL,21.915,21.915,21.915,21.915,0.0
2017-04-26 18:50:00,EXEL,21.915,21.915,21.915,21.915,0.0
2017-04-26 18:55:00,EXEL,21.915,21.915,21.915,21.915,0.0
2017-04-26 19:00:00,EXEL,21.915,21.915,21.915,21.915,0.0
2017-04-26 19:05:00,EXEL,21.915,21.915,21.915,21.915,0.0
2017-04-26 19:10:00,EXEL,21.915,21.915,21.915,21.915,0.0
2017-04-26 19:15:00,EXEL,21.915,21.915,21.915,21.915,0.0
2017-04-26 19:20:00,EXEL,21.915,21.915,21.915,21.915,0.0
2017-04-26 19:25:00,EXEL,21.915,21.915,21.915,21.915,0.0
2017-04-26 19:30:00,EXEL,21.915,21.915,21.915,21.915,0.0
2017-04-26 19:35:00,EXEL,21.915,21.915,21.915,21.915,0.0
2017-04-26 19:40:00,EXEL,21.915,21.915,21.915,21.915,0.0
2017-04-26 19:45:00,EXEL,21.915,21.915,21.915,21.915,0.0
2017-04-26 19:50:00,EXEL,21.915,21.915,21.915,21.915,0.0
2017-04-26 19:55:00,EXEL,21.915,21.915,21.915,21.915,0.0
2017-04-26 20:00:00,EXEL,21.915,21.915,21.915,21.915,0.0
2017-04-26 20:05:00,EXEL,21.915,21.915,21.555,21.62,0.0
2017-04-26 20:10:00,EXEL,21.62,21.62,21.62,21.62,0.0
2017-04-26 20:15:00,EXEL,21.62,21.62,21.62,21.62,0.0
2017-04-26 20:20:00,EXEL,21.62,21.62,21.62,21.62,0.0
2017-04-26 20:25:00,EXEL,21.62,21.62,21.62,21.62,0.0
2017-04-26 20:30:00,EXEL,21.62,21.62,21.62,21.62,0.0
2017-04-26 20:35:00,EXEL,21.62,21.62,21.62,21.62,0.0
2017-04-26 20:40:00,EXEL,21.62,21.62,21.62,21.62,0.0
2017-04-26 20:45:00,EXEL,21.62,21.62,21.62,21.62,0.0
2017-04-26 20:50:00,EXEL,21.62,21.62,21.62,21.62,0.0
2017-04-26 20:55:00,EXEL,21.62,21.62,21.62,21.62,0.0
2017-04-27 08:00:00,EXEL,21.855,21.855,21.855,21.855,0.0
2017-04-27 08:05:00,EXEL,21.855,21.855,21.855,21.855,0.0
2017-04-27 08:10:00,EXEL,21.855,22.055,21.855,22.055,0.0
2017-04-27 08:15:00,EXEL,22.055,22.055,22.055,22.055,0.0
2017-04-27 08:20:00,EXEL,22.055,22.055,22.055,22.055,0.0
2017-04-27 08:25:00,EXEL,22.055,22.055,22.055,22.055,0.0
2017-04-27 08:30:00,EXEL,22.055,22.055,22.055,22.055,0.0
2017-04-27 08:35:00,EXEL,22.055,22.055,22.055,22.055,0.0
2017-04-27 08:40:00,EXEL,22.055,22.055,22.055,22.055,0.0
2017-04-27 08:45:00,EXEL,22.055,22.055,22.055,22.055,0.0
2017-04-27 08:50:00,EXEL,22.055,22.055,22.055,22.055,0.0
2017-04-27 08:55:00,EXEL,22.055,22.055,22.055,22.055,0.0
2017-04-27 09:00:00,EXEL,22.055,22.055,22.055,22.055,0.0
2017-04-27 09:05:00,EXEL,22.055,22.055,22.055,22.055,0.0
2017-04-27 09:10:00,EXEL,22.055,22.055,22.055,22.055,0.0
2017-04-27 09:15:00,EXEL,22.055,22.055,22.055,22.055,0.0
2017-04-27 09:20:00,EXEL,22.055,22.055,22.055,22.055,0.0
2017-04-27 09:25:00,EXEL,22.055,22.055,22.05,22.05,0.0
2017-04-27 09:30:00,EXEL,22.05,22.055,22.05,22.055,0.0
2017-04-27 09:35:00,EXEL,22.055,22.08,21.74,21.76,44892.0
2017-04-27 09:40:00,EXEL,21.76,21.895,21.755,21.855,20740.0
2017-04-27 09:45:00,EXEL,21.855,21.955,21.82,21.93,8107.0
2017-04-27 09:50:00,EXEL,21.93,22.01,21.905,21.95,9512.0
2017-04-27 09:55:00,EXEL,21.95,21.985,21.895,21.895,16678.0
2017-04-27 10:00:00,EXEL,21.895,21.905,21.895,21.895,16786.0
2017-04-27 10:05:00,EXEL,21.895,21.925,21.855,21.905,15936.0
2017-04-27 10:10:00,EXEL,21.905,21.965,21.905,21.935,13247.0
2017-04-27 10:15:00,EXEL,21.935,22.025,21.935,22.025,15410.0
2017-04-27 10:20:00,EXEL,22.025,22.045,21.905,21.905,25621.0
2017-04-27 10:25:00,EXEL,21.905,21.945,21.905,21.945,10493.0
2017-04-27 10:30:00,EXEL,21.945,22.04,21.935,22.025,25881.0
2017-04-27 10:35:00,EXEL,22.025,22.165,22.015,22.15,54571.0
2017-04-27 10:40:00,EXEL,22.15,22.185,22.125,22.185,52218.0
2017-04-27 10:45:00,EXEL,22.185,22.185,22.125,22.155,20483.0
2017-04-27 10:50:00,EXEL,22.155,22.165,22.105,22.155,26543.0
2017-04-27 10:55:00,EXEL,22.155,22.155,22.065,22.065,43181.0
2017-04-27 11:00:00,EXEL,22.065,22.065,21.995,22.005,38762.0
2017-04-27 11:05:00,EXEL,22.005,22.125,21.985,22.08,28134.0
2017-04-27 11:10:00,EXEL,22.08,22.175,22.08,22.155,22348.0
2017-04-27 11:15:00,EXEL,22.155,22.155,22.105,22.145,24216.0
2017-04-27 11:20:00,EXEL,22.145,22.195,22.145,22.185,18493.0
2017-04-27 11:25:00,EXEL,22.185,22.195,22.135,22.185,21601.0
2017-04-27 11:30:00,EXEL,22.185,22.195,22.125,22.125,10035.0
2017-04-27 11:35:00,EXEL,22.125,22.13,22.075,22.085,24682.0
2017-04-27 11:40:00,EXEL,22.085,22.145,22.065,22.145,25504.0
2017-04-27 11:45:00,EXEL,22.145,22.155,22.115,22.145,9907.0
2017-04-27 11:50:00,EXEL,22.145,22.145,22.115,22.125,6005.0
2017-04-27 11:55:00,EXEL,22.125,22.13,22.045,22.045,30588.0
2017-04-27 12:00:00,EXEL,22.045,22.095,22.045,22.075,13439.0
2017-04-27 12:05:00,EXEL,22.075,22.125,22.075,22.105,22266.0
2017-04-27 12:10:00,EXEL,22.105,22.115,22.075,22.075,24919.0
2017-04-27 12:15:00,EXEL,22.075,22.095,22.055,22.095,7462.0
2017-04-27 12:20:00,EXEL,22.095,22.105,22.075,22.075,13438.0
2017-04-27 12:25:00,EXEL,22.075,22.075,22.045,22.045,7643.0
2017-04-27 12:30:00,EXEL,22.045,22.045,22.035,22.035,13402.0
2017-04-27 12:35:00,EXEL,22.035,22.075,22.035,22.075,18287.0
2017-04-27 12:40:00,EXEL,22.075,22.075,22.045,22.045,15495.0
2017-04-27 12:45:00,EXEL,22.045,22.125,22.045,22.125,29790.0
2017-04-27 12:50:00,EXEL,22.125,22.165,22.125,22.165,7554.0
2017-04-27 12:55:00,EXEL,22.165,22.165,22.14,22.155,7225.0
2017-04-27 13:00:00,EXEL,22.155,22.195,22.155,22.195,25084.0
2017-04-27 13:05:00,EXEL,22.195,22.195,22.145,22.155,11749.0
2017-04-27 13:10:00,EXEL,22.155,22.195,22.155,22.175,12472.0
2017-04-27 13:15:00,EXEL,22.175,22.185,22.165,22.175,11907.0
2017-04-27 13:20:00,EXEL,22.175,22.215,22.175,22.215,15302.0
2017-04-27 13:25:00,EXEL,22.215,22.235,22.195,22.195,55120.0
2017-04-27 13:30:00,EXEL,22.195,22.215,22.165,22.215,15305.0
2017-04-27 13:35:00,EXEL,22.215,22.215,22.18,22.195,18029.0
2017-04-27 13:40:00,EXEL,22.195,22.235,22.195,22.215,48362.0
2017-04-27 13:45:00,EXEL,22.215,22.245,22.215,22.235,28225.0
2017-04-27 13:50:00,EXEL,22.235,22.275,22.225,22.255,44098.0
2017-04-27 13:55:00,EXEL,22.255,22.255,22.225,22.235,10761.0
2017-04-27 14:00:00,EXEL,22.235,22.255,22.215,22.215,14694.0
2017-04-27 14:05:00,EXEL,22.215,22.245,22.195,22.205,12066.0
2017-04-27 14:10:00,EXEL,22.205,22.205,22.145,22.145,30568.0
2017-04-27 14:15:00,EXEL,22.145,22.175,22.145,22.155,12320.0
2017-04-27 14:20:00,EXEL,22.155,22.195,22.155,22.195,9542.0
2017-04-27 14:25:00,EXEL,22.195,22.205,22.165,22.185,41349.0
2017-04-27 14:30:00,EXEL,22.185,22.205,22.185,22.205,20738.0
2017-04-27 14:35:00,EXEL,22.205,22.235,22.205,22.235,11053.0
2017-04-27 14:40:00,EXEL,22.235,22.235,22.185,22.195,32806.0
2017-04-27 14:45:00,EXEL,22.195,22.215,22.175,22.195,24046.0
2017-04-27 14:50:00,EXEL,22.195,22.275,22.195,22.275,39230.0
2017-04-27 14:55:00,EXEL,22.275,22.285,22.245,22.265,22372.0
2017-04-27 15:00:00,EXEL,22.265,22.295,22.265,22.295,11997.0
2017-04-27 15:05:00,EXEL,22.295,22.295,22.295,22.295,25517.0
2017-04-27 15:10:00,EXEL,22.295,22.295,22.285,22.295,18807.0
2017-04-27 15:15:00,EXEL,22.295,22.335,22.295,22.325,46846.0
2017-04-27 15:20:00,EXEL,22.325,22.385,22.325,22.355,74594.0
2017-04-27 15:25:00,EXEL,22.355,22.355,22.275,22.285,20491.0
2017-04-27 15:30:00,EXEL,22.285,22.305,22.265,22.295,17916.0
2017-04-27 15:35:00,EXEL,22.295,22.305,22.285,22.305,13820.0
2017-04-27 15:40:00,EXEL,22.305,22.305,22.255,22.255,19860.0
2017-04-27 15:45:00,EXEL,22.255,22.265,22.255,22.265,28384.0
2017-04-27 15:50:00,EXEL,22.265,22.265,22.245,22.245,40016.0
2017-04-27 15:55:00,EXEL,22.245,22.255,22.235,22.245,54198.0
2017-04-27 16:00:00,EXEL,22.245,22.255,22.215,22.245,144930.0
2017-04-27 16:05:00,EXEL,22.245,22.245,22.05,22.105,139759.0
2017-04-27 16:10:00,EXEL,22.105,22.105,22.105,22.105,0.0
2017-04-27 16:15:00,EXEL,22.105,22.275,22.105,22.275,8100.0
2017-04-27 16:20:00,EXEL,22.275,22.275,22.275,22.275,1982.0
2017-04-27 16:25:00,EXEL,22.275,22.275,22.275,22.275,0.0
2017-04-27 16:30:00,EXEL,22.275,22.275,22.275,22.275,0.0
2017-04-27 16:35:00,EXEL,22.275,22.275,22.275,22.275,0.0
2017-04-27 16:40:00,EXEL,22.275,22.275,22.275,22.275,145320.0
2017-04-27 16:45:00,EXEL,22.275,22.275,22.275,22.275,5987.0
2017-04-27 16:50:00,EXEL,22.275,22.275,22.275,22.275,0.0
2017-04-27 16:55:00,EXEL,22.275,22.275,22.275,22.275,0.0
2017-04-27 17:00:00,EXEL,22.275,22.275,22.275,22.275,0.0
2017-04-27 17:05:00,EXEL,22.275,22.275,22.275,22.275,0.0
2017-04-27 17:10:00,EXEL,22.275,22.275,22.275,22.275,0.0
2017-04-27 17:15:00,EXEL,22.275,22.275,22.275,22.275,0.0
2017-04-27 17:20:00,EXEL,22.275,22.275,22.275,22.275,0.0
2017-04-27 17:25:00,EXEL,22.275,22.275,22.275,22.275,0.0
2017-04-27 17:30:00,EXEL,22.275,22.275,22.275,22.275,0.0
2017-04-27 17:35:00,EXEL,22.275,22.275,22.275,22.275,0.0
2017-04-27 17:40:00,EXEL,22.275,22.275,22.275,22.275,0.0
2017-04-27 17:45:00,EXEL,22.275,22.275,22.275,22.275,0.0
2017-04-27 17:50:00,EXEL,22.275,22.275,22.275,22.275,0.0
2017-04-27 17:55:00,EXEL,22.275,22.275,22.275,22.275,0.0
2017-04-27 18:00:00,EXEL,22.275,22.275,22.275,22.275,0.0
2017-04-27 18:05:00,EXEL,22.275,22.275,22.275,22.275,0.0
2017-04-27 18:10:00,EXEL,22.275,22.275,22.275,22.275,0.0
2017-04-27 18:15:00,EXEL,22.275,22.275,22.275,22.275,0.0
2017-04-27 18:20:00,EXEL,22.275,22.275,22.275,22.275,0.0
2017-04-27 18:25:00,EXEL,22.275,22.275,22.275,22.275,0.0
2017-04-27 18:30:00,EXEL,22.275,22.275,22.275,22.275,0.0
2017-04-27 18:35:00,EXEL,22.275,22.275,22.275,22.275,0.0
2017-04-27 18:40:00,EXEL,22.275,22.275,22.275,22.275,0.0
2017-04-27 18:45:00,EXEL,22.275,22.275,22.275,22.275,0.0
2017-04-27 18:50:00,EXEL,22.275,22.275,22.275,22.275,0.0
2017-04-27 18:55:00,EXEL,22.275,22.275,22.275,22.275,0.0
2017-04-27 19:00:00,EXEL,22.275,22.275,22.275,22.275,0.0
2017-04-27 19:05:00,EXEL,22.275,22.275,22.275,22.275,0.0
2017-04-27 19:10:00,EXEL,22.275,22.275,22.275,22.275,0.0
2017-04-27 19:15:00,EXEL,22.275,22.275,22.275,22.275,0.0
2017-04-27 19:20:00,EXEL,22.275,22.275,22.275,22.275,0.0
2017-04-27 19:25:00,EXEL,22.275,22.275,22.275,22.275,0.0
2017-04-27 19:30:00,EXEL,22.275,22.275,22.275,22.275,0.0
2017-04-27 19:35:00,EXEL,22.275,22.275,22.275,22.275,0.0
2017-04-27 19:40:00,EXEL,22.275,22.275,22.275,22.275,0.0
2017-04-27 19:45:00,EXEL,22.275,22.275,22.275,22.275,0.0
2017-04-27 19:50:00,EXEL,22.275,22.275,22.275,22.275,0.0
2017-04-27 19:55:00,EXEL,22.275,22.275,22.275,22.275,0.0
2017-04-27 20:00:00,EXEL,22.275,22.275,22.275,22.275,0.0
2017-04-27 20:05:00,EXEL,22.275,22.35,21.65,21.65,297.0
2017-04-27 20:10:00,EXEL,21.65,21.65,21.65,21.65,0.0
2017-04-27 20:15:00,EXEL,21.65,21.65,21.65,21.65,0.0
2017-04-27 20:20:00,EXEL,21.65,21.65,21.65,21.65,0.0
2017-04-27 20:25:00,EXEL,21.65,21.65,21.65,21.65,0.0
2017-04-27 20:30:00,EXEL,21.65,21.65,21.65,21.65,0.0
2017-04-27 20:35:00,EXEL,21.65,21.65,21.65,21.65,0.0
2017-04-27 20:40:00,EXEL,21.65,21.65,21.65,21.65,0.0
2017-04-27 20:45:00,EXEL,21.65,21.65,21.65,21.65,0.0
2017-04-27 20:50:00,EXEL,21.65,21.65,21.65,21.65,0.0
2017-04-27 20:55:00,EXEL,21.65,21.65,21.65,21.65,0.0
