2017-04-19 18:30:00,FNSR,21.84,21.84,21.84,21.84,5000.0
2017-04-19 18:15:00,FNSR,21.78,21.84,21.78,21.84,3500.0
2017-04-19 17:05:00,FNSR,21.84,21.84,21.84,21.84,178.0
2017-04-20 08:05:00,FNSR,22.075,22.075,22.05,22.05,800.0
2017-04-20 08:10:00,FNSR,21.98,21.98,21.98,21.98,1000.0
2017-04-20 08:20:00,FNSR,21.98,21.98,21.98,21.98,352.0
2017-04-20 08:30:00,FNSR,21.98,21.98,21.88,21.88,5924.0
2017-04-20 09:10:00,FNSR,21.9,21.9,21.9,21.9,100.0
2017-04-20 09:15:00,FNSR,22.0,22.0,22.0,22.0,1000.0
2017-04-20 09:25:00,FNSR,21.95,21.95,21.95,21.95,453.0
2017-04-20 09:30:00,FNSR,21.94,21.94,21.94,21.94,100.0
2017-04-20 09:35:00,FNSR,21.96,22.19,21.76,21.78,212173.0
2017-04-20 09:40:00,FNSR,21.8,21.82,21.53,21.7,225914.0
2017-04-20 09:45:00,FNSR,21.698,21.73,21.57,21.73,108194.0
2017-04-20 09:50:00,FNSR,21.73,21.85,21.63,21.81,107902.0
2017-04-20 09:55:00,FNSR,21.7786,21.82,21.71,21.73,31510.0
2017-04-20 10:00:00,FNSR,21.72,21.78,21.64,21.72,64164.0
2017-04-20 10:05:00,FNSR,21.73,21.93,21.73,21.86,96371.0
2017-04-20 10:10:00,FNSR,21.8599,21.98,21.83,21.97,34673.0
2017-04-20 10:15:00,FNSR,21.97,22.08,21.9103,22.02,91952.0
2017-04-20 10:20:00,FNSR,22.04,22.065,21.97,22.06,63352.0
2017-04-20 10:25:00,FNSR,22.06,22.1,21.94,21.94,71273.0
2017-04-20 10:30:00,FNSR,21.95,21.9603,21.86,21.955,50051.0
2017-04-20 10:35:00,FNSR,21.955,21.979,21.8999,21.9111,29457.0
2017-04-20 10:40:00,FNSR,21.92,21.975,21.87,21.975,29406.0
2017-04-20 10:45:00,FNSR,21.97,22.02,21.95,21.98,39571.0
2017-04-20 10:50:00,FNSR,21.97,22.02,21.96,22.005,35771.0
2017-04-20 10:55:00,FNSR,22.005,22.03,21.975,22.025,57433.0
2017-04-20 11:00:00,FNSR,22.02,22.02,21.93,22.0001,55673.0
2017-04-20 11:05:00,FNSR,22.01,22.02,21.955,21.96,28554.0
2017-04-20 11:10:00,FNSR,21.96,22.0,21.95,22.0,27006.0
2017-04-20 11:15:00,FNSR,22.005,22.02,21.97,21.9839,27955.0
2017-04-20 11:20:00,FNSR,21.99,22.0,21.945,21.99,32575.0
2017-04-20 11:25:00,FNSR,21.99,21.99,21.95,21.9562,27213.0
2017-04-20 11:30:00,FNSR,21.96,21.999,21.95,21.99,22974.0
2017-04-20 11:35:00,FNSR,21.99,21.995,21.92,21.93,21271.0
2017-04-20 11:40:00,FNSR,21.93,21.94,21.86,21.9,33163.0
2017-04-20 11:45:00,FNSR,21.9,21.95,21.88,21.94,30652.0
2017-04-20 11:50:00,FNSR,21.94,21.96,21.91,21.93,29850.0
2017-04-20 11:55:00,FNSR,21.93,21.96,21.905,21.9399,31193.0
2017-04-20 12:00:00,FNSR,21.94,21.98,21.91,21.915,37110.0
2017-04-20 12:05:00,FNSR,21.92,22.0,21.92,21.95,53602.0
2017-04-20 12:10:00,FNSR,21.95,21.99,21.9301,21.99,37652.0
2017-04-20 12:15:00,FNSR,22.0,22.01,21.94,21.99,51205.0
2017-04-20 12:20:00,FNSR,21.99,22.01,21.96,21.975,41147.0
2017-04-20 12:25:00,FNSR,21.98,22.02,21.98,21.99,60682.0
2017-04-20 12:30:00,FNSR,21.995,22.0,21.92,21.94,29814.0
2017-04-20 12:35:00,FNSR,21.94,21.99,21.94,21.965,24888.0
2017-04-20 12:40:00,FNSR,21.96,21.965,21.91,21.915,20583.0
2017-04-20 12:45:00,FNSR,21.92,21.935,21.88,21.925,38022.0
2017-04-20 12:50:00,FNSR,21.93,21.97,21.925,21.945,44814.0
2017-04-20 12:55:00,FNSR,21.945,22.0,21.94,21.96,33426.0
2017-04-20 13:00:00,FNSR,21.959,21.965,21.92,21.925,19252.0
2017-04-20 13:05:00,FNSR,21.93,21.96,21.915,21.96,18466.0
2017-04-20 13:10:00,FNSR,21.95,21.97,21.91,21.9299,28508.0
2017-04-20 13:15:00,FNSR,21.929,21.948,21.89,21.89,16788.0
2017-04-20 13:20:00,FNSR,21.895,21.91,21.85,21.855,13652.0
2017-04-20 13:25:00,FNSR,21.86,21.915,21.855,21.87,32269.0
2017-04-20 13:30:00,FNSR,21.88,21.92,21.86,21.9144,34634.0
2017-04-20 13:35:00,FNSR,21.92,21.935,21.8801,21.885,48838.0
2017-04-20 13:40:00,FNSR,21.89,21.95,21.87,21.93,25383.0
2017-04-20 13:45:00,FNSR,21.935,21.955,21.9,21.905,24905.0
2017-04-20 13:50:00,FNSR,21.905,21.91,21.885,21.89,15988.0
2017-04-20 13:55:00,FNSR,21.9,21.935,21.89,21.9,47774.0
2017-04-20 14:00:00,FNSR,21.905,21.92,21.89,21.91,52612.0
2017-04-20 14:05:00,FNSR,21.92,21.95,21.9,21.935,50654.0
2017-04-20 14:10:00,FNSR,21.935,21.94,21.87,21.88,44818.0
2017-04-20 14:15:00,FNSR,21.89,21.9,21.86,21.88,27017.0
2017-04-20 14:20:00,FNSR,21.88,21.89,21.865,21.875,30342.0
2017-04-20 14:25:00,FNSR,21.88,21.91,21.87,21.875,46672.0
2017-04-20 14:30:00,FNSR,21.88,21.89,21.865,21.885,29451.0
2017-04-20 14:35:00,FNSR,21.885,21.92,21.86,21.895,32513.0
2017-04-20 14:40:00,FNSR,21.895,21.96,21.895,21.915,55828.0
2017-04-20 14:45:00,FNSR,21.915,21.96,21.88,21.89,70524.0
2017-04-20 14:50:00,FNSR,21.89,21.91,21.87,21.9,41092.0
2017-04-20 14:55:00,FNSR,21.8911,21.9,21.86,21.9,26673.0
2017-04-20 15:00:00,FNSR,21.899,21.9,21.86,21.86,34163.0
2017-04-20 15:05:00,FNSR,21.865,21.9,21.85,21.859,73048.0
2017-04-20 15:10:00,FNSR,21.86,21.87,21.84,21.87,50081.0
2017-04-20 15:15:00,FNSR,21.88,21.89,21.85,21.85,51694.0
2017-04-20 15:20:00,FNSR,21.855,21.86,21.79,21.815,59058.0
2017-04-20 15:25:00,FNSR,21.81,21.83,21.78,21.785,40326.0
2017-04-20 15:30:00,FNSR,21.785,21.865,21.78,21.84,64381.0
2017-04-20 15:35:00,FNSR,21.84,21.86,21.79,21.86,102261.0
2017-04-20 15:40:00,FNSR,21.85,21.895,21.83,21.86,54808.0
2017-04-20 15:45:00,FNSR,21.87,21.91,21.86,21.91,56576.0
2017-04-20 15:50:00,FNSR,21.91,21.92,21.87,21.92,84271.0
2017-04-20 15:55:00,FNSR,21.915,21.9225,21.89,21.905,68591.0
2017-04-20 16:00:00,FNSR,21.91,21.93,21.84,21.86,301465.0
2017-04-20 16:05:00,FNSR,21.86,21.86,21.86,21.86,138549.0
2017-04-20 16:35:00,FNSR,21.86,21.87,21.86,21.87,750.0
2017-04-20 16:55:00,FNSR,21.86,21.86,21.86,21.86,1206.0
2017-04-20 18:50:00,FNSR,21.9,21.9,21.9,21.9,400.0
2017-04-21 08:40:00,FNSR,22.13,22.14,22.05,22.05,1250.0
2017-04-21 08:45:00,FNSR,21.97,22.0,21.97,22.0,1100.0
2017-04-21 09:10:00,FNSR,22.0,22.0,22.0,22.0,200.0
2017-04-21 09:20:00,FNSR,21.98,21.98,21.98,21.98,100.0
2017-04-21 09:25:00,FNSR,22.09,22.09,22.09,22.09,100.0
2017-04-21 09:30:00,FNSR,22.01,22.01,22.01,22.01,300.0
2017-04-21 09:35:00,FNSR,21.99,22.3671,21.99,22.35,254247.0
2017-04-21 09:40:00,FNSR,22.35,22.63,22.34,22.56,245937.0
2017-04-21 09:45:00,FNSR,22.56,22.94,22.55,22.895,184114.0
2017-04-21 09:50:00,FNSR,22.87,22.9005,22.63,22.63,178324.0
2017-04-21 09:55:00,FNSR,22.6305,22.72,22.56,22.67,83904.0
2017-04-21 10:00:00,FNSR,22.68,22.8,22.6,22.61,114956.0
2017-04-21 10:00:00,FNSR,22.68,22.8,22.6,22.61,114956.0
2017-04-19 16:55:00,FNSR,21.84,21.84,21.84,21.84,180.0
2017-04-19 16:35:00,FNSR,21.85,21.85,21.75,21.84,50387.0
2017-04-19 16:30:00,FNSR,21.85,21.85,21.85,21.85,250.0
2017-04-19 16:15:00,FNSR,21.8,21.84,21.8,21.84,9954.0
2017-04-19 16:05:00,FNSR,21.75,21.77,21.74,21.75,182645.0
2017-04-19 16:00:00,FNSR,21.775,21.78,21.71,21.75,587857.0
2017-04-19 15:55:00,FNSR,21.66,21.78,21.63,21.78,410011.0
2017-04-19 15:50:00,FNSR,21.795,21.8,21.6,21.64,282189.0
2017-04-19 15:45:00,FNSR,21.72,21.835,21.71,21.795,155140.0
2017-04-19 15:40:00,FNSR,21.64,21.72,21.64,21.71,106338.0
2017-04-19 15:35:00,FNSR,21.635,21.68,21.62,21.63,167506.0
2017-04-19 15:30:00,FNSR,21.77,21.77,21.61,21.639,191043.0
2017-04-19 15:25:00,FNSR,21.655,21.77,21.61,21.76,222817.0
2017-04-19 15:20:00,FNSR,21.65,21.66,21.59,21.65,157498.0
2017-04-19 15:15:00,FNSR,21.67,21.7,21.58,21.65,145315.0
2017-04-19 15:10:00,FNSR,21.7358,21.74,21.62,21.67,161556.0
2017-04-19 15:05:00,FNSR,21.745,21.745,21.72,21.735,56032.0
2017-04-19 15:00:00,FNSR,21.7099,21.78,21.69,21.74,141096.0
2017-04-19 14:55:00,FNSR,21.78,21.805,21.68,21.71,130749.0
2017-04-19 14:50:00,FNSR,21.73,21.84,21.71,21.775,131354.0
2017-04-19 14:45:00,FNSR,21.86,21.86,21.7,21.765,162895.0
2017-04-19 14:40:00,FNSR,21.87,21.89,21.83,21.85,133179.0
2017-04-19 14:35:00,FNSR,21.87,21.97,21.86,21.87,92666.0
2017-04-19 14:30:00,FNSR,21.76,21.89,21.76,21.87,123578.0
2017-04-19 14:25:00,FNSR,21.76,21.8399,21.7,21.76,186920.0
2017-04-19 14:20:00,FNSR,21.765,21.8,21.7,21.75,200697.0
2017-04-19 14:15:00,FNSR,21.76,21.84,21.71,21.76,183447.0
2017-04-19 14:10:00,FNSR,21.9801,21.99,21.75,21.76,228440.0
2017-04-19 14:05:00,FNSR,22.05,22.06,21.97,21.98,66197.0
2017-04-19 14:00:00,FNSR,22.02,22.06,21.97,22.05,87460.0
2017-04-19 13:55:00,FNSR,21.985,22.07,21.9775,22.02,166935.0
2017-04-19 13:50:00,FNSR,21.985,21.995,21.91,21.985,124822.0
2017-04-19 13:45:00,FNSR,21.9925,21.995,21.96,21.99,104242.0
2017-04-19 13:40:00,FNSR,21.995,22.0,21.95,21.995,82204.0
2017-04-19 13:35:00,FNSR,22.0,22.01,21.96,21.995,45712.0
2017-04-19 13:30:00,FNSR,22.02,22.03,21.97,22.005,69043.0
2017-04-19 13:25:00,FNSR,22.025,22.08,21.995,22.02,70469.0
2017-04-19 13:20:00,FNSR,22.015,22.04,21.96,22.025,99044.0
2017-04-19 13:15:00,FNSR,22.07,22.09,21.96,22.02,158814.0
2017-04-19 13:10:00,FNSR,22.13,22.13,22.05,22.0699,96469.0
2017-04-19 13:05:00,FNSR,22.125,22.155,22.05,22.12,137130.0
2017-04-19 13:00:00,FNSR,22.155,22.17,22.12,22.12,70241.0
2017-04-19 12:55:00,FNSR,22.15,22.16,22.13,22.155,118511.0
2017-04-19 12:50:00,FNSR,22.14,22.165,22.1,22.15,69268.0
2017-04-19 12:45:00,FNSR,22.19,22.2,22.0999,22.14,80950.0
2017-04-19 12:40:00,FNSR,22.17,22.19,22.1,22.19,54510.0
2017-04-19 12:35:00,FNSR,22.17,22.21,22.13,22.17,71446.0
2017-04-19 12:30:00,FNSR,22.27,22.31,22.14,22.1662,77141.0
2017-04-19 12:25:00,FNSR,22.255,22.33,22.23,22.28,50277.0
2017-04-19 12:20:00,FNSR,22.33,22.34,22.24,22.26,46178.0
2017-04-19 12:15:00,FNSR,22.24,22.34,22.2285,22.34,120369.0
2017-04-19 12:10:00,FNSR,22.3,22.305,22.23,22.24,50667.0
2017-04-19 12:05:00,FNSR,22.27,22.33,22.195,22.3,148716.0
2017-04-19 12:00:00,FNSR,22.3199,22.32,22.225,22.26,104555.0
2017-04-19 11:55:00,FNSR,22.35,22.4,22.19,22.3199,180800.0
2017-04-19 11:50:00,FNSR,22.46,22.48,22.33,22.36,83457.0
2017-04-19 11:45:00,FNSR,22.43,22.49,22.37,22.4688,110647.0
2017-04-19 11:40:00,FNSR,22.53,22.565,22.38,22.435,151740.0
2017-04-19 11:35:00,FNSR,22.69,22.69,22.525,22.53,63616.0
2017-04-19 11:30:00,FNSR,22.645,22.69,22.585,22.685,138978.0
2017-04-19 11:25:00,FNSR,22.54,22.65,22.5,22.64,137839.0
2017-04-19 11:20:00,FNSR,22.6,22.61,22.49,22.54,239231.0
2017-04-19 11:15:00,FNSR,22.47,22.61,22.36,22.6,226565.0
2017-04-19 11:10:00,FNSR,22.5,22.51,22.42,22.46,332306.0
2017-04-19 11:05:00,FNSR,22.39,22.51,22.36,22.5,306330.0
2017-04-19 11:00:00,FNSR,22.39,22.415,22.29,22.38,94605.0
2017-04-19 10:55:00,FNSR,22.43,22.48,22.35,22.3935,140069.0
2017-04-19 10:50:00,FNSR,22.4998,22.57,22.42,22.42,141998.0
2017-04-19 10:45:00,FNSR,22.3295,22.56,22.305,22.49,283066.0
2017-04-19 10:40:00,FNSR,22.34,22.41,22.29,22.33,270349.0
2017-04-19 10:35:00,FNSR,22.1,22.35,22.0599,22.34,337516.0
2017-04-19 10:30:00,FNSR,21.985,22.1,21.91,22.095,416182.0
2017-04-19 10:25:00,FNSR,22.06,22.1,21.92,21.98,325770.0
2017-04-19 10:20:00,FNSR,22.03,22.2099,21.96,22.07,315416.0
2017-04-19 10:15:00,FNSR,21.92,22.12,21.82,22.03,511432.0
2017-04-19 10:10:00,FNSR,22.0899,22.17,21.91,21.92,432554.0
2017-04-19 10:05:00,FNSR,22.23,22.38,22.06,22.09,457154.0
2017-04-19 10:00:00,FNSR,22.52,22.55,22.12,22.23,343356.0
2017-04-19 09:55:00,FNSR,22.23,22.5699,22.2,22.51,565111.0
2017-04-19 09:50:00,FNSR,22.07,22.29,21.88,22.22,520817.0
2017-04-19 09:45:00,FNSR,22.24,22.72,21.88,22.025,716413.0
2017-04-19 09:40:00,FNSR,22.77,22.98,22.19,22.24,633427.0
2017-04-19 09:35:00,FNSR,23.9,23.96,22.66,22.77,558245.0
2017-04-19 09:30:00,FNSR,23.94,23.94,23.94,23.94,100.0
2017-04-19 08:05:00,FNSR,23.77,23.77,23.75,23.75,750.0
2017-04-18 19:40:00,FNSR,23.76,23.76,23.76,23.76,100.0
2017-04-18 17:15:00,FNSR,23.75,23.75,23.75,23.75,500.0
2017-04-18 16:35:00,FNSR,23.84,23.84,23.84,23.84,1738.0
2017-04-18 16:25:00,FNSR,23.84,23.84,23.84,23.84,300.0
2017-04-18 16:20:00,FNSR,23.84,23.84,23.84,23.84,200.0
2017-04-18 16:15:00,FNSR,23.9,23.9,23.9,23.9,300.0
2017-04-18 16:05:00,FNSR,23.84,23.88,23.84,23.88,109716.0
2017-04-18 16:00:00,FNSR,23.88,23.89,23.79,23.835,846517.0
2017-04-18 15:55:00,FNSR,23.965,23.97,23.88,23.88,427675.0
2017-04-18 15:50:00,FNSR,24.0,24.0,23.96,23.965,228441.0
2017-04-18 15:45:00,FNSR,24.065,24.08,23.9899,24.0,167145.0
2017-04-18 15:40:00,FNSR,24.055,24.07,24.03,24.065,159119.0
2017-04-18 15:35:00,FNSR,24.06,24.09,24.04,24.055,143376.0
2017-04-18 15:30:00,FNSR,24.115,24.13,24.06,24.0625,184250.0
2017-04-18 15:25:00,FNSR,24.165,24.18,24.11,24.11,139218.0
2017-04-18 15:20:00,FNSR,24.19,24.2,24.15,24.165,79937.0
2017-04-18 15:15:00,FNSR,24.225,24.2296,24.185,24.2,87041.0
2017-04-18 15:10:00,FNSR,24.245,24.27,24.22,24.227,28213.0
2017-04-18 15:05:00,FNSR,24.26,24.29,24.2301,24.24,35399.0
2017-04-18 15:00:00,FNSR,24.3,24.305,24.24,24.26,62364.0
2017-04-18 14:55:00,FNSR,24.34,24.35,24.295,24.3,66337.0
2017-04-18 14:50:00,FNSR,24.35,24.35,24.31,24.3318,54544.0
2017-04-18 14:45:00,FNSR,24.41,24.41,24.33,24.34,35995.0
2017-04-18 14:40:00,FNSR,24.43,24.45,24.39,24.4,33371.0
2017-04-18 14:35:00,FNSR,24.46,24.465,24.41,24.41,17085.0
2017-04-18 14:30:00,FNSR,24.415,24.46,24.37,24.46,23909.0
2017-04-18 14:25:00,FNSR,24.42,24.44,24.41,24.42,32902.0
2017-04-18 14:20:00,FNSR,24.47,24.48,24.41,24.41,40353.0
2017-04-18 14:15:00,FNSR,24.55,24.585,24.47,24.47,82817.0
2017-04-18 14:10:00,FNSR,24.51,24.55,24.495,24.55,21725.0
2017-04-18 14:05:00,FNSR,24.46,24.52,24.46,24.5016,42388.0
2017-04-18 14:00:00,FNSR,24.46,24.485,24.44,24.45,23810.0
2017-04-18 13:55:00,FNSR,24.4799,24.48,24.455,24.455,20866.0
2017-04-18 13:50:00,FNSR,24.495,24.5,24.45,24.48,27506.0
2017-04-18 13:45:00,FNSR,24.44,24.5,24.43,24.5,29535.0
2017-04-18 13:40:00,FNSR,24.47,24.47,24.43,24.45,8544.0
2017-04-18 13:35:00,FNSR,24.4,24.47,24.4,24.47,34506.0
2017-04-18 13:30:00,FNSR,24.39,24.41,24.385,24.395,19260.0
2017-04-18 13:25:00,FNSR,24.3985,24.4,24.36,24.38,13605.0
2017-04-18 13:20:00,FNSR,24.39,24.41,24.36,24.4,18021.0
2017-04-18 13:15:00,FNSR,24.34,24.39,24.33,24.38,11282.0
2017-04-18 13:10:00,FNSR,24.325,24.36,24.305,24.36,11071.0
2017-04-18 13:05:00,FNSR,24.31,24.32,24.295,24.315,23592.0
2017-04-18 13:00:00,FNSR,24.3157,24.34,24.295,24.305,14813.0
2017-04-18 12:55:00,FNSR,24.33,24.41,24.31,24.31,45746.0
2017-04-18 12:50:00,FNSR,24.35,24.37,24.31,24.32,22110.0
2017-04-18 12:45:00,FNSR,24.355,24.4,24.3,24.35,30338.0
2017-04-18 12:40:00,FNSR,24.34,24.38,24.33,24.37,4957.0
2017-04-18 12:35:00,FNSR,24.35,24.36,24.33,24.33,6146.0
2017-04-18 12:30:00,FNSR,24.38,24.38,24.34,24.36,5000.0
2017-04-18 12:25:00,FNSR,24.33,24.38,24.33,24.38,4425.0
2017-04-18 12:20:00,FNSR,24.36,24.36,24.33,24.33,4400.0
2017-04-18 12:15:00,FNSR,24.3,24.35,24.27,24.35,27699.0
2017-04-18 12:10:00,FNSR,24.34,24.36,24.281,24.305,24107.0
2017-04-18 12:05:00,FNSR,24.28,24.34,24.25,24.33,32368.0
2017-04-18 12:00:00,FNSR,24.41,24.42,24.29,24.29,20160.0
2017-04-18 11:55:00,FNSR,24.38,24.415,24.36,24.409,23741.0
2017-04-18 11:50:00,FNSR,24.345,24.37,24.32,24.37,15070.0
2017-04-18 11:45:00,FNSR,24.31,24.35,24.31,24.35,5511.0
2017-04-18 11:40:00,FNSR,24.36,24.36,24.3,24.32,5100.0
2017-04-18 11:35:00,FNSR,24.385,24.43,24.35,24.35,19570.0
2017-04-18 11:30:00,FNSR,24.33,24.39,24.33,24.39,9153.0
2017-04-18 11:25:00,FNSR,24.26,24.345,24.25,24.33,22285.0
2017-04-18 11:20:00,FNSR,24.19,24.28,24.19,24.25,127839.0
2017-04-18 11:15:00,FNSR,24.2,24.24,24.18,24.19,45241.0
2017-04-18 11:10:00,FNSR,24.1901,24.24,24.16,24.2,24828.0
2017-04-18 11:05:00,FNSR,24.27,24.275,24.18,24.2,29934.0
2017-04-18 11:00:00,FNSR,24.25,24.29,24.22,24.27,15237.0
2017-04-18 10:55:00,FNSR,24.305,24.305,24.23,24.25,14795.0
2017-04-18 10:50:00,FNSR,24.33,24.33,24.27,24.305,24006.0
2017-04-18 10:45:00,FNSR,24.28,24.33,24.23,24.33,9999.0
2017-04-18 10:40:00,FNSR,24.25,24.29,24.24,24.28,14733.0
2017-04-18 10:35:00,FNSR,24.1701,24.27,24.17,24.27,11768.0
2017-04-18 10:30:00,FNSR,24.19,24.24,24.15,24.19,14527.0
2017-04-18 10:25:00,FNSR,24.14,24.19,24.12,24.19,23174.0
2017-04-18 10:20:00,FNSR,24.1148,24.21,24.11,24.14,21393.0
2017-04-18 10:15:00,FNSR,24.22,24.24,24.12,24.12,13664.0
2017-04-18 10:10:00,FNSR,24.29,24.31,24.2,24.23,16910.0
2017-04-18 10:05:00,FNSR,24.38,24.42,24.28,24.28,7233.0
2017-04-18 10:00:00,FNSR,24.25,24.3601,24.25,24.36,17098.0
2017-04-18 09:55:00,FNSR,24.34,24.34,24.23,24.26,14839.0
2017-04-18 09:50:00,FNSR,24.41,24.41,24.34,24.34,6200.0
2017-04-18 09:45:00,FNSR,24.38,24.4499,24.36,24.38,11369.0
2017-04-18 09:40:00,FNSR,24.32,24.45,24.27,24.42,51407.0
2017-04-18 09:35:00,FNSR,24.25,24.35,24.1,24.34,46134.0
2017-04-18 09:30:00,FNSR,24.31,24.31,24.22,24.22,500.0
2017-04-17 16:05:00,FNSR,24.39,24.45,24.39,24.45,55238.0
2017-04-17 16:00:00,FNSR,24.39,24.41,24.39,24.4,116162.0
2017-04-17 15:55:00,FNSR,24.43,24.44,24.39,24.39,73682.0
2017-04-17 15:50:00,FNSR,24.43,24.44,24.42,24.43,42897.0
2017-04-17 15:45:00,FNSR,24.405,24.43,24.405,24.43,43592.0
2017-04-17 15:40:00,FNSR,24.365,24.41,24.365,24.405,35681.0
2017-04-17 15:35:00,FNSR,24.39,24.4,24.36,24.365,34466.0
2017-04-17 15:30:00,FNSR,24.37,24.41,24.36,24.3952,59331.0
2017-04-17 15:25:00,FNSR,24.43,24.43,24.37,24.37,26620.0
2017-04-17 15:20:00,FNSR,24.395,24.44,24.39,24.43,29341.0
2017-04-17 15:15:00,FNSR,24.365,24.4,24.365,24.39,29100.0
2017-04-17 15:10:00,FNSR,24.355,24.39,24.35,24.365,28662.0
2017-04-17 15:05:00,FNSR,24.35,24.365,24.335,24.355,29956.0
2017-04-17 15:00:00,FNSR,24.37,24.38,24.35,24.35,23769.0
2017-04-17 14:55:00,FNSR,24.37,24.39,24.36,24.37,23404.0
2017-04-17 14:50:00,FNSR,24.36,24.38,24.35,24.375,33453.0
2017-04-17 14:45:00,FNSR,24.35,24.38,24.35,24.355,49079.0
2017-04-17 14:40:00,FNSR,24.31,24.35,24.3,24.35,15661.0
2017-04-17 14:35:00,FNSR,24.25,24.32,24.25,24.31,19314.0
2017-04-17 14:30:00,FNSR,24.28,24.29,24.24,24.24,20067.0
2017-04-17 14:25:00,FNSR,24.23,24.285,24.22,24.27,23051.0
2017-04-17 14:20:00,FNSR,24.23,24.27,24.22,24.23,10592.0
2017-04-17 14:15:00,FNSR,24.23,24.235,24.21,24.22,36206.0
2017-04-17 14:10:00,FNSR,24.23,24.28,24.21,24.22,12289.0
2017-04-17 14:05:00,FNSR,24.22,24.25,24.22,24.25,13297.0
2017-04-17 14:00:00,FNSR,24.205,24.25,24.2,24.22,10324.0
2017-04-17 13:55:00,FNSR,24.23,24.25,24.21,24.21,21161.0
2017-04-17 13:50:00,FNSR,24.24,24.25,24.22,24.22,7738.0
2017-04-17 13:45:00,FNSR,24.22,24.26,24.21,24.23,14090.0
2017-04-17 13:40:00,FNSR,24.23,24.24,24.21,24.23,10053.0
2017-04-17 13:35:00,FNSR,24.219,24.25,24.219,24.23,17084.0
2017-04-17 13:30:00,FNSR,24.24,24.26,24.215,24.215,21507.0
2017-04-17 13:25:00,FNSR,24.25,24.2601,24.23,24.23,27013.0
2017-04-17 13:20:00,FNSR,24.28,24.3,24.26,24.26,10850.0
2017-04-17 13:15:00,FNSR,24.32,24.35,24.2808,24.2861,11271.0
2017-04-17 13:10:00,FNSR,24.34,24.35,24.32,24.32,6399.0
2017-04-17 13:05:00,FNSR,24.31,24.34,24.29,24.34,11707.0
2017-04-17 13:00:00,FNSR,24.325,24.33,24.3,24.31,19736.0
2017-04-17 12:55:00,FNSR,24.29,24.32,24.28,24.32,16718.0
2017-04-17 12:50:00,FNSR,24.35,24.35,24.285,24.29,25661.0
2017-04-17 12:45:00,FNSR,24.36,24.38,24.35,24.36,22980.0
2017-04-17 12:40:00,FNSR,24.38,24.4,24.36,24.36,11011.0
2017-04-17 12:35:00,FNSR,24.3901,24.42,24.385,24.3999,5910.0
2017-04-17 12:30:00,FNSR,24.43,24.45,24.38,24.39,27209.0
2017-04-17 12:25:00,FNSR,24.4,24.44,24.39,24.44,7285.0
2017-04-17 12:20:00,FNSR,24.42,24.44,24.39,24.41,22451.0
2017-04-17 12:15:00,FNSR,24.45,24.45,24.41,24.42,17367.0
2017-04-17 12:10:00,FNSR,24.444,24.46,24.4234,24.45,16250.0
2017-04-17 12:05:00,FNSR,24.37,24.45,24.36,24.45,25473.0
2017-04-17 12:00:00,FNSR,24.42,24.44,24.37,24.37,18956.0
2017-04-17 11:55:00,FNSR,24.42,24.47,24.41,24.43,16257.0
2017-04-17 11:50:00,FNSR,24.46,24.48,24.41,24.41,19320.0
2017-04-17 11:45:00,FNSR,24.48,24.52,24.45,24.459,13840.0
2017-04-17 11:40:00,FNSR,24.48,24.51,24.46,24.48,14400.0
2017-04-17 11:35:00,FNSR,24.49,24.51,24.47,24.4801,25598.0
2017-04-17 11:30:00,FNSR,24.52,24.56,24.49,24.49,41173.0
2017-04-17 11:25:00,FNSR,24.5,24.52,24.44,24.52,17592.0
2017-04-17 11:20:00,FNSR,24.45,24.51,24.445,24.5,29345.0
2017-04-17 11:15:00,FNSR,24.425,24.45,24.42,24.44,28082.0
2017-04-17 11:10:00,FNSR,24.455,24.47,24.38,24.4276,56442.0
2017-04-17 11:05:00,FNSR,24.41,24.49,24.4,24.45,41772.0
2017-04-17 11:00:00,FNSR,24.4001,24.41,24.36,24.39,48634.0
2017-04-17 10:55:00,FNSR,24.43,24.47,24.36,24.41,46571.0
2017-04-17 10:50:00,FNSR,24.48,24.51,24.41,24.43,46105.0
2017-04-17 10:45:00,FNSR,24.445,24.51,24.445,24.498,28445.0
2017-04-17 10:40:00,FNSR,24.38,24.45,24.38,24.44,44703.0
2017-04-17 10:35:00,FNSR,24.37,24.46,24.37,24.3999,94608.0
2017-04-17 10:30:00,FNSR,24.38,24.39,24.31,24.36,21862.0
2017-04-17 10:25:00,FNSR,24.388,24.455,24.37,24.38,30150.0
2017-04-17 10:20:00,FNSR,24.3464,24.41,24.33,24.38,25588.0
2017-04-17 10:15:00,FNSR,24.25,24.37,24.25,24.32,37279.0
2017-04-17 10:10:00,FNSR,24.16,24.25,24.14,24.24,28209.0
2017-04-17 10:05:00,FNSR,24.14,24.19,24.14,24.16,39179.0
2017-04-17 10:00:00,FNSR,24.13,24.16,24.12,24.14,18265.0
2017-04-17 09:55:00,FNSR,24.16,24.1699,24.1,24.125,29786.0
2017-04-17 09:50:00,FNSR,24.18,24.22,24.13,24.15,34720.0
2017-04-17 09:45:00,FNSR,24.16,24.18,24.05,24.18,36219.0
2017-04-17 09:40:00,FNSR,24.21,24.23,24.11,24.18,22782.0
2017-04-17 09:35:00,FNSR,24.13,24.37,24.11,24.21,56504.0
2017-04-17 09:30:00,FNSR,24.14,24.14,24.14,24.14,200.0
2017-04-13 19:15:00,FNSR,24.2,24.2,24.2,24.2,100.0
2017-04-13 18:25:00,FNSR,24.1,24.1,24.1,24.1,100.0
2017-04-13 16:40:00,FNSR,24.1,24.1,24.1,24.1,100.0
2017-04-13 16:05:00,FNSR,24.1,24.1,24.1,24.1,64340.0
2017-04-13 16:00:00,FNSR,24.145,24.16,24.1,24.1,267692.0
2017-04-13 15:55:00,FNSR,24.17,24.205,24.145,24.145,129251.0
2017-04-13 15:50:00,FNSR,24.135,24.185,24.13,24.175,123065.0
2017-04-13 15:45:00,FNSR,24.18,24.18,24.125,24.13,61747.0
2017-04-13 15:40:00,FNSR,24.15,24.195,24.14,24.19,92136.0
2017-04-13 15:35:00,FNSR,24.15,24.2,24.135,24.15,105369.0
2017-04-13 15:30:00,FNSR,24.255,24.255,24.14,24.145,58605.0
2017-04-13 15:25:00,FNSR,24.195,24.27,24.195,24.255,56962.0
2017-04-13 15:20:00,FNSR,24.214,24.22,24.17,24.19,36231.0
2017-04-13 15:15:00,FNSR,24.2701,24.2758,24.2,24.21,53068.0
2017-04-13 15:10:00,FNSR,24.37,24.37,24.27,24.27,115090.0
2017-04-13 15:05:00,FNSR,24.265,24.435,24.255,24.375,131792.0
2017-04-13 15:00:00,FNSR,24.285,24.3,24.26,24.27,47406.0
2017-04-13 14:55:00,FNSR,24.32,24.325,24.275,24.29,32983.0
2017-04-13 14:50:00,FNSR,24.355,24.36,24.31,24.33,43418.0
2017-04-13 14:45:00,FNSR,24.365,24.415,24.35,24.35,59378.0
2017-04-13 14:40:00,FNSR,24.45,24.455,24.31,24.365,133873.0
2017-04-13 14:35:00,FNSR,24.5284,24.55,24.45,24.45,60338.0
2017-04-13 14:30:00,FNSR,24.595,24.61,24.515,24.52,54696.0
2017-04-13 14:25:00,FNSR,24.66,24.66,24.59,24.595,34944.0
2017-04-13 14:20:00,FNSR,24.65,24.705,24.63,24.66,18232.0
2017-04-13 14:15:00,FNSR,24.68,24.714,24.635,24.65,23022.0
2017-04-13 14:10:00,FNSR,24.67,24.7,24.65,24.68,26033.0
2017-04-13 14:05:00,FNSR,24.66,24.7,24.64,24.66,33741.0
2017-04-13 14:00:00,FNSR,24.705,24.73,24.65,24.65,55944.0
2017-04-13 13:55:00,FNSR,24.675,24.73,24.66,24.705,48215.0
2017-04-13 13:50:00,FNSR,24.75,24.755,24.635,24.6718,78293.0
2017-04-13 13:45:00,FNSR,24.875,24.9,24.73,24.75,33493.0
2017-04-13 13:40:00,FNSR,24.88,24.9,24.86,24.88,28200.0
2017-04-13 13:35:00,FNSR,24.88,24.9,24.85,24.8761,16413.0
2017-04-13 13:30:00,FNSR,24.85,24.89,24.84,24.885,15923.0
2017-04-13 13:25:00,FNSR,24.87,24.93,24.85,24.87,28200.0
2017-04-13 13:20:00,FNSR,24.865,24.88,24.84,24.88,15605.0
2017-04-13 13:15:00,FNSR,24.85,24.869,24.82,24.86,31582.0
2017-04-13 13:10:00,FNSR,24.91,24.91,24.84,24.85,27415.0
2017-04-13 13:05:00,FNSR,24.91,24.91,24.84,24.9,64624.0
2017-04-13 13:00:00,FNSR,24.92,24.925,24.87,24.91,44219.0
2017-04-13 12:55:00,FNSR,24.92,24.95,24.91,24.91,20626.0
2017-04-13 12:50:00,FNSR,24.95,24.96,24.91,24.91,16916.0
2017-04-13 12:45:00,FNSR,24.945,24.97,24.93,24.96,23604.0
2017-04-13 12:40:00,FNSR,24.96,24.98,24.94,24.94,8724.0
2017-04-13 12:35:00,FNSR,24.95,24.9858,24.945,24.96,15348.0
2017-04-13 12:30:00,FNSR,24.94,24.99,24.94,24.94,16371.0
2017-04-13 12:25:00,FNSR,24.96,24.99,24.93,24.94,24429.0
2017-04-13 12:20:00,FNSR,24.94,24.98,24.93,24.96,27145.0
2017-04-13 12:15:00,FNSR,24.84,24.96,24.84,24.95,41693.0
2017-04-13 12:10:00,FNSR,24.95,24.95,24.79,24.84,43315.0
2017-04-13 12:05:00,FNSR,24.93,24.96,24.91,24.95,39918.0
2017-04-13 12:00:00,FNSR,25.035,25.04,24.9,24.94,60568.0
2017-04-13 11:55:00,FNSR,24.97,25.03,24.935,25.03,33641.0
2017-04-13 11:50:00,FNSR,24.99,25.008,24.96,24.96,16924.0
2017-04-13 11:45:00,FNSR,24.97,25.01,24.96,24.99,39476.0
2017-04-13 11:40:00,FNSR,25.02,25.03,24.96,24.97,33927.0
2017-04-13 11:35:00,FNSR,24.93,25.025,24.91,25.02,24942.0
2017-04-13 11:30:00,FNSR,25.0,25.01,24.929,24.93,32899.0
2017-04-13 11:25:00,FNSR,24.96,25.03,24.96,25.01,31078.0
2017-04-13 11:20:00,FNSR,24.89,24.97,24.88,24.97,51059.0
2017-04-13 11:15:00,FNSR,24.95,24.9683,24.88,24.89,25717.0
2017-04-13 11:10:00,FNSR,24.97,24.98,24.9,24.96,36484.0
2017-04-13 11:05:00,FNSR,24.94,25.03,24.94,24.98,33452.0
2017-04-13 11:00:00,FNSR,24.92,25.0,24.92,24.94,43585.0
2017-04-13 10:55:00,FNSR,24.86,24.92,24.83,24.92,14735.0
2017-04-13 10:50:00,FNSR,24.95,24.95,24.84,24.87,50791.0
2017-04-13 10:45:00,FNSR,24.84,24.99,24.84,24.9499,53591.0
2017-04-13 10:40:00,FNSR,24.82,24.83,24.75,24.83,44700.0
2017-04-13 10:35:00,FNSR,24.84,24.87,24.76,24.83,37863.0
2017-04-13 10:30:00,FNSR,24.91,24.91,24.81,24.82,52554.0
2017-04-13 10:25:00,FNSR,25.0,25.0,24.86,24.9,48265.0
2017-04-13 10:20:00,FNSR,25.005,25.05,24.97,24.99,43537.0
2017-04-13 10:15:00,FNSR,25.07,25.13,24.99,25.0001,43000.0
2017-04-13 10:10:00,FNSR,25.2,25.2,25.01,25.07,43640.0
2017-04-13 10:05:00,FNSR,25.0996,25.22,25.08,25.2,72839.0
2017-04-13 10:00:00,FNSR,25.15,25.2,25.03,25.09,57478.0
2017-04-13 09:55:00,FNSR,25.05,25.22,25.01,25.1599,93527.0
2017-04-13 09:50:00,FNSR,24.85,25.06,24.85,25.035,92961.0
2017-04-13 09:45:00,FNSR,25.04,25.22,24.84,24.88,217288.0
2017-04-13 09:40:00,FNSR,25.29,25.3,24.9,25.05,292949.0
2017-04-13 09:35:00,FNSR,25.24,25.3,25.01,25.29,207456.0
2017-04-13 09:30:00,FNSR,25.35,25.36,25.22,25.23,5935.0
2017-04-13 09:25:00,FNSR,25.37,25.37,25.37,25.37,100.0
2017-04-13 09:20:00,FNSR,25.3,25.32,25.3,25.32,700.0
2017-04-13 09:15:00,FNSR,25.37,25.37,25.35,25.35,350.0
2017-04-13 09:10:00,FNSR,25.25,25.35,25.25,25.35,3432.0
2017-04-13 09:05:00,FNSR,25.3,25.3,25.26,25.26,2800.0
2017-04-13 09:00:00,FNSR,25.35,25.35,25.3,25.3,4752.0
2017-04-13 08:55:00,FNSR,25.3,25.4,25.3,25.4,2622.0
2017-04-13 08:50:00,FNSR,25.25,25.25,25.25,25.25,2400.0
2017-04-13 08:45:00,FNSR,25.25,25.3,25.25,25.25,1330.0
2017-04-13 08:40:00,FNSR,25.3,25.3,25.25,25.3,2870.0
2017-04-13 08:35:00,FNSR,25.37,25.38,25.1,25.2,2157.0
2017-04-13 08:30:00,FNSR,25.19,25.3,25.19,25.3,2900.0
2017-04-13 08:25:00,FNSR,25.1,25.19,25.1,25.1,2562.0
2017-04-13 08:20:00,FNSR,25.19,25.19,25.19,25.19,2800.0
2017-04-13 08:15:00,FNSR,25.18,25.19,25.18,25.19,500.0
2017-04-13 08:10:00,FNSR,25.19,25.19,25.19,25.19,200.0
2017-04-13 08:05:00,FNSR,25.22,25.22,25.11,25.12,1075.0
2017-04-13 07:50:00,FNSR,25.14,25.14,25.14,25.14,1000.0
2017-04-13 07:45:00,FNSR,25.22,25.22,25.22,25.22,200.0
2017-04-13 07:40:00,FNSR,25.1,25.1,25.1,25.1,220.0
2017-04-13 07:20:00,FNSR,25.25,25.25,25.25,25.25,500.0
2017-04-13 05:30:00,FNSR,25.55,25.55,25.55,25.55,100.0
2017-04-13 04:20:00,FNSR,25.55,25.55,25.55,25.55,900.0
2017-04-12 19:45:00,FNSR,24.87,24.87,24.87,24.87,4233.0
2017-04-12 18:55:00,FNSR,24.9,24.9,24.87,24.87,1400.0
2017-04-12 18:30:00,FNSR,24.87,24.87,24.87,24.87,1500.0
2017-04-12 18:10:00,FNSR,24.9,24.9,24.9,24.9,1000.0
2017-04-12 18:00:00,FNSR,24.85,24.85,24.85,24.85,587.0
2017-04-12 17:45:00,FNSR,24.95,24.95,24.95,24.95,100.0
2017-04-12 17:15:00,FNSR,24.81,24.81,24.81,24.81,100.0
2017-04-12 17:10:00,FNSR,24.96,24.96,24.96,24.96,2000.0
2017-04-12 17:00:00,FNSR,25.0,25.0,24.97,24.97,4106.0
2017-04-12 16:55:00,FNSR,24.85,24.85,24.85,24.85,1500.0
2017-04-12 16:50:00,FNSR,25.04,25.04,24.85,24.85,1400.0
2017-04-12 16:45:00,FNSR,25.04,25.05,25.0,25.0,2700.0
2017-04-12 16:40:00,FNSR,24.79,25.0,24.79,25.0,14400.0
2017-04-12 16:35:00,FNSR,24.79,24.79,24.71,24.71,600.0
2017-04-12 16:25:00,FNSR,24.6,24.6,24.6,24.6,200.0
2017-04-12 16:20:00,FNSR,24.8,24.8,24.8,24.8,100.0
2017-04-12 16:15:00,FNSR,24.66,24.7,24.66,24.7,1200.0
2017-04-12 16:10:00,FNSR,24.81,24.81,24.79,24.79,700.0
2017-04-12 16:05:00,FNSR,24.15,25.04,24.15,25.03,106971.0
2017-04-12 16:00:00,FNSR,24.14,24.17,24.13,24.15,184964.0
2017-04-12 15:55:00,FNSR,24.1,24.15,24.1,24.135,71967.0
2017-04-12 15:50:00,FNSR,24.135,24.145,24.085,24.1,68786.0
2017-04-12 15:45:00,FNSR,24.15,24.165,24.13,24.14,31790.0
2017-04-12 15:40:00,FNSR,24.18,24.19,24.16,24.16,33503.0
2017-04-12 15:35:00,FNSR,24.19,24.2,24.165,24.1835,57924.0
2017-04-12 15:30:00,FNSR,24.19,24.21,24.18,24.1999,44382.0
2017-04-12 15:25:00,FNSR,24.11,24.205,24.11,24.19,30036.0
2017-04-12 15:20:00,FNSR,24.175,24.19,24.11,24.115,22622.0
2017-04-12 15:15:00,FNSR,24.22,24.23,24.1501,24.18,42919.0
2017-04-12 15:10:00,FNSR,24.21,24.22,24.185,24.22,49874.0
2017-04-12 15:05:00,FNSR,24.21,24.22,24.195,24.22,35686.0
2017-04-12 15:00:00,FNSR,24.21,24.225,24.2,24.215,18060.0
2017-04-12 14:55:00,FNSR,24.2,24.225,24.19,24.2,33685.0
2017-04-12 14:50:00,FNSR,24.18,24.21,24.175,24.2,17064.0
2017-04-12 14:45:00,FNSR,24.1894,24.21,24.175,24.1899,21160.0
2017-04-12 14:40:00,FNSR,24.225,24.24,24.19,24.2,19017.0
2017-04-12 14:35:00,FNSR,24.21,24.25,24.195,24.23,17102.0
2017-04-12 14:30:00,FNSR,24.19,24.22,24.18,24.21,23495.0
2017-04-12 14:25:00,FNSR,24.1967,24.22,24.19,24.2,12527.0
2017-04-12 14:20:00,FNSR,24.2,24.21,24.17,24.2,32154.0
2017-04-12 14:15:00,FNSR,24.21,24.24,24.19,24.21,11717.0
2017-04-12 14:10:00,FNSR,24.22,24.26,24.22,24.2299,25194.0
2017-04-12 14:05:00,FNSR,24.22,24.23,24.205,24.22,32716.0
2017-04-12 14:00:00,FNSR,24.19,24.23,24.18,24.225,21096.0
2017-04-12 13:55:00,FNSR,24.22,24.22,24.195,24.2,16963.0
2017-04-12 13:50:00,FNSR,24.2,24.22,24.19,24.21,15943.0
2017-04-12 13:45:00,FNSR,24.205,24.22,24.19,24.195,41389.0
2017-04-12 13:40:00,FNSR,24.19,24.23,24.175,24.2,26701.0
2017-04-12 13:35:00,FNSR,24.2,24.21,24.17,24.18,20890.0
2017-04-12 13:30:00,FNSR,24.195,24.21,24.18,24.2,8157.0
2017-04-12 13:25:00,FNSR,24.195,24.2,24.17,24.19,12985.0
2017-04-12 13:20:00,FNSR,24.18,24.21,24.15,24.195,44034.0
2017-04-12 13:15:00,FNSR,24.12,24.18,24.12,24.18,19251.0
2017-04-12 13:10:00,FNSR,24.1,24.14,24.09,24.12,16144.0
2017-04-12 13:05:00,FNSR,24.06,24.14,24.06,24.11,14448.0
2017-04-12 13:00:00,FNSR,24.07,24.07,24.04,24.066,12857.0
2017-04-12 12:55:00,FNSR,24.11,24.12,24.07,24.085,8548.0
2017-04-12 12:50:00,FNSR,24.095,24.13,24.09,24.11,13288.0
2017-04-12 12:45:00,FNSR,24.04,24.09,24.04,24.09,16399.0
2017-04-12 12:40:00,FNSR,24.09,24.09,24.04,24.04,17806.0
2017-04-12 12:35:00,FNSR,24.13,24.13,24.09,24.09,12700.0
2017-04-12 12:30:00,FNSR,24.13,24.16,24.12,24.14,24576.0
2017-04-12 12:25:00,FNSR,24.14,24.17,24.115,24.13,10635.0
2017-04-12 12:20:00,FNSR,24.16,24.17,24.13,24.14,16962.0
2017-04-12 12:15:00,FNSR,24.15,24.16,24.1338,24.16,17926.0
2017-04-12 12:10:00,FNSR,24.11,24.16,24.11,24.14,17984.0
2017-04-12 12:05:00,FNSR,24.085,24.11,24.07,24.11,10823.0
2017-04-12 12:00:00,FNSR,24.025,24.09,24.025,24.081,22146.0
2017-04-12 11:55:00,FNSR,23.985,24.04,23.97,24.03,23044.0
2017-04-12 11:50:00,FNSR,24.065,24.065,23.97,23.99,50006.0
2017-04-12 11:45:00,FNSR,24.05,24.095,24.035,24.07,12411.0
2017-04-12 11:40:00,FNSR,24.08,24.08,24.0236,24.06,28024.0
2017-04-12 11:35:00,FNSR,24.085,24.11,24.07,24.08,13916.0
2017-04-12 11:30:00,FNSR,24.095,24.11,24.0571,24.085,20608.0
2017-04-12 11:25:00,FNSR,24.13,24.14,24.08,24.09,16842.0
2017-04-12 11:20:00,FNSR,24.11,24.135,24.09,24.12,20997.0
2017-04-12 11:15:00,FNSR,24.18,24.18,24.12,24.12,33423.0
2017-04-12 11:10:00,FNSR,24.14,24.22,24.13,24.18,26326.0
2017-04-12 11:05:00,FNSR,24.14,24.185,24.125,24.14,20426.0
2017-04-12 11:00:00,FNSR,24.17,24.21,24.13,24.15,14241.0
2017-04-12 10:55:00,FNSR,24.16,24.19,24.13,24.1701,13486.0
2017-04-12 10:50:00,FNSR,24.15,24.19,24.07,24.17,21505.0
2017-04-12 10:45:00,FNSR,24.21,24.22,24.16,24.16,21163.0
2017-04-12 10:40:00,FNSR,24.21,24.23,24.17,24.21,19565.0
2017-04-12 10:35:00,FNSR,24.21,24.24,24.17,24.2042,15614.0
2017-04-12 10:30:00,FNSR,24.21,24.23,24.18,24.21,18251.0
2017-04-12 10:25:00,FNSR,24.22,24.25,24.2,24.22,12180.0
2017-04-12 10:20:00,FNSR,24.15,24.23,24.15,24.22,35128.0
2017-04-12 10:15:00,FNSR,24.15,24.165,24.0401,24.142,79721.0
2017-04-12 10:10:00,FNSR,24.2,24.22,24.15,24.16,23835.0
2017-04-12 10:05:00,FNSR,24.185,24.23,24.13,24.18,21337.0
2017-04-12 10:00:00,FNSR,24.21,24.22,24.15,24.17,20123.0
2017-04-12 09:55:00,FNSR,24.2,24.22,24.16,24.2,28681.0
2017-04-12 09:50:00,FNSR,24.19,24.24,24.18,24.18,44650.0
2017-04-12 09:45:00,FNSR,24.24,24.25,24.2,24.2001,15973.0
2017-04-12 09:40:00,FNSR,24.2,24.23,24.16,24.225,38650.0
2017-04-12 09:35:00,FNSR,24.25,24.35,24.19,24.23,81021.0
2017-04-12 09:00:00,FNSR,24.25,24.25,24.25,24.25,100.0
2017-04-11 17:25:00,FNSR,24.34,24.34,24.34,24.34,1495.0
2017-04-11 16:50:00,FNSR,24.34,24.34,24.34,24.34,100.0
2017-04-11 16:40:00,FNSR,24.34,24.34,24.34,24.34,205.0
2017-04-11 16:05:00,FNSR,24.22,24.26,24.22,24.26,95648.0
2017-04-11 16:00:00,FNSR,24.2,24.22,24.17,24.22,240908.0
2017-04-11 15:55:00,FNSR,24.22,24.24,24.19,24.19,69919.0
2017-04-11 15:50:00,FNSR,24.22,24.24,24.2,24.22,67021.0
2017-04-11 15:45:00,FNSR,24.245,24.25,24.21,24.22,44340.0
2017-04-11 15:40:00,FNSR,24.25,24.26,24.2264,24.245,71045.0
2017-04-11 15:35:00,FNSR,24.21,24.26,24.2,24.255,31622.0
2017-04-11 15:30:00,FNSR,24.2,24.215,24.19,24.205,26720.0
2017-04-11 15:25:00,FNSR,24.23,24.24,24.185,24.1997,37843.0
2017-04-11 15:20:00,FNSR,24.2501,24.265,24.225,24.2299,48509.0
2017-04-11 15:15:00,FNSR,24.27,24.27,24.22,24.26,57162.0
2017-04-11 15:10:00,FNSR,24.275,24.2775,24.24,24.265,26521.0
2017-04-11 15:05:00,FNSR,24.26,24.28,24.25,24.27,14840.0
2017-04-11 15:00:00,FNSR,24.305,24.315,24.27,24.27,37386.0
2017-04-11 14:55:00,FNSR,24.265,24.315,24.245,24.31,36813.0
2017-04-11 14:50:00,FNSR,24.305,24.325,24.265,24.265,47914.0
2017-04-11 14:45:00,FNSR,24.3,24.31,24.28,24.3,38957.0
2017-04-11 14:40:00,FNSR,24.29,24.305,24.28,24.29,26050.0
2017-04-11 14:35:00,FNSR,24.31,24.32,24.29,24.29,46443.0
2017-04-11 14:30:00,FNSR,24.22,24.32,24.21,24.32,45117.0
2017-04-11 14:25:00,FNSR,24.21,24.22,24.2,24.22,36079.0
2017-04-11 14:20:00,FNSR,24.24,24.2401,24.2,24.2,18880.0
2017-04-11 14:15:00,FNSR,24.24,24.25,24.19,24.23,35528.0
2017-04-11 14:10:00,FNSR,24.23,24.25,24.21,24.23,20532.0
2017-04-11 14:05:00,FNSR,24.205,24.27,24.205,24.2254,29024.0
2017-04-11 14:00:00,FNSR,24.22,24.22,24.2,24.21,9498.0
2017-04-11 13:55:00,FNSR,24.2,24.23,24.2,24.225,27343.0
2017-04-11 13:50:00,FNSR,24.2161,24.24,24.2,24.2,34682.0
2017-04-11 13:45:00,FNSR,24.25,24.25,24.195,24.21,23076.0
2017-04-11 13:40:00,FNSR,24.24,24.28,24.23,24.25,22327.0
2017-04-11 13:35:00,FNSR,24.22,24.2599,24.2,24.23,17571.0
2017-04-11 13:30:00,FNSR,24.22,24.23,24.205,24.225,7528.0
2017-04-11 13:25:00,FNSR,24.215,24.26,24.2,24.22,20090.0
2017-04-11 13:20:00,FNSR,24.21,24.235,24.2,24.22,35442.0
2017-04-11 13:15:00,FNSR,24.24,24.25,24.21,24.215,8626.0
2017-04-11 13:10:00,FNSR,24.25,24.3,24.25,24.25,33705.0
2017-04-11 13:05:00,FNSR,24.21,24.27,24.205,24.25,32162.0
2017-04-11 13:00:00,FNSR,24.205,24.23,24.195,24.2,61309.0
2017-04-11 12:55:00,FNSR,24.12,24.21,24.12,24.21,26156.0
2017-04-11 12:50:00,FNSR,24.19,24.21,24.12,24.1284,18302.0
2017-04-11 12:45:00,FNSR,24.21,24.2299,24.15,24.1825,30523.0
2017-04-11 12:40:00,FNSR,24.23,24.24,24.2,24.215,23275.0
2017-04-11 12:35:00,FNSR,24.23,24.255,24.2009,24.225,23083.0
2017-04-11 12:30:00,FNSR,24.22,24.25,24.2,24.23,22009.0
2017-04-11 12:25:00,FNSR,24.23,24.255,24.2,24.22,22705.0
2017-04-11 12:20:00,FNSR,24.255,24.265,24.19,24.235,29166.0
2017-04-11 12:15:00,FNSR,24.2499,24.2799,24.23,24.26,45399.0
2017-04-11 12:10:00,FNSR,24.24,24.26,24.23,24.25,31560.0
2017-04-11 12:05:00,FNSR,24.26,24.26,24.2,24.22,20033.0
2017-04-11 12:00:00,FNSR,24.195,24.26,24.19,24.26,51774.0
2017-04-11 11:55:00,FNSR,24.21,24.25,24.17,24.2,46997.0
2017-04-11 11:50:00,FNSR,24.22,24.25,24.17,24.215,31242.0
2017-04-11 11:45:00,FNSR,24.23,24.24,24.19,24.21,73741.0
2017-04-11 11:40:00,FNSR,24.145,24.2286,24.14,24.22,21641.0
2017-04-11 11:35:00,FNSR,24.16,24.21,24.12,24.14,82761.0
2017-04-11 11:30:00,FNSR,24.12,24.18,24.1082,24.15,36837.0
2017-04-11 11:25:00,FNSR,24.17,24.18,24.11,24.1201,39724.0
2017-04-11 11:20:00,FNSR,24.15,24.2,24.11,24.17,44008.0
2017-04-11 11:15:00,FNSR,24.1,24.16,24.1,24.155,35671.0
2017-04-11 11:10:00,FNSR,24.1366,24.15,24.1,24.11,57051.0
2017-04-11 11:05:00,FNSR,24.15,24.16,24.1,24.13,39831.0
2017-04-11 11:00:00,FNSR,24.19,24.2,24.11,24.15,48255.0
2017-04-11 10:55:00,FNSR,24.17,24.2,24.13,24.19,65001.0
2017-04-11 10:50:00,FNSR,24.225,24.225,24.16,24.16,83568.0
2017-04-11 10:45:00,FNSR,24.24,24.25,24.14,24.225,103328.0
2017-04-11 10:40:00,FNSR,24.18,24.255,24.18,24.24,57082.0
2017-04-11 10:35:00,FNSR,24.25,24.26,24.1601,24.18,45037.0
2017-04-11 10:30:00,FNSR,24.29,24.29,24.22,24.25,56796.0
2017-04-11 10:25:00,FNSR,24.38,24.38,24.24,24.29,84054.0
2017-04-11 10:20:00,FNSR,24.44,24.455,24.355,24.37,168280.0
2017-04-11 10:15:00,FNSR,24.56,24.56,24.4376,24.44,20619.0
2017-04-11 10:10:00,FNSR,24.59,24.61,24.495,24.5657,35233.0
2017-04-11 10:05:00,FNSR,24.58,24.61,24.52,24.58,37688.0
2017-04-11 10:00:00,FNSR,24.62,24.62,24.46,24.62,60768.0
2017-04-11 09:55:00,FNSR,24.61,24.7,24.57,24.61,31117.0
2017-04-11 09:50:00,FNSR,24.68,24.71,24.6,24.6,65643.0
2017-04-11 09:45:00,FNSR,24.73,24.8,24.66,24.69,56624.0
2017-04-11 09:40:00,FNSR,24.76,24.82,24.71,24.74,31270.0
2017-04-11 09:35:00,FNSR,24.74,24.95,24.71,24.71,64175.0
2017-04-10 18:30:00,FNSR,25.44,25.44,25.44,25.44,100.0
2017-04-10 16:55:00,FNSR,24.71,24.71,24.71,24.71,150.0
2017-04-10 16:05:00,FNSR,24.88,24.89,24.88,24.89,281810.0
2017-04-10 16:00:00,FNSR,24.88,24.89,24.87,24.885,119117.0
2017-04-10 15:55:00,FNSR,24.86,24.9,24.86,24.87,46959.0
2017-04-10 15:50:00,FNSR,24.89,24.91,24.855,24.86,102890.0
2017-04-10 15:45:00,FNSR,24.9,24.92,24.895,24.895,42045.0
2017-04-10 15:40:00,FNSR,24.91,24.92,24.885,24.9,27382.0
2017-04-10 15:35:00,FNSR,24.89,24.92,24.87,24.9,41592.0
2017-04-10 15:30:00,FNSR,24.895,24.9,24.89,24.8999,17554.0
2017-04-10 15:25:00,FNSR,24.93,24.93,24.88,24.89,52869.0
2017-04-10 15:20:00,FNSR,24.91,24.95,24.91,24.93,20172.0
2017-04-10 15:15:00,FNSR,24.895,24.92,24.89,24.91,13385.0
2017-04-10 15:10:00,FNSR,24.9,24.95,24.89,24.9,20549.0
2017-04-10 15:05:00,FNSR,24.87,24.91,24.87,24.895,16200.0
2017-04-10 15:00:00,FNSR,24.88,24.88,24.85,24.87,19538.0
2017-04-10 14:55:00,FNSR,24.92,24.92,24.8769,24.88,48505.0
2017-04-10 14:50:00,FNSR,24.9225,24.9575,24.9101,24.915,28450.0
2017-04-10 14:45:00,FNSR,24.9,24.92,24.87,24.92,32218.0
2017-04-10 14:40:00,FNSR,24.92,24.92,24.88,24.895,20731.0
2017-04-10 14:35:00,FNSR,24.9,24.93,24.9,24.915,17555.0
2017-04-10 14:30:00,FNSR,24.93,24.93,24.89,24.9,17480.0
2017-04-10 14:25:00,FNSR,24.93,24.95,24.92,24.93,22078.0
2017-04-10 14:20:00,FNSR,24.95,24.96,24.92,24.92,7371.0
2017-04-10 14:15:00,FNSR,24.91,24.97,24.91,24.96,17226.0
2017-04-10 14:10:00,FNSR,24.91,24.92,24.9,24.92,10507.0
2017-04-10 14:05:00,FNSR,24.98,24.98,24.91,24.91,25214.0
2017-04-10 14:00:00,FNSR,24.97,24.98,24.965,24.97,15170.0
2017-04-10 13:55:00,FNSR,24.97,24.97,24.96,24.97,6013.0
2017-04-10 13:50:00,FNSR,24.99,24.99,24.965,24.98,12442.0
2017-04-10 13:45:00,FNSR,24.975,25.0,24.97,24.99,21037.0
2017-04-10 13:40:00,FNSR,24.94,24.99,24.94,24.9756,15732.0
2017-04-10 13:35:00,FNSR,24.9,24.95,24.89,24.95,16098.0
2017-04-10 13:30:00,FNSR,24.895,24.895,24.875,24.89,10506.0
2017-04-10 13:25:00,FNSR,24.88,24.9,24.87,24.89,8238.0
2017-04-10 13:20:00,FNSR,24.9,24.9,24.86,24.87,11721.0
2017-04-10 13:15:00,FNSR,24.89,24.9,24.88,24.89,8849.0
2017-04-10 13:10:00,FNSR,24.88,24.92,24.88,24.89,12392.0
2017-04-10 13:05:00,FNSR,24.89,24.91,24.88,24.89,12780.0
2017-04-10 13:00:00,FNSR,24.91,24.915,24.89,24.9,13873.0
2017-04-10 12:55:00,FNSR,24.87,24.915,24.87,24.905,18636.0
2017-04-10 12:50:00,FNSR,24.85,24.87,24.82,24.86,22908.0
2017-04-10 12:45:00,FNSR,24.82,24.85,24.82,24.85,20582.0
2017-04-10 12:40:00,FNSR,24.82,24.84,24.79,24.82,12367.0
2017-04-10 12:35:00,FNSR,24.78,24.84,24.76,24.82,14220.0
2017-04-10 12:30:00,FNSR,24.76,24.79,24.74,24.79,9121.0
2017-04-10 12:25:00,FNSR,24.78,24.7864,24.75,24.775,30417.0
2017-04-10 12:20:00,FNSR,24.76,24.78,24.76,24.775,7522.0
2017-04-10 12:15:00,FNSR,24.815,24.82,24.76,24.76,27528.0
2017-04-10 12:10:00,FNSR,24.81,24.82,24.8,24.81,14784.0
2017-04-10 12:05:00,FNSR,24.82,24.82,24.8,24.81,15186.0
2017-04-10 12:00:00,FNSR,24.81,24.82,24.79,24.81,15730.0
2017-04-10 11:55:00,FNSR,24.77,24.82,24.75,24.81,24828.0
2017-04-10 11:50:00,FNSR,24.76,24.7775,24.71,24.77,26070.0
2017-04-10 11:45:00,FNSR,24.82,24.83,24.74,24.76,76703.0
2017-04-10 11:40:00,FNSR,24.825,24.85,24.8,24.82,29109.0
2017-04-10 11:35:00,FNSR,24.9,24.91,24.82,24.83,32750.0
2017-04-10 11:30:00,FNSR,24.965,24.969,24.89,24.9,22869.0
2017-04-10 11:25:00,FNSR,24.96,24.98,24.95,24.96,17636.0
2017-04-10 11:20:00,FNSR,24.95,24.97,24.94,24.96,30960.0
2017-04-10 11:15:00,FNSR,24.94,24.95,24.92,24.95,27055.0
2017-04-10 11:10:00,FNSR,24.94,24.95,24.9,24.93,35714.0
2017-04-10 11:05:00,FNSR,24.92,24.945,24.91,24.94,27626.0
2017-04-10 11:00:00,FNSR,24.91,24.95,24.89,24.91,45264.0
2017-04-10 10:55:00,FNSR,24.91,24.93,24.88,24.91,46896.0
2017-04-10 10:50:00,FNSR,24.97,24.975,24.9,24.9,18711.0
2017-04-10 10:45:00,FNSR,25.01,25.01,24.96,24.97,36136.0
2017-04-10 10:40:00,FNSR,25.08,25.1,25.0,25.01,26865.0
2017-04-10 10:35:00,FNSR,25.02,25.11,25.02,25.08,21247.0
2017-04-10 10:30:00,FNSR,25.04,25.05,24.99,25.02,22855.0
2017-04-10 10:25:00,FNSR,25.03,25.07,25.0,25.05,30829.0
2017-04-10 10:20:00,FNSR,24.99,25.03,24.95,25.024,54579.0
2017-04-10 10:15:00,FNSR,25.01,25.02,24.96,24.99,20868.0
2017-04-10 10:10:00,FNSR,24.95,25.01,24.95,25.0008,21853.0
2017-04-10 10:05:00,FNSR,25.03,25.04,24.95,24.95,44206.0
2017-04-10 10:00:00,FNSR,24.978,25.04,24.88,25.04,62055.0
2017-04-10 09:55:00,FNSR,25.0,25.0,24.95,24.98,16762.0
2017-04-10 09:50:00,FNSR,24.85,24.99,24.85,24.99,39315.0
2017-04-10 09:45:00,FNSR,24.96,25.01,24.83,24.835,74929.0
2017-04-10 09:40:00,FNSR,24.78,24.96,24.78,24.95,51937.0
2017-04-10 09:35:00,FNSR,24.83,24.924,24.66,24.8,72697.0
2017-04-10 09:30:00,FNSR,24.91,24.91,24.84,24.87,848.0
2017-04-07 19:20:00,FNSR,24.88,24.88,24.88,24.88,100.0
2017-04-07 17:40:00,FNSR,24.82,24.82,24.82,24.82,385.0
2017-04-07 17:35:00,FNSR,24.84,24.84,24.84,24.84,100.0
2017-04-07 17:30:00,FNSR,24.88,24.88,24.88,24.88,400.0
2017-04-07 17:25:00,FNSR,24.84,24.84,24.84,24.84,1000.0
2017-04-07 17:05:00,FNSR,24.88,24.88,24.88,24.88,100.0
2017-04-07 16:40:00,FNSR,24.88,24.88,24.88,24.88,6419.0
2017-04-07 16:35:00,FNSR,24.88,24.88,24.88,24.88,2205.0
2017-04-07 16:20:00,FNSR,24.88,24.88,24.88,24.88,45906.0
2017-04-07 16:05:00,FNSR,24.88,24.88,24.88,24.88,86791.0
2017-04-07 16:00:00,FNSR,24.885,24.9,24.85,24.87,176534.0
2017-04-07 15:55:00,FNSR,24.87,24.9,24.86,24.889,74974.0
2017-04-07 15:50:00,FNSR,24.9,24.91,24.86,24.86,79175.0
2017-04-07 15:45:00,FNSR,24.865,24.9,24.86,24.9,75812.0
2017-04-07 15:40:00,FNSR,24.86,24.89,24.855,24.86,51587.0
2017-04-07 15:35:00,FNSR,24.87,24.885,24.84,24.86,53644.0
2017-04-07 15:30:00,FNSR,24.92,24.92,24.87,24.88,31066.0
2017-04-07 15:25:00,FNSR,24.88,24.92,24.87,24.915,54811.0
2017-04-07 15:20:00,FNSR,24.891,24.91,24.88,24.881,15243.0
2017-04-07 15:15:00,FNSR,24.8999,24.91,24.89,24.89,12273.0
2017-04-07 15:10:00,FNSR,24.905,24.905,24.88,24.89,12887.0
2017-04-07 15:05:00,FNSR,24.87,24.91,24.86,24.9,17838.0
2017-04-07 15:00:00,FNSR,24.9,24.91,24.87,24.8701,30574.0
2017-04-07 14:55:00,FNSR,24.9,24.905,24.86,24.9,19570.0
2017-04-07 14:50:00,FNSR,24.8901,24.94,24.8901,24.9,22599.0
2017-04-07 14:45:00,FNSR,24.905,24.94,24.89,24.89,30314.0
2017-04-07 14:40:00,FNSR,24.925,24.93,24.9,24.905,35421.0
2017-04-07 14:35:00,FNSR,24.92,24.93,24.905,24.92,17855.0
2017-04-07 14:30:00,FNSR,24.94,24.95,24.92,24.92,7580.0
2017-04-07 14:25:00,FNSR,24.935,24.96,24.9311,24.94,12051.0
2017-04-07 14:20:00,FNSR,24.93,24.95,24.905,24.9301,15174.0
2017-04-07 14:15:00,FNSR,24.9201,24.94,24.92,24.93,5397.0
2017-04-07 14:10:00,FNSR,24.95,24.96,24.93,24.93,9370.0
2017-04-07 14:05:00,FNSR,24.981,24.981,24.93,24.94,18289.0
2017-04-07 14:00:00,FNSR,24.97,24.99,24.97,24.98,7300.0
2017-04-07 13:55:00,FNSR,24.9,24.98,24.9,24.97,15422.0
2017-04-07 13:50:00,FNSR,24.94,24.95,24.892,24.9,12255.0
2017-04-07 13:45:00,FNSR,24.91,24.93,24.89,24.93,22258.0
2017-04-07 13:40:00,FNSR,24.93,24.93,24.905,24.92,12873.0
2017-04-07 13:35:00,FNSR,24.965,24.99,24.93,24.94,17059.0
2017-04-07 13:30:00,FNSR,24.935,24.98,24.91,24.97,15218.0
2017-04-07 13:25:00,FNSR,24.955,24.97,24.93,24.94,10438.0
2017-04-07 13:20:00,FNSR,24.98,24.995,24.94,24.951,14507.0
2017-04-07 13:15:00,FNSR,25.01,25.02,24.99,24.99,11352.0
2017-04-07 13:10:00,FNSR,25.001,25.01,24.99,25.01,8650.0
2017-04-07 13:05:00,FNSR,25.04,25.04,24.975,24.995,14861.0
2017-04-07 13:00:00,FNSR,25.0,25.05,25.0,25.04,7307.0
2017-04-07 12:55:00,FNSR,25.02,25.0216,24.98,25.01,11019.0
2017-04-07 12:50:00,FNSR,24.97,25.02,24.932,25.02,14118.0
2017-04-07 12:45:00,FNSR,24.99,25.0,24.971,24.971,27797.0
2017-04-07 12:40:00,FNSR,25.045,25.0484,24.981,24.99,15991.0
2017-04-07 12:35:00,FNSR,25.06,25.06,25.04,25.04,5800.0
2017-04-07 12:30:00,FNSR,25.08,25.09,25.07,25.07,8739.0
2017-04-07 12:25:00,FNSR,25.075,25.09,25.07,25.08,8567.0
2017-04-07 12:20:00,FNSR,25.08,25.09,25.07,25.08,9124.0
2017-04-07 12:15:00,FNSR,25.07,25.09,25.07,25.07,7600.0
2017-04-07 12:10:00,FNSR,25.07,25.09,25.06,25.08,7539.0
2017-04-07 12:05:00,FNSR,25.07,25.09,25.04,25.07,17064.0
2017-04-07 12:00:00,FNSR,25.08,25.09,25.05,25.07,4564.0
2017-04-07 11:55:00,FNSR,25.095,25.12,25.08,25.08,13190.0
2017-04-07 11:50:00,FNSR,25.035,25.1,25.035,25.1,18522.0
2017-04-07 11:45:00,FNSR,25.04,25.06,25.02,25.03,16601.0
2017-04-07 11:40:00,FNSR,25.031,25.05,25.02,25.04,7662.0
2017-04-07 11:35:00,FNSR,25.01,25.05,24.98,25.03,23195.0
2017-04-07 11:30:00,FNSR,25.02,25.02,24.95,25.0,20182.0
2017-04-07 11:25:00,FNSR,25.05,25.07,25.01,25.01,20763.0
2017-04-07 11:20:00,FNSR,25.07,25.08,25.04,25.05,8521.0
2017-04-07 11:15:00,FNSR,25.011,25.08,25.011,25.07,6067.0
2017-04-07 11:10:00,FNSR,25.06,25.069,25.02,25.03,11527.0
2017-04-07 11:05:00,FNSR,25.09,25.137,25.05,25.05,7519.0
2017-04-07 11:00:00,FNSR,25.072,25.13,25.06,25.083,8606.0
2017-04-07 10:55:00,FNSR,25.15,25.15,25.06,25.07,9645.0
2017-04-07 10:50:00,FNSR,25.18,25.21,25.15,25.15,8137.0
2017-04-07 10:45:00,FNSR,25.26,25.26,25.16,25.1899,27443.0
2017-04-07 10:40:00,FNSR,25.22,25.285,25.22,25.27,61978.0
2017-04-07 10:35:00,FNSR,25.11,25.21,25.08,25.21,19527.0
2017-04-07 10:30:00,FNSR,25.04,25.13,25.031,25.11,10908.0
2017-04-07 10:25:00,FNSR,25.01,25.07,24.97,25.04,19765.0
2017-04-07 10:20:00,FNSR,25.02,25.04,24.99,25.0,14530.0
2017-04-07 10:15:00,FNSR,25.075,25.09,25.0,25.0,33156.0
2017-04-07 10:10:00,FNSR,25.0967,25.137,25.02,25.07,77441.0
2017-04-07 10:05:00,FNSR,24.87,25.11,24.84,25.09,69951.0
2017-04-07 10:00:00,FNSR,24.96,24.9699,24.84,24.84,55238.0
2017-04-07 09:55:00,FNSR,25.02,25.0499,24.91,24.94,91509.0
2017-04-07 09:50:00,FNSR,25.16,25.17,25.02,25.02,20483.0
2017-04-07 09:45:00,FNSR,25.15,25.17,25.11,25.15,18905.0
2017-04-07 09:40:00,FNSR,25.055,25.2399,25.02,25.16,31932.0
2017-04-07 09:35:00,FNSR,25.13,25.13,25.0,25.07,42091.0
2017-04-07 08:45:00,FNSR,25.04,25.04,25.04,25.04,975.0
2017-04-06 17:20:00,FNSR,25.14,25.18,25.14,25.18,700.0
2017-04-06 17:00:00,FNSR,25.14,25.14,25.14,25.14,11640.0
2017-04-06 16:10:00,FNSR,25.14,25.14,25.14,25.14,7443.0
2017-04-06 16:05:00,FNSR,25.14,25.14,25.14,25.14,111797.0
2017-04-06 16:00:00,FNSR,25.11,25.14,25.1,25.12,301616.0
2017-04-06 15:55:00,FNSR,25.14,25.16,25.1,25.11,179398.0
2017-04-06 15:50:00,FNSR,25.125,25.14,25.1,25.13,100284.0
2017-04-06 15:45:00,FNSR,25.105,25.16,25.105,25.13,151392.0
2017-04-06 15:40:00,FNSR,25.105,25.14,25.08,25.1,140336.0
2017-04-06 15:35:00,FNSR,25.16,25.175,25.1,25.105,56218.0
2017-04-06 15:30:00,FNSR,25.105,25.18,25.1,25.17,49982.0
2017-04-06 15:25:00,FNSR,25.13,25.13,25.09,25.1,36358.0
2017-04-06 15:20:00,FNSR,25.17,25.18,25.1,25.12,58443.0
2017-04-06 15:15:00,FNSR,25.17,25.175,25.13,25.16,32370.0
2017-04-06 15:10:00,FNSR,25.18,25.18,25.09,25.165,66723.0
2017-04-06 15:05:00,FNSR,25.19,25.23,25.175,25.175,22292.0
2017-04-06 15:00:00,FNSR,25.1971,25.21,25.15,25.19,23977.0
2017-04-06 14:55:00,FNSR,25.235,25.25,25.18,25.19,22370.0
2017-04-06 14:50:00,FNSR,25.31,25.33,25.24,25.24,27230.0
2017-04-06 14:45:00,FNSR,25.28,25.31,25.24,25.305,20859.0
2017-04-06 14:40:00,FNSR,25.27,25.29,25.25,25.29,18433.0
2017-04-06 14:35:00,FNSR,25.25,25.27,25.24,25.2616,11750.0
2017-04-06 14:30:00,FNSR,25.2353,25.24,25.2,25.24,21878.0
2017-04-06 14:25:00,FNSR,25.28,25.29,25.23,25.24,7527.0
2017-04-06 14:20:00,FNSR,25.32,25.33,25.29,25.29,19326.0
2017-04-06 14:15:00,FNSR,25.31,25.33,25.3,25.32,10468.0
2017-04-06 14:10:00,FNSR,25.32,25.33,25.3,25.312,22125.0
2017-04-06 14:05:00,FNSR,25.36,25.37,25.32,25.34,45358.0
2017-04-06 14:00:00,FNSR,25.36,25.39,25.33,25.365,32039.0
2017-04-06 13:55:00,FNSR,25.37,25.43,25.37,25.38,20802.0
2017-04-06 13:50:00,FNSR,25.38,25.41,25.37,25.38,17065.0
2017-04-06 13:45:00,FNSR,25.4,25.4,25.37,25.39,17779.0
2017-04-06 13:40:00,FNSR,25.44,25.4507,25.39,25.39,22671.0
2017-04-06 13:35:00,FNSR,25.45,25.5001,25.43,25.46,18787.0
2017-04-06 13:30:00,FNSR,25.4,25.48,25.4,25.4437,16031.0
2017-04-06 13:25:00,FNSR,25.36,25.4104,25.34,25.4016,15579.0
2017-04-06 13:20:00,FNSR,25.35,25.37,25.33,25.3591,57754.0
2017-04-06 13:15:00,FNSR,25.34,25.35,25.325,25.34,13398.0
2017-04-06 13:10:00,FNSR,25.33,25.34,25.31,25.34,17895.0
2017-04-06 13:05:00,FNSR,25.34,25.355,25.31,25.33,51324.0
2017-04-06 13:00:00,FNSR,25.3,25.345,25.3,25.33,21743.0
2017-04-06 12:55:00,FNSR,25.3,25.31,25.28,25.29,9791.0
2017-04-06 12:50:00,FNSR,25.32,25.32,25.29,25.31,20728.0
2017-04-06 12:45:00,FNSR,25.38,25.385,25.28,25.31,29810.0
2017-04-06 12:40:00,FNSR,25.405,25.405,25.36,25.385,23275.0
2017-04-06 12:35:00,FNSR,25.4186,25.44,25.405,25.418,14393.0
2017-04-06 12:30:00,FNSR,25.3701,25.42,25.3701,25.42,12378.0
2017-04-06 12:25:00,FNSR,25.37,25.395,25.34,25.36,20882.0
2017-04-06 12:20:00,FNSR,25.4301,25.45,25.34,25.37,74320.0
2017-04-06 12:15:00,FNSR,25.44,25.47,25.43,25.43,11371.0
2017-04-06 12:10:00,FNSR,25.46,25.5,25.45,25.45,17460.0
2017-04-06 12:05:00,FNSR,25.52,25.57,25.44,25.44,35430.0
2017-04-06 12:00:00,FNSR,25.44,25.52,25.42,25.51,43278.0
2017-04-06 11:55:00,FNSR,25.44,25.46,25.42,25.44,14802.0
2017-04-06 11:50:00,FNSR,25.4,25.47,25.38,25.44,67898.0
2017-04-06 11:45:00,FNSR,25.37,25.425,25.34,25.4,42927.0
2017-04-06 11:40:00,FNSR,25.41,25.42,25.36,25.37,36147.0
2017-04-06 11:35:00,FNSR,25.45,25.46,25.39,25.415,24670.0
2017-04-06 11:30:00,FNSR,25.44,25.46,25.4,25.4499,23853.0
2017-04-06 11:25:00,FNSR,25.35,25.475,25.35,25.44,42689.0
2017-04-06 11:20:00,FNSR,25.315,25.35,25.28,25.34,20972.0
2017-04-06 11:15:00,FNSR,25.23,25.323,25.23,25.32,25225.0
2017-04-06 11:10:00,FNSR,25.2252,25.24,25.2,25.23,15838.0
2017-04-06 11:05:00,FNSR,25.32,25.32,25.22,25.22,25798.0
2017-04-06 11:00:00,FNSR,25.27,25.33,25.265,25.32,11582.0
2017-04-06 10:55:00,FNSR,25.27,25.33,25.26,25.26,29947.0
2017-04-06 10:50:00,FNSR,25.23,25.2897,25.23,25.27,9675.0
2017-04-06 10:45:00,FNSR,25.26,25.27,25.19,25.24,13356.0
2017-04-06 10:40:00,FNSR,25.27,25.34,25.2512,25.2635,21840.0
2017-04-06 10:35:00,FNSR,25.29,25.3199,25.27,25.27,15639.0
2017-04-06 10:30:00,FNSR,25.17,25.3,25.13,25.29,28020.0
2017-04-06 10:25:00,FNSR,25.26,25.28,25.17,25.18,16276.0
2017-04-06 10:20:00,FNSR,25.28,25.39,25.26,25.26,13550.0
2017-04-06 10:15:00,FNSR,25.34,25.41,25.25,25.2998,21886.0
2017-04-06 10:10:00,FNSR,25.3234,25.41,25.32,25.32,14930.0
2017-04-06 10:05:00,FNSR,25.43,25.44,25.3,25.31,37832.0
2017-04-06 10:00:00,FNSR,25.34,25.49,25.32,25.43,72740.0
2017-04-06 09:55:00,FNSR,25.09,25.34,25.0835,25.34,47883.0
2017-04-06 09:50:00,FNSR,25.19,25.22,25.07,25.08,74121.0
2017-04-06 09:45:00,FNSR,25.2499,25.31,25.19,25.19,59831.0
2017-04-06 09:40:00,FNSR,24.98,25.24,24.92,25.24,55446.0
2017-04-06 09:35:00,FNSR,25.16,25.18,24.95,24.99,81422.0
2017-04-05 19:55:00,FNSR,25.03,25.03,25.03,25.03,400.0
2017-04-05 17:45:00,FNSR,25.02,25.02,25.02,25.02,800.0
2017-04-05 16:25:00,FNSR,25.02,25.02,25.02,25.02,200.0
2017-04-05 16:15:00,FNSR,25.05,25.05,25.05,25.05,200.0
2017-04-05 16:10:00,FNSR,25.03,25.03,25.03,25.03,100.0
2017-04-05 16:05:00,FNSR,25.02,25.02,25.02,25.02,103770.0
2017-04-05 16:00:00,FNSR,25.07,25.08,25.0,25.015,334202.0
2017-04-05 15:55:00,FNSR,25.01,25.1,25.01,25.06,126434.0
2017-04-05 15:50:00,FNSR,25.03,25.08,24.995,25.01,107699.0
2017-04-05 15:45:00,FNSR,25.11,25.1141,25.025,25.03,99135.0
2017-04-05 15:40:00,FNSR,24.96,25.13,24.95,25.11,168897.0
2017-04-05 15:35:00,FNSR,25.0899,25.0899,24.9103,24.96,211357.0
2017-04-05 15:30:00,FNSR,25.1293,25.1299,25.06,25.08,72660.0
2017-04-05 15:25:00,FNSR,25.15,25.185,25.1,25.12,77516.0
2017-04-05 15:20:00,FNSR,25.17,25.19,25.14,25.15,122449.0
2017-04-05 15:15:00,FNSR,25.245,25.25,25.16,25.17,61647.0
2017-04-05 15:10:00,FNSR,25.3025,25.3025,25.21,25.25,52311.0
2017-04-05 15:05:00,FNSR,25.17,25.34,25.165,25.3,64357.0
2017-04-05 15:00:00,FNSR,25.3,25.33,25.15,25.15,126393.0
2017-04-05 14:55:00,FNSR,25.3892,25.42,25.26,25.31,61692.0
2017-04-05 14:50:00,FNSR,25.47,25.47,25.385,25.385,25853.0
2017-04-05 14:45:00,FNSR,25.42,25.48,25.41,25.48,18888.0
2017-04-05 14:40:00,FNSR,25.4899,25.49,25.41,25.414,45884.0
2017-04-05 14:35:00,FNSR,25.499,25.52,25.485,25.49,19276.0
2017-04-05 14:30:00,FNSR,25.53,25.55,25.45,25.4999,86294.0
2017-04-05 14:25:00,FNSR,25.6,25.62,25.53,25.53,34326.0
2017-04-05 14:20:00,FNSR,25.53,25.64,25.53,25.6,25887.0
2017-04-05 14:15:00,FNSR,25.56,25.6199,25.53,25.53,27090.0
2017-04-05 14:10:00,FNSR,25.605,25.62,25.57,25.57,20304.0
2017-04-05 14:05:00,FNSR,25.69,25.7,25.6,25.6,45076.0
2017-04-05 14:00:00,FNSR,25.6499,25.7,25.6306,25.6931,33522.0
2017-04-05 13:55:00,FNSR,25.71,25.72,25.64,25.64,26563.0
2017-04-05 13:50:00,FNSR,25.69,25.75,25.69,25.71,16976.0
2017-04-05 13:45:00,FNSR,25.61,25.68,25.61,25.68,33946.0
2017-04-05 13:40:00,FNSR,25.67,25.67,25.61,25.61,34776.0
2017-04-05 13:35:00,FNSR,25.5799,25.68,25.545,25.669,44099.0
2017-04-05 13:30:00,FNSR,25.68,25.68,25.56,25.5799,51145.0
2017-04-05 13:25:00,FNSR,25.6,25.6959,25.58,25.68,43326.0
2017-04-05 13:20:00,FNSR,25.69,25.695,25.57,25.6,141441.0
2017-04-05 13:15:00,FNSR,25.7,25.73,25.69,25.7,25385.0
2017-04-05 13:10:00,FNSR,25.7499,25.75,25.69,25.695,30243.0
2017-04-05 13:05:00,FNSR,25.68,25.7434,25.66,25.7434,48429.0
2017-04-05 13:00:00,FNSR,25.72,25.72,25.68,25.68,31806.0
2017-04-05 12:55:00,FNSR,25.74,25.76,25.71,25.715,24725.0
2017-04-05 12:50:00,FNSR,25.78,25.785,25.71,25.74,25033.0
2017-04-05 12:45:00,FNSR,25.745,25.82,25.74,25.77,27772.0
2017-04-05 12:40:00,FNSR,25.76,25.76,25.74,25.75,22024.0
2017-04-05 12:35:00,FNSR,25.785,25.7853,25.75,25.7516,20638.0
2017-04-05 12:30:00,FNSR,25.81,25.81,25.7842,25.7842,12778.0
2017-04-05 12:25:00,FNSR,25.82,25.85,25.78,25.81,29940.0
2017-04-05 12:20:00,FNSR,25.87,25.87,25.81,25.82,21926.0
2017-04-05 12:15:00,FNSR,25.84,25.87,25.82,25.85,29238.0
2017-04-05 12:10:00,FNSR,25.82,25.93,25.81,25.81,47359.0
2017-04-05 12:05:00,FNSR,25.79,25.83,25.77,25.82,42432.0
2017-04-05 12:00:00,FNSR,25.79,25.83,25.79,25.81,12261.0
2017-04-05 11:55:00,FNSR,25.79,25.81,25.77,25.8,15255.0
2017-04-05 11:50:00,FNSR,25.85,25.8699,25.78,25.79,19010.0
2017-04-05 11:45:00,FNSR,25.81,25.8624,25.81,25.84,19708.0
2017-04-05 11:40:00,FNSR,25.85,25.85,25.77,25.81,18371.0
2017-04-05 11:35:00,FNSR,25.765,25.85,25.74,25.84,44999.0
2017-04-05 11:30:00,FNSR,25.74,25.77,25.72,25.7693,62672.0
2017-04-05 11:25:00,FNSR,25.815,25.815,25.72,25.74,48085.0
2017-04-05 11:20:00,FNSR,25.81,25.86,25.77,25.815,26188.0
2017-04-05 11:15:00,FNSR,25.81,25.87,25.78,25.81,26184.0
2017-04-05 11:10:00,FNSR,25.85,25.8654,25.77,25.82,23324.0
2017-04-05 11:05:00,FNSR,25.82,25.91,25.81,25.85,56690.0
2017-04-05 11:00:00,FNSR,25.79,25.9,25.75,25.8112,80152.0
2017-04-05 10:55:00,FNSR,25.78,25.807,25.73,25.79,93344.0
2017-04-05 10:50:00,FNSR,25.72,25.81,25.69,25.785,76666.0
2017-04-05 10:45:00,FNSR,25.79,25.795,25.68,25.68,89474.0
2017-04-05 10:40:00,FNSR,25.85,25.86,25.79,25.79,138036.0
2017-04-05 10:35:00,FNSR,25.93,25.936,25.85,25.86,35508.0
2017-04-05 10:30:00,FNSR,25.86,25.95,25.84,25.94,94047.0
2017-04-05 10:25:00,FNSR,25.791,25.94,25.791,25.8699,92072.0
2017-04-05 10:20:00,FNSR,25.88,25.91,25.78,25.8,81162.0
2017-04-05 10:15:00,FNSR,25.97,26.0,25.8746,25.89,87098.0
2017-04-05 10:10:00,FNSR,26.05,26.11,25.94,25.97,116769.0
2017-04-05 10:05:00,FNSR,26.17,26.175,26.045,26.045,147764.0
2017-04-05 10:00:00,FNSR,26.288,26.3,26.13,26.18,84894.0
2017-04-05 09:55:00,FNSR,26.505,26.52,26.27,26.282,52196.0
2017-04-05 09:50:00,FNSR,26.37,26.53,26.3697,26.5,45102.0
2017-04-05 09:45:00,FNSR,26.4,26.48,26.35,26.36,63012.0
2017-04-05 09:40:00,FNSR,26.35,26.47,26.325,26.4,59086.0
2017-04-05 09:35:00,FNSR,26.52,26.59,26.35,26.3699,45005.0
2017-04-05 09:30:00,FNSR,26.53,26.53,26.52,26.53,1425.0
2017-04-05 09:25:00,FNSR,26.7,26.7,26.7,26.7,200.0
2017-04-05 09:15:00,FNSR,26.6,26.6,26.6,26.6,400.0
2017-04-04 19:00:00,FNSR,26.5,26.5,26.5,26.5,220.0
2017-04-04 18:15:00,FNSR,26.6,26.6,26.6,26.6,450.0
2017-04-04 16:05:00,FNSR,26.48,26.49,26.48,26.49,58817.0
2017-04-04 16:00:00,FNSR,26.46,26.48,26.44,26.48,161875.0
2017-04-04 15:55:00,FNSR,26.44,26.48,26.43,26.4599,93784.0
2017-04-04 15:50:00,FNSR,26.44,26.4401,26.41,26.43,50904.0
2017-04-04 15:45:00,FNSR,26.43,26.45,26.43,26.445,23879.0
2017-04-04 15:40:00,FNSR,26.44,26.45,26.43,26.44,19574.0
2017-04-04 15:35:00,FNSR,26.44,26.46,26.43,26.44,21366.0
2017-04-04 15:30:00,FNSR,26.465,26.48,26.43,26.44,19502.0
2017-04-04 15:25:00,FNSR,26.45,26.47,26.42,26.47,15562.0
2017-04-04 15:20:00,FNSR,26.4925,26.4925,26.44,26.4456,26918.0
2017-04-04 15:15:00,FNSR,26.51,26.53,26.49,26.49,27562.0
2017-04-04 15:10:00,FNSR,26.55,26.55,26.505,26.51,12060.0
2017-04-04 15:05:00,FNSR,26.515,26.565,26.515,26.55,13668.0
2017-04-04 15:00:00,FNSR,26.54,26.54,26.515,26.515,11860.0
2017-04-04 14:55:00,FNSR,26.56,26.56,26.53,26.53,18339.0
2017-04-21 10:05:00,FNSR,22.61,22.66,22.5,22.59,116402.0
2017-04-21 10:10:00,FNSR,22.59,22.62,22.54,22.56,95083.0
2017-04-21 10:15:00,FNSR,22.5899,22.5899,22.44,22.4599,125636.0
2017-04-21 10:20:00,FNSR,22.46,22.5576,22.41,22.5576,93928.0
2017-04-21 10:25:00,FNSR,22.567,22.6,22.505,22.53,88040.0
2017-04-21 10:30:00,FNSR,22.54,22.54,22.445,22.51,121859.0
2017-04-21 10:35:00,FNSR,22.51,22.55,22.27,22.32,230139.0
2017-04-21 10:40:00,FNSR,22.33,22.45,22.21,22.26,252085.0
2017-04-21 10:45:00,FNSR,22.25,22.37,22.23,22.285,140554.0
2017-04-21 10:50:00,FNSR,22.285,22.36,22.28,22.29,111320.0
2017-04-21 10:55:00,FNSR,22.29,22.31,22.2601,22.265,44346.0
2017-04-21 11:00:00,FNSR,22.27,22.29,22.23,22.25,69126.0
2017-04-21 11:05:00,FNSR,22.25,22.275,22.19,22.25,71397.0
2017-04-21 11:10:00,FNSR,22.245,22.335,22.23,22.33,61108.0
2017-04-21 11:15:00,FNSR,22.32,22.465,22.31,22.46,133149.0
2017-04-21 11:20:00,FNSR,22.45,22.6,22.37,22.56,66750.0
2017-04-21 11:25:00,FNSR,22.5686,22.62,22.53,22.62,48363.0
2017-04-21 11:30:00,FNSR,22.61,22.75,22.59,22.72,111604.0
2017-04-21 11:35:00,FNSR,22.73,22.76,22.68,22.7203,50081.0
2017-04-21 11:40:00,FNSR,22.74,22.765,22.64,22.66,44484.0
2017-04-21 11:45:00,FNSR,22.67,22.74,22.66,22.69,27244.0
2017-04-21 11:50:00,FNSR,22.7,22.73,22.6487,22.68,17337.0
2017-04-21 11:55:00,FNSR,22.69,22.69,22.575,22.61,56813.0
2017-04-21 12:00:00,FNSR,22.605,22.65,22.59,22.59,27837.0
2017-04-21 12:05:00,FNSR,22.59,22.64,22.59,22.605,28555.0
2017-04-21 12:10:00,FNSR,22.6,22.605,22.53,22.585,40993.0
2017-04-21 12:15:00,FNSR,22.59,22.5999,22.505,22.51,25423.0
2017-04-21 12:20:00,FNSR,22.53,22.59,22.525,22.59,37348.0
2017-04-21 12:25:00,FNSR,22.59,22.63,22.52,22.53,77710.0
2017-04-21 12:30:00,FNSR,22.535,22.56,22.52,22.53,18825.0
2017-04-21 12:35:00,FNSR,22.53,22.61,22.53,22.61,17819.0
2017-04-21 12:40:00,FNSR,22.605,22.66,22.59,22.59,36259.0
2017-04-21 12:45:00,FNSR,22.59,22.6,22.56,22.6,14019.0
2017-04-21 12:50:00,FNSR,22.6,22.6,22.57,22.585,28865.0
2017-04-21 12:55:00,FNSR,22.585,22.635,22.585,22.61,15457.0
2017-04-21 13:00:00,FNSR,22.61,22.63,22.58,22.595,21962.0
2017-04-21 13:05:00,FNSR,22.6,22.6,22.5807,22.6,24449.0
2017-04-21 13:10:00,FNSR,22.6,22.61,22.58,22.5958,33137.0
2017-04-21 13:15:00,FNSR,22.59,22.6,22.52,22.5201,40410.0
2017-04-21 13:20:00,FNSR,22.52,22.52,22.415,22.415,115506.0
2017-04-21 13:25:00,FNSR,22.415,22.42,22.36,22.4,48136.0
2017-04-21 13:30:00,FNSR,22.41,22.43,22.38,22.42,25995.0
2017-04-21 13:35:00,FNSR,22.4153,22.45,22.41,22.44,53738.0
2017-04-21 13:40:00,FNSR,22.445,22.45,22.375,22.375,28767.0
2017-04-21 13:45:00,FNSR,22.37,22.44,22.37,22.435,15976.0
2017-04-21 13:50:00,FNSR,22.44,22.44,22.41,22.41,21100.0
2017-04-21 13:55:00,FNSR,22.405,22.46,22.405,22.45,21405.0
2017-04-21 14:00:00,FNSR,22.45,22.52,22.45,22.515,28176.0
2017-04-21 14:05:00,FNSR,22.515,22.56,22.51,22.56,16677.0
2017-04-21 14:10:00,FNSR,22.565,22.575,22.51,22.52,39551.0
2017-04-21 14:15:00,FNSR,22.5234,22.53,22.5,22.509,26281.0
2017-04-21 14:20:00,FNSR,22.51,22.52,22.49,22.49,68975.0
2017-04-21 14:25:00,FNSR,22.5,22.5372,22.49,22.535,17508.0
2017-04-21 14:30:00,FNSR,22.54,22.55,22.52,22.55,12110.0
2017-04-21 14:35:00,FNSR,22.55,22.55,22.53,22.5325,22629.0
2017-04-21 14:40:00,FNSR,22.53,22.538,22.48,22.49,39754.0
2017-04-21 14:45:00,FNSR,22.5,22.52,22.46,22.4725,29715.0
2017-04-21 14:50:00,FNSR,22.475,22.51,22.46,22.47,20320.0
2017-04-21 14:55:00,FNSR,22.48,22.525,22.48,22.5,39491.0
2017-04-21 15:00:00,FNSR,22.505,22.56,22.48,22.53,22381.0
2017-04-21 15:05:00,FNSR,22.535,22.535,22.465,22.48,24367.0
2017-04-21 15:10:00,FNSR,22.48,22.53,22.47,22.53,24335.0
2017-04-21 15:15:00,FNSR,22.525,22.525,22.47,22.495,33368.0
2017-04-21 15:20:00,FNSR,22.49,22.495,22.46,22.46,21807.0
2017-04-21 15:25:00,FNSR,22.46,22.49,22.43,22.47,44796.0
2017-04-21 15:30:00,FNSR,22.465,22.5,22.46,22.495,19247.0
2017-04-21 15:35:00,FNSR,22.5,22.51,22.48,22.495,30385.0
2017-04-21 15:40:00,FNSR,22.49,22.5,22.47,22.49,25866.0
2017-04-21 15:45:00,FNSR,22.485,22.54,22.485,22.5201,79476.0
2017-04-21 15:50:00,FNSR,22.53,22.56,22.51,22.555,109989.0
2017-04-21 15:55:00,FNSR,22.56,22.57,22.525,22.56,129178.0
2017-04-21 16:05:00,FNSR,22.53,22.53,22.53,22.53,179005.0
2017-04-21 16:10:00,FNSR,22.57,22.57,22.57,22.57,100.0
2017-04-21 19:45:00,FNSR,22.57,22.57,22.57,22.57,100.0
2017-04-21 19:45:00,FNSR,22.57,22.57,22.57,22.57,100.0
2017-04-21 16:10:00,FNSR,22.57,22.57,22.57,22.57,100.0
2017-04-21 16:05:00,FNSR,22.53,22.53,22.53,22.53,179005.0
