2017-04-18 15:00:00,PSEC,9.235,9.235,9.205,9.215,54067.0
2017-04-18 15:05:00,PSEC,9.215,9.215,9.215,9.215,8609.0
2017-04-18 15:10:00,PSEC,9.215,9.215,9.215,9.215,12011.0
2017-04-18 15:15:00,PSEC,9.215,9.215,9.215,9.215,13590.0
2017-04-18 15:20:00,PSEC,9.215,9.215,9.215,9.215,8639.0
2017-04-18 15:25:00,PSEC,9.215,9.225,9.205,9.225,57506.0
2017-04-18 15:30:00,PSEC,9.225,9.225,9.225,9.225,1856.0
2017-04-18 15:35:00,PSEC,9.225,9.225,9.225,9.225,4522.0
2017-04-18 15:40:00,PSEC,9.225,9.225,9.215,9.215,14314.0
2017-04-18 15:45:00,PSEC,9.215,9.235,9.215,9.235,23801.0
2017-04-18 15:50:00,PSEC,9.235,9.235,9.235,9.235,11118.0
2017-04-18 15:55:00,PSEC,9.235,9.235,9.215,9.215,35570.0
2017-04-18 16:00:00,PSEC,9.215,9.215,9.215,9.215,86170.0
2017-04-18 16:05:00,PSEC,9.215,9.22,9.215,9.215,164739.0
2017-04-18 16:10:00,PSEC,9.215,9.225,9.215,9.22,0.0
2017-04-18 16:15:00,PSEC,9.22,9.22,9.22,9.22,0.0
2017-04-18 16:20:00,PSEC,9.22,9.24,9.22,9.24,0.0
2017-04-18 16:25:00,PSEC,9.24,9.24,9.24,9.24,0.0
2017-04-18 16:30:00,PSEC,9.24,9.24,9.24,9.24,0.0
2017-04-18 16:35:00,PSEC,9.24,9.24,9.24,9.24,0.0
2017-04-18 16:40:00,PSEC,9.24,9.24,9.24,9.24,0.0
2017-04-18 16:45:00,PSEC,9.24,9.24,9.24,9.24,0.0
2017-04-18 16:50:00,PSEC,9.24,9.24,9.24,9.24,0.0
2017-04-18 16:55:00,PSEC,9.24,9.24,9.24,9.24,0.0
2017-04-18 17:00:00,PSEC,9.24,9.24,9.24,9.24,0.0
2017-04-18 17:05:00,PSEC,9.24,9.24,9.24,9.24,0.0
2017-04-18 17:10:00,PSEC,9.24,9.24,9.24,9.24,0.0
2017-04-18 17:15:00,PSEC,9.24,9.24,9.24,9.24,0.0
2017-04-18 17:20:00,PSEC,9.24,9.24,9.24,9.24,0.0
2017-04-18 17:25:00,PSEC,9.24,9.24,9.24,9.24,0.0
2017-04-18 17:30:00,PSEC,9.24,9.24,9.24,9.24,0.0
2017-04-18 17:35:00,PSEC,9.24,9.24,9.24,9.24,0.0
2017-04-18 17:40:00,PSEC,9.24,9.24,9.24,9.24,0.0
2017-04-18 17:45:00,PSEC,9.24,9.24,9.24,9.24,0.0
2017-04-18 17:50:00,PSEC,9.24,9.24,9.24,9.24,0.0
2017-04-18 17:55:00,PSEC,9.24,9.24,9.24,9.24,0.0
2017-04-18 18:00:00,PSEC,9.24,9.24,9.24,9.24,0.0
2017-04-18 18:05:00,PSEC,9.24,9.24,9.24,9.24,0.0
2017-04-18 18:10:00,PSEC,9.24,9.24,9.24,9.24,0.0
2017-04-18 18:15:00,PSEC,9.24,9.24,9.24,9.24,0.0
2017-04-18 18:20:00,PSEC,9.24,9.24,9.24,9.24,0.0
2017-04-18 18:25:00,PSEC,9.24,9.24,9.24,9.24,0.0
2017-04-18 18:30:00,PSEC,9.24,9.24,9.24,9.24,0.0
2017-04-18 18:35:00,PSEC,9.24,9.24,9.24,9.24,0.0
2017-04-18 18:40:00,PSEC,9.24,9.24,9.24,9.24,0.0
2017-04-18 18:45:00,PSEC,9.24,9.24,9.24,9.24,0.0
2017-04-18 18:50:00,PSEC,9.24,9.24,9.24,9.24,0.0
2017-04-18 18:55:00,PSEC,9.24,9.24,9.24,9.24,0.0
2017-04-18 19:00:00,PSEC,9.24,9.24,9.24,9.24,0.0
2017-04-18 19:05:00,PSEC,9.24,9.24,9.24,9.24,0.0
2017-04-18 19:10:00,PSEC,9.24,9.24,9.24,9.24,0.0
2017-04-18 19:15:00,PSEC,9.24,9.24,9.24,9.24,0.0
2017-04-18 19:20:00,PSEC,9.24,9.24,9.24,9.24,0.0
2017-04-18 19:25:00,PSEC,9.24,9.24,9.24,9.24,0.0
2017-04-18 19:30:00,PSEC,9.24,9.24,9.24,9.24,0.0
2017-04-18 19:35:00,PSEC,9.24,9.24,9.24,9.24,0.0
2017-04-18 19:40:00,PSEC,9.24,9.24,9.24,9.24,0.0
2017-04-18 19:45:00,PSEC,9.24,9.24,9.24,9.24,0.0
2017-04-18 19:50:00,PSEC,9.24,9.24,9.24,9.24,0.0
2017-04-18 19:55:00,PSEC,9.24,9.24,9.195,9.195,2542.0
2017-04-18 20:00:00,PSEC,9.195,9.195,9.195,9.195,0.0
2017-04-18 20:05:00,PSEC,9.195,9.245,9.195,9.245,0.0
2017-04-18 20:10:00,PSEC,9.245,9.245,9.245,9.245,0.0
2017-04-18 20:15:00,PSEC,9.245,9.245,9.245,9.245,0.0
2017-04-18 20:20:00,PSEC,9.245,9.245,9.245,9.245,0.0
2017-04-18 20:25:00,PSEC,9.245,9.245,9.245,9.245,0.0
2017-04-18 20:30:00,PSEC,9.245,9.245,9.245,9.245,0.0
2017-04-18 20:35:00,PSEC,9.245,9.245,9.245,9.245,0.0
2017-04-18 20:40:00,PSEC,9.245,9.245,9.245,9.245,0.0
2017-04-18 20:45:00,PSEC,9.245,9.245,9.245,9.245,0.0
2017-04-18 20:50:00,PSEC,9.245,9.245,9.245,9.245,0.0
2017-04-18 20:55:00,PSEC,9.245,9.245,9.245,9.245,0.0
2017-04-19 08:00:00,PSEC,9.255,9.255,9.255,9.255,0.0
2017-04-19 08:05:00,PSEC,9.255,9.255,9.205,9.235,0.0
2017-04-19 08:10:00,PSEC,9.235,9.235,9.235,9.235,0.0
2017-04-19 08:15:00,PSEC,9.235,9.235,9.235,9.235,0.0
2017-04-19 08:20:00,PSEC,9.235,9.235,9.235,9.235,0.0
2017-04-19 08:25:00,PSEC,9.235,9.235,9.235,9.235,0.0
2017-04-19 08:30:00,PSEC,9.235,9.265,9.235,9.265,107.0
2017-04-19 08:35:00,PSEC,9.265,9.265,9.265,9.265,0.0
2017-04-19 08:40:00,PSEC,9.265,9.265,9.265,9.265,0.0
2017-04-19 08:45:00,PSEC,9.265,9.265,9.265,9.265,0.0
2017-04-19 08:50:00,PSEC,9.265,9.265,9.265,9.265,440.0
2017-04-19 08:55:00,PSEC,9.265,9.265,9.265,9.265,0.0
2017-04-19 09:00:00,PSEC,9.265,9.265,9.23,9.23,0.0
2017-04-19 09:05:00,PSEC,9.23,9.26,9.23,9.23,0.0
2017-04-19 09:10:00,PSEC,9.23,9.26,9.23,9.26,0.0
2017-04-19 09:15:00,PSEC,9.26,9.26,9.23,9.23,0.0
2017-04-19 09:20:00,PSEC,9.23,9.23,9.23,9.23,0.0
2017-04-19 09:25:00,PSEC,9.23,9.24,9.23,9.23,0.0
2017-04-19 09:30:00,PSEC,9.23,9.24,9.23,9.24,0.0
2017-04-19 09:35:00,PSEC,9.24,9.275,9.24,9.265,50103.0
2017-04-19 09:40:00,PSEC,9.265,9.275,9.245,9.255,32989.0
2017-04-19 09:45:00,PSEC,9.255,9.255,9.235,9.235,8828.0
2017-04-19 09:50:00,PSEC,9.235,9.235,9.235,9.235,12872.0
2017-04-19 09:55:00,PSEC,9.235,9.245,9.235,9.245,12245.0
2017-04-19 10:00:00,PSEC,9.245,9.255,9.245,9.255,27609.0
2017-04-19 10:05:00,PSEC,9.255,9.275,9.255,9.275,36157.0
2017-04-19 10:10:00,PSEC,9.275,9.275,9.275,9.275,16679.0
2017-04-19 10:15:00,PSEC,9.275,9.275,9.265,9.265,20313.0
2017-04-19 10:20:00,PSEC,9.265,9.275,9.265,9.275,22457.0
2017-04-19 10:25:00,PSEC,9.275,9.275,9.265,9.265,21126.0
2017-04-19 10:30:00,PSEC,9.265,9.265,9.265,9.265,6728.0
2017-04-19 10:35:00,PSEC,9.265,9.265,9.265,9.265,17611.0
2017-04-19 10:40:00,PSEC,9.265,9.265,9.265,9.265,21657.0
2017-04-19 10:45:00,PSEC,9.265,9.265,9.265,9.265,23686.0
2017-04-19 10:50:00,PSEC,9.265,9.265,9.255,9.255,16377.0
2017-04-19 10:55:00,PSEC,9.255,9.255,9.255,9.255,9089.0
2017-04-19 11:00:00,PSEC,9.255,9.255,9.255,9.255,11092.0
2017-04-19 11:05:00,PSEC,9.255,9.265,9.255,9.265,9351.0
2017-04-19 11:10:00,PSEC,9.265,9.275,9.265,9.275,10741.0
2017-04-19 11:15:00,PSEC,9.275,9.275,9.275,9.275,24148.0
2017-04-19 11:20:00,PSEC,9.275,9.275,9.275,9.275,7932.0
2017-04-19 11:25:00,PSEC,9.275,9.275,9.275,9.275,5882.0
2017-04-19 11:30:00,PSEC,9.275,9.275,9.255,9.255,28512.0
2017-04-19 11:35:00,PSEC,9.255,9.255,9.245,9.245,28546.0
2017-04-19 11:40:00,PSEC,9.245,9.245,9.245,9.245,11918.0
2017-04-19 11:45:00,PSEC,9.245,9.245,9.245,9.245,7633.0
2017-04-19 11:50:00,PSEC,9.245,9.245,9.245,9.245,3877.0
2017-04-19 11:55:00,PSEC,9.245,9.245,9.245,9.245,5520.0
2017-04-19 12:10:00,PSEC,9.245,9.245,9.245,9.245,28588.0
2017-04-19 12:15:00,PSEC,9.245,9.245,9.245,9.245,1907.0
2017-04-19 12:20:00,PSEC,9.245,9.245,9.245,9.245,5038.0
2017-04-19 12:25:00,PSEC,9.245,9.245,9.245,9.245,7674.0
2017-04-19 12:30:00,PSEC,9.245,9.245,9.245,9.245,6731.0
2017-04-19 12:35:00,PSEC,9.245,9.245,9.245,9.245,12892.0
2017-04-19 12:40:00,PSEC,9.245,9.245,9.245,9.245,5888.0
2017-04-19 12:45:00,PSEC,9.245,9.245,9.245,9.245,8930.0
2017-04-19 12:50:00,PSEC,9.245,9.245,9.245,9.245,3185.0
2017-04-19 12:55:00,PSEC,9.245,9.245,9.245,9.245,1025.0
2017-04-19 13:00:00,PSEC,9.245,9.245,9.245,9.245,4096.0
2017-04-19 13:05:00,PSEC,9.245,9.245,9.245,9.245,5982.0
2017-04-19 13:10:00,PSEC,9.245,9.255,9.245,9.255,34208.0
2017-04-19 13:15:00,PSEC,9.255,9.255,9.255,9.255,3264.0
2017-04-19 13:20:00,PSEC,9.255,9.255,9.255,9.255,3218.0
2017-04-19 13:25:00,PSEC,9.255,9.265,9.255,9.265,19201.0
2017-04-19 13:30:00,PSEC,9.265,9.265,9.265,9.265,80866.0
2017-04-19 13:35:00,PSEC,9.265,9.265,9.265,9.265,5635.0
2017-04-19 13:40:00,PSEC,9.265,9.265,9.265,9.265,4461.0
2017-04-19 13:45:00,PSEC,9.265,9.265,9.265,9.265,6053.0
2017-04-19 13:50:00,PSEC,9.265,9.265,9.265,9.265,6805.0
2017-04-19 13:55:00,PSEC,9.265,9.265,9.265,9.265,5712.0
2017-04-19 14:00:00,PSEC,9.265,9.265,9.255,9.265,24554.0
2017-04-19 14:05:00,PSEC,9.265,9.265,9.265,9.265,2628.0
2017-04-19 14:10:00,PSEC,9.265,9.265,9.255,9.255,9016.0
2017-04-19 14:15:00,PSEC,9.255,9.265,9.255,9.265,24477.0
2017-04-19 14:20:00,PSEC,9.265,9.265,9.255,9.255,8329.0
2017-04-19 14:25:00,PSEC,9.255,9.255,9.245,9.245,16463.0
2017-04-19 14:30:00,PSEC,9.245,9.265,9.245,9.265,9410.0
2017-04-19 14:35:00,PSEC,9.265,9.265,9.255,9.255,14058.0
2017-04-19 14:40:00,PSEC,9.255,9.265,9.255,9.265,12731.0
2017-04-19 14:45:00,PSEC,9.265,9.265,9.265,9.265,4201.0
2017-04-19 14:50:00,PSEC,9.265,9.265,9.255,9.255,15787.0
2017-04-19 14:55:00,PSEC,9.255,9.255,9.245,9.245,13000.0
2017-04-19 15:00:00,PSEC,9.245,9.245,9.245,9.245,1799.0
2017-04-19 15:05:00,PSEC,9.245,9.245,9.245,9.245,4625.0
2017-04-19 15:10:00,PSEC,9.245,9.245,9.245,9.245,2622.0
2017-04-19 15:15:00,PSEC,9.245,9.245,9.245,9.245,7675.0
2017-04-19 15:20:00,PSEC,9.245,9.245,9.245,9.245,4710.0
2017-04-19 15:25:00,PSEC,9.245,9.245,9.245,9.245,15623.0
2017-04-19 15:30:00,PSEC,9.245,9.245,9.235,9.235,37713.0
2017-04-19 15:35:00,PSEC,9.235,9.245,9.235,9.235,23518.0
2017-04-19 15:40:00,PSEC,9.235,9.245,9.235,9.245,32751.0
2017-04-19 15:45:00,PSEC,9.245,9.245,9.235,9.235,35025.0
2017-04-19 15:50:00,PSEC,9.235,9.245,9.235,9.245,32608.0
2017-04-19 15:55:00,PSEC,9.245,9.255,9.245,9.255,50751.0
2017-04-19 16:00:00,PSEC,9.255,9.255,9.255,9.255,62797.0
2017-04-19 16:05:00,PSEC,9.255,9.26,9.25,9.255,29717.0
2017-04-19 16:10:00,PSEC,9.255,9.255,9.24,9.25,1154.0
2017-04-19 16:15:00,PSEC,9.25,9.25,9.25,9.25,0.0
2017-04-19 16:20:00,PSEC,9.25,9.25,9.25,9.25,0.0
2017-04-19 16:25:00,PSEC,9.25,9.25,9.25,9.25,0.0
2017-04-19 16:30:00,PSEC,9.25,9.25,9.25,9.25,0.0
2017-04-19 16:35:00,PSEC,9.25,9.25,9.25,9.25,0.0
2017-04-19 16:40:00,PSEC,9.25,9.25,9.25,9.25,0.0
2017-04-19 16:45:00,PSEC,9.25,9.25,9.25,9.25,0.0
2017-04-19 16:50:00,PSEC,9.25,9.25,9.25,9.25,0.0
2017-04-19 16:55:00,PSEC,9.25,9.26,9.24,9.26,1469.0
2017-04-19 17:00:00,PSEC,9.26,9.26,9.26,9.26,0.0
2017-04-19 17:05:00,PSEC,9.26,9.26,9.26,9.26,0.0
2017-04-19 17:10:00,PSEC,9.26,9.26,9.26,9.26,0.0
2017-04-19 17:15:00,PSEC,9.26,9.26,9.26,9.26,0.0
2017-04-19 17:20:00,PSEC,9.26,9.26,9.24,9.25,0.0
2017-04-19 17:25:00,PSEC,9.25,9.25,9.25,9.25,0.0
2017-04-19 17:30:00,PSEC,9.25,9.25,9.25,9.25,0.0
2017-04-19 17:35:00,PSEC,9.25,9.25,9.25,9.25,0.0
2017-04-19 17:40:00,PSEC,9.25,9.25,9.25,9.25,0.0
2017-04-19 17:45:00,PSEC,9.25,9.25,9.25,9.25,5000.0
2017-04-19 17:50:00,PSEC,9.25,9.25,9.25,9.25,0.0
2017-04-19 17:55:00,PSEC,9.25,9.25,9.25,9.25,0.0
2017-04-19 18:00:00,PSEC,9.25,9.25,9.25,9.25,0.0
2017-04-19 18:05:00,PSEC,9.25,9.25,9.25,9.25,0.0
2017-04-19 18:10:00,PSEC,9.25,9.25,9.25,9.25,0.0
2017-04-19 18:15:00,PSEC,9.25,9.25,9.25,9.25,0.0
2017-04-19 18:20:00,PSEC,9.25,9.25,9.25,9.25,0.0
2017-04-19 18:25:00,PSEC,9.25,9.25,9.25,9.25,0.0
2017-04-19 18:30:00,PSEC,9.25,9.25,9.25,9.25,0.0
2017-04-19 18:35:00,PSEC,9.25,9.25,9.25,9.25,0.0
2017-04-19 18:40:00,PSEC,9.25,9.25,9.25,9.25,0.0
2017-04-19 18:45:00,PSEC,9.25,9.25,9.25,9.25,0.0
2017-04-19 18:50:00,PSEC,9.25,9.25,9.25,9.25,0.0
2017-04-19 18:55:00,PSEC,9.25,9.25,9.25,9.25,0.0
2017-04-19 19:00:00,PSEC,9.25,9.25,9.25,9.25,0.0
2017-04-19 19:05:00,PSEC,9.25,9.25,9.25,9.25,0.0
2017-04-19 19:10:00,PSEC,9.25,9.25,9.25,9.25,0.0
2017-04-19 19:15:00,PSEC,9.25,9.275,9.25,9.275,0.0
2017-04-19 19:20:00,PSEC,9.275,9.275,9.25,9.25,450.0
2017-04-19 19:25:00,PSEC,9.25,9.25,9.25,9.25,0.0
2017-04-19 19:30:00,PSEC,9.25,9.25,9.25,9.25,0.0
2017-04-19 19:35:00,PSEC,9.25,9.25,9.25,9.25,0.0
2017-04-19 19:40:00,PSEC,9.25,9.26,9.25,9.26,0.0
2017-04-19 19:45:00,PSEC,9.26,9.26,9.26,9.26,0.0
2017-04-19 19:50:00,PSEC,9.26,9.26,9.26,9.26,0.0
2017-04-19 19:55:00,PSEC,9.26,9.26,9.26,9.26,0.0
2017-04-19 20:00:00,PSEC,9.26,9.26,9.26,9.26,0.0
2017-04-19 20:05:00,PSEC,9.26,9.31,9.26,9.31,0.0
2017-04-19 20:10:00,PSEC,9.31,9.31,9.31,9.31,0.0
2017-04-19 20:15:00,PSEC,9.31,9.31,9.31,9.31,0.0
2017-04-19 20:20:00,PSEC,9.31,9.31,9.31,9.31,0.0
2017-04-19 20:25:00,PSEC,9.31,9.31,9.31,9.31,0.0
2017-04-19 20:30:00,PSEC,9.31,9.31,9.31,9.31,0.0
2017-04-19 20:35:00,PSEC,9.31,9.31,9.31,9.31,0.0
2017-04-19 20:40:00,PSEC,9.31,9.31,9.31,9.31,0.0
2017-04-19 20:45:00,PSEC,9.31,9.31,9.31,9.31,0.0
2017-04-19 20:50:00,PSEC,9.31,9.31,9.31,9.31,0.0
2017-04-19 20:55:00,PSEC,9.31,9.31,9.31,9.31,0.0
2017-04-20 08:00:00,PSEC,9.255,9.255,9.255,9.255,0.0
2017-04-20 08:05:00,PSEC,9.255,9.325,9.24,9.25,0.0
2017-04-20 08:10:00,PSEC,9.25,9.25,9.25,9.25,0.0
2017-04-20 08:15:00,PSEC,9.25,9.25,9.25,9.25,0.0
2017-04-20 08:20:00,PSEC,9.25,9.25,9.25,9.25,0.0
2017-04-20 08:25:00,PSEC,9.25,9.25,9.25,9.25,0.0
2017-04-20 08:30:00,PSEC,9.25,9.25,9.25,9.25,0.0
2017-04-20 08:35:00,PSEC,9.25,9.25,9.25,9.25,0.0
2017-04-20 08:40:00,PSEC,9.25,9.25,9.25,9.25,0.0
2017-04-20 08:45:00,PSEC,9.25,9.25,9.25,9.25,0.0
2017-04-20 08:50:00,PSEC,9.25,9.25,9.25,9.25,0.0
2017-04-20 08:55:00,PSEC,9.25,9.25,9.25,9.25,0.0
2017-04-20 09:00:00,PSEC,9.25,9.25,9.25,9.25,0.0
2017-04-20 09:05:00,PSEC,9.25,9.25,9.25,9.25,0.0
2017-04-20 09:10:00,PSEC,9.25,9.25,9.25,9.25,0.0
2017-04-20 09:15:00,PSEC,9.25,9.25,9.25,9.25,0.0
2017-04-20 09:20:00,PSEC,9.25,9.25,9.25,9.25,0.0
2017-04-20 09:25:00,PSEC,9.25,9.25,9.25,9.25,0.0
2017-04-20 09:30:00,PSEC,9.25,9.28,9.25,9.28,1099.0
2017-04-20 09:35:00,PSEC,9.28,9.315,9.28,9.305,160407.0
2017-04-20 09:40:00,PSEC,9.305,9.305,9.285,9.305,90551.0
2017-04-20 09:45:00,PSEC,9.305,9.305,9.285,9.285,18120.0
2017-04-20 09:50:00,PSEC,9.285,9.295,9.285,9.285,12402.0
2017-04-20 09:55:00,PSEC,9.285,9.305,9.285,9.295,14749.0
2017-04-20 10:00:00,PSEC,9.295,9.295,9.275,9.275,27770.0
2017-04-20 10:05:00,PSEC,9.275,9.295,9.275,9.285,29597.0
2017-04-20 10:10:00,PSEC,9.285,9.285,9.285,9.285,5883.0
2017-04-20 10:15:00,PSEC,9.285,9.295,9.285,9.295,23355.0
2017-04-20 10:20:00,PSEC,9.295,9.295,9.285,9.285,55692.0
2017-04-20 10:25:00,PSEC,9.285,9.295,9.285,9.295,16151.0
2017-04-20 10:30:00,PSEC,9.295,9.295,9.295,9.295,12674.0
2017-04-20 10:35:00,PSEC,9.295,9.305,9.295,9.305,45162.0
2017-04-20 10:40:00,PSEC,9.305,9.305,9.295,9.295,13508.0
2017-04-20 10:45:00,PSEC,9.295,9.305,9.295,9.305,15855.0
2017-04-20 10:50:00,PSEC,9.305,9.315,9.305,9.315,30809.0
2017-04-20 10:55:00,PSEC,9.315,9.325,9.315,9.325,73159.0
2017-04-20 11:00:00,PSEC,9.325,9.335,9.325,9.335,48167.0
2017-04-20 11:05:00,PSEC,9.335,9.335,9.335,9.335,28595.0
2017-04-20 11:10:00,PSEC,9.335,9.345,9.335,9.345,82829.0
2017-04-20 11:15:00,PSEC,9.345,9.345,9.345,9.345,8185.0
2017-04-20 11:20:00,PSEC,9.345,9.345,9.345,9.345,4572.0
2017-04-20 11:25:00,PSEC,9.345,9.345,9.345,9.345,15292.0
2017-04-20 11:30:00,PSEC,9.345,9.355,9.345,9.355,34553.0
2017-04-20 11:35:00,PSEC,9.355,9.355,9.355,9.355,10961.0
2017-04-20 11:40:00,PSEC,9.355,9.355,9.355,9.355,28513.0
2017-04-20 11:45:00,PSEC,9.355,9.365,9.355,9.355,64635.0
2017-04-20 11:50:00,PSEC,9.355,9.365,9.355,9.365,20370.0
2017-04-20 11:55:00,PSEC,9.365,9.365,9.355,9.365,45038.0
2017-04-20 12:00:00,PSEC,9.365,9.365,9.365,9.365,14317.0
2017-04-20 12:05:00,PSEC,9.365,9.365,9.365,9.365,7324.0
2017-04-20 12:10:00,PSEC,9.365,9.365,9.365,9.365,14948.0
2017-04-20 12:15:00,PSEC,9.365,9.365,9.365,9.365,26355.0
2017-04-20 12:20:00,PSEC,9.365,9.365,9.365,9.365,4296.0
2017-04-20 12:25:00,PSEC,9.365,9.365,9.365,9.365,27147.0
2017-04-20 12:30:00,PSEC,9.365,9.365,9.345,9.345,27839.0
2017-04-20 12:35:00,PSEC,9.345,9.345,9.325,9.325,18641.0
2017-04-20 12:40:00,PSEC,9.325,9.325,9.325,9.325,20233.0
2017-04-20 12:45:00,PSEC,9.325,9.325,9.325,9.325,6787.0
2017-04-20 12:50:00,PSEC,9.325,9.325,9.325,9.325,26551.0
2017-04-20 12:55:00,PSEC,9.325,9.325,9.305,9.305,26670.0
2017-04-20 13:00:00,PSEC,9.305,9.305,9.305,9.305,5480.0
2017-04-20 13:05:00,PSEC,9.305,9.305,9.305,9.305,5974.0
2017-04-20 13:10:00,PSEC,9.305,9.315,9.305,9.315,10460.0
2017-04-20 13:15:00,PSEC,9.315,9.315,9.315,9.315,2627.0
2017-04-20 13:20:00,PSEC,9.315,9.315,9.315,9.315,2470.0
2017-04-20 13:25:00,PSEC,9.315,9.315,9.315,9.315,9169.0
2017-04-20 13:30:00,PSEC,9.315,9.315,9.315,9.315,4942.0
2017-04-20 13:35:00,PSEC,9.315,9.325,9.315,9.325,12082.0
2017-04-20 13:40:00,PSEC,9.325,9.325,9.325,9.325,16269.0
2017-04-20 13:45:00,PSEC,9.325,9.325,9.325,9.325,6148.0
2017-04-20 13:50:00,PSEC,9.325,9.335,9.325,9.325,19225.0
2017-04-20 13:55:00,PSEC,9.325,9.325,9.325,9.325,10651.0
2017-04-20 14:00:00,PSEC,9.325,9.325,9.325,9.325,6557.0
2017-04-20 14:05:00,PSEC,9.325,9.325,9.325,9.325,4785.0
2017-04-20 14:10:00,PSEC,9.325,9.325,9.305,9.305,31990.0
2017-04-20 14:15:00,PSEC,9.305,9.305,9.305,9.305,7515.0
2017-04-20 14:20:00,PSEC,9.305,9.305,9.305,9.305,14519.0
2017-04-20 14:25:00,PSEC,9.305,9.315,9.305,9.315,15868.0
2017-04-20 14:30:00,PSEC,9.315,9.315,9.305,9.305,16309.0
2017-04-20 14:35:00,PSEC,9.305,9.315,9.305,9.315,25244.0
2017-04-20 14:40:00,PSEC,9.315,9.315,9.315,9.315,5899.0
2017-04-20 14:45:00,PSEC,9.315,9.315,9.295,9.295,30775.0
2017-04-20 14:50:00,PSEC,9.295,9.305,9.295,9.305,22514.0
2017-04-20 14:55:00,PSEC,9.305,9.315,9.305,9.315,26689.0
2017-04-20 15:00:00,PSEC,9.315,9.315,9.305,9.305,19943.0
2017-04-20 15:05:00,PSEC,9.305,9.305,9.305,9.305,5075.0
2017-04-20 15:10:00,PSEC,9.305,9.305,9.305,9.305,10296.0
2017-04-20 15:15:00,PSEC,9.305,9.305,9.305,9.305,7451.0
2017-04-20 15:20:00,PSEC,9.305,9.315,9.305,9.315,18818.0
2017-04-20 15:25:00,PSEC,9.315,9.315,9.305,9.315,39042.0
2017-04-20 15:30:00,PSEC,9.315,9.315,9.315,9.315,3525.0
2017-04-20 15:35:00,PSEC,9.315,9.335,9.315,9.335,43994.0
2017-04-20 15:40:00,PSEC,9.335,9.335,9.325,9.325,33055.0
2017-04-20 15:45:00,PSEC,9.325,9.335,9.325,9.335,21598.0
2017-04-20 15:50:00,PSEC,9.335,9.335,9.325,9.335,44596.0
2017-04-20 15:55:00,PSEC,9.335,9.345,9.335,9.335,34710.0
2017-04-20 16:00:00,PSEC,9.335,9.335,9.335,9.335,55605.0
2017-04-20 16:05:00,PSEC,9.335,9.335,9.33,9.335,42800.0
2017-04-20 16:10:00,PSEC,9.335,9.345,9.33,9.33,0.0
2017-04-20 16:15:00,PSEC,9.33,9.33,9.33,9.33,0.0
2017-04-20 16:20:00,PSEC,9.33,9.33,9.33,9.33,0.0
2017-04-20 16:25:00,PSEC,9.33,9.33,9.33,9.33,0.0
2017-04-20 16:30:00,PSEC,9.33,9.33,9.33,9.33,0.0
2017-04-20 16:35:00,PSEC,9.33,9.33,9.33,9.33,0.0
2017-04-20 16:40:00,PSEC,9.33,9.33,9.33,9.33,0.0
2017-04-20 16:45:00,PSEC,9.33,9.33,9.33,9.33,5447.0
2017-04-20 16:50:00,PSEC,9.33,9.33,9.33,9.33,0.0
2017-04-20 16:55:00,PSEC,9.33,9.33,9.33,9.33,0.0
2017-04-20 17:00:00,PSEC,9.33,9.33,9.33,9.33,0.0
2017-04-20 17:05:00,PSEC,9.33,9.33,9.33,9.33,0.0
2017-04-20 17:10:00,PSEC,9.33,9.33,9.33,9.33,0.0
2017-04-20 17:15:00,PSEC,9.33,9.33,9.33,9.33,0.0
2017-04-20 17:20:00,PSEC,9.33,9.33,9.33,9.33,0.0
2017-04-20 17:25:00,PSEC,9.33,9.33,9.33,9.33,0.0
2017-04-20 17:30:00,PSEC,9.33,9.33,9.33,9.33,0.0
2017-04-20 17:35:00,PSEC,9.33,9.33,9.33,9.33,0.0
2017-04-20 17:40:00,PSEC,9.33,9.33,9.33,9.33,0.0
2017-04-20 17:45:00,PSEC,9.33,9.33,9.33,9.33,0.0
2017-04-20 17:50:00,PSEC,9.33,9.33,9.33,9.33,0.0
2017-04-20 17:55:00,PSEC,9.33,9.33,9.33,9.33,0.0
2017-04-20 18:00:00,PSEC,9.33,9.34,9.33,9.34,0.0
2017-04-20 18:05:00,PSEC,9.34,9.34,9.34,9.34,0.0
2017-04-20 18:10:00,PSEC,9.34,9.34,9.34,9.34,0.0
2017-04-20 18:15:00,PSEC,9.34,9.34,9.34,9.34,0.0
2017-04-20 18:20:00,PSEC,9.34,9.34,9.34,9.34,0.0
2017-04-20 18:25:00,PSEC,9.34,9.34,9.34,9.34,0.0
2017-04-20 18:30:00,PSEC,9.34,9.34,9.34,9.34,0.0
2017-04-20 18:35:00,PSEC,9.34,9.34,9.34,9.34,0.0
2017-04-20 18:40:00,PSEC,9.34,9.34,9.34,9.34,0.0
2017-04-20 18:45:00,PSEC,9.34,9.34,9.34,9.34,0.0
2017-04-20 18:50:00,PSEC,9.34,9.34,9.34,9.34,0.0
2017-04-20 18:55:00,PSEC,9.34,9.34,9.34,9.34,0.0
2017-04-20 19:00:00,PSEC,9.34,9.34,9.34,9.34,0.0
2017-04-20 19:05:00,PSEC,9.34,9.34,9.34,9.34,0.0
2017-04-20 19:10:00,PSEC,9.34,9.34,9.34,9.34,0.0
2017-04-20 19:15:00,PSEC,9.34,9.34,9.34,9.34,0.0
2017-04-20 19:20:00,PSEC,9.34,9.34,9.34,9.34,0.0
2017-04-20 19:25:00,PSEC,9.34,9.34,9.34,9.34,0.0
2017-04-20 19:30:00,PSEC,9.34,9.34,9.34,9.34,0.0
2017-04-20 19:35:00,PSEC,9.34,9.34,9.34,9.34,0.0
2017-04-20 19:40:00,PSEC,9.34,9.34,9.34,9.34,0.0
2017-04-20 19:45:00,PSEC,9.34,9.34,9.34,9.34,0.0
2017-04-20 19:50:00,PSEC,9.34,9.34,9.34,9.34,0.0
2017-04-20 19:55:00,PSEC,9.34,9.34,9.34,9.34,0.0
2017-04-20 20:00:00,PSEC,9.34,9.34,9.34,9.34,0.0
2017-04-20 20:05:00,PSEC,9.34,9.34,9.265,9.265,0.0
2017-04-20 20:10:00,PSEC,9.265,9.265,9.265,9.265,0.0
2017-04-20 20:15:00,PSEC,9.265,9.265,9.265,9.265,0.0
2017-04-20 20:20:00,PSEC,9.265,9.265,9.265,9.265,0.0
2017-04-20 20:25:00,PSEC,9.265,9.265,9.265,9.265,0.0
2017-04-20 20:30:00,PSEC,9.265,9.265,9.265,9.265,0.0
2017-04-20 20:35:00,PSEC,9.265,9.265,9.265,9.265,0.0
2017-04-20 20:40:00,PSEC,9.265,9.265,9.265,9.265,0.0
2017-04-20 20:45:00,PSEC,9.265,9.265,9.265,9.265,0.0
2017-04-20 20:50:00,PSEC,9.265,9.265,9.265,9.265,0.0
2017-04-20 20:55:00,PSEC,9.265,9.265,9.265,9.265,0.0
2017-04-21 08:00:00,PSEC,9.275,9.275,9.275,9.275,0.0
2017-04-21 08:05:00,PSEC,9.275,9.37,9.275,9.37,0.0
2017-04-21 08:10:00,PSEC,9.37,9.37,9.37,9.37,0.0
2017-04-21 08:15:00,PSEC,9.37,9.37,9.37,9.37,0.0
2017-04-21 08:20:00,PSEC,9.37,9.37,9.37,9.37,0.0
2017-04-21 08:25:00,PSEC,9.37,9.37,9.37,9.37,0.0
2017-04-21 08:30:00,PSEC,9.37,9.395,9.37,9.395,1000.0
2017-04-21 08:35:00,PSEC,9.395,9.395,9.395,9.395,0.0
2017-04-21 08:40:00,PSEC,9.395,9.395,9.375,9.375,1100.0
2017-04-21 08:45:00,PSEC,9.375,9.375,9.375,9.375,0.0
2017-04-21 08:50:00,PSEC,9.375,9.375,9.375,9.375,0.0
2017-04-21 08:55:00,PSEC,9.375,9.375,9.375,9.375,0.0
2017-04-21 09:00:00,PSEC,9.375,9.375,9.375,9.375,9.0
2017-04-21 09:05:00,PSEC,9.375,9.375,9.375,9.375,0.0
2017-04-21 09:10:00,PSEC,9.375,9.375,9.375,9.375,0.0
2017-04-21 09:15:00,PSEC,9.375,9.375,9.37,9.375,53.0
2017-04-21 09:20:00,PSEC,9.375,9.375,9.37,9.37,0.0
2017-04-21 09:25:00,PSEC,9.37,9.37,9.37,9.37,0.0
2017-04-21 09:30:00,PSEC,9.37,9.37,9.315,9.315,1100.0
2017-04-21 09:35:00,PSEC,9.315,9.375,9.315,9.365,70995.0
2017-04-21 09:40:00,PSEC,9.365,9.375,9.355,9.375,35048.0
2017-04-21 09:45:00,PSEC,9.375,9.375,9.375,9.375,11293.0
2017-04-21 09:50:00,PSEC,9.375,9.385,9.375,9.385,5983.0
2017-04-21 09:55:00,PSEC,9.385,9.395,9.385,9.385,22421.0
2017-04-21 10:00:00,PSEC,9.385,9.395,9.385,9.395,16991.0
2017-04-21 10:05:00,PSEC,9.395,9.415,9.395,9.415,15906.0
2017-04-21 10:10:00,PSEC,9.415,9.425,9.415,9.425,20761.0
2017-04-21 10:20:00,PSEC,9.425,9.425,9.425,9.425,9034.0
2017-04-21 10:25:00,PSEC,9.425,9.425,9.425,9.425,309519.0
2017-04-21 10:30:00,PSEC,9.425,9.425,9.415,9.415,29852.0
2017-04-21 10:35:00,PSEC,9.415,9.415,9.415,9.415,20841.0
2017-04-21 10:40:00,PSEC,9.415,9.415,9.415,9.415,16205.0
2017-04-21 10:45:00,PSEC,9.415,9.415,9.405,9.405,47484.0
2017-04-21 10:50:00,PSEC,9.405,9.415,9.405,9.415,17478.0
2017-04-21 10:55:00,PSEC,9.415,9.415,9.405,9.405,74249.0
2017-04-21 11:00:00,PSEC,9.405,9.405,9.405,9.405,17561.0
2017-04-21 11:05:00,PSEC,9.405,9.405,9.405,9.405,7493.0
2017-04-21 11:10:00,PSEC,9.405,9.405,9.405,9.405,9731.0
2017-04-21 11:15:00,PSEC,9.405,9.405,9.405,9.405,17069.0
2017-04-21 11:20:00,PSEC,9.405,9.415,9.405,9.415,24215.0
2017-04-21 11:25:00,PSEC,9.415,9.435,9.415,9.435,144484.0
2017-04-21 11:30:00,PSEC,9.435,9.435,9.425,9.425,42240.0
2017-04-21 11:35:00,PSEC,9.425,9.425,9.425,9.425,20465.0
2017-04-21 11:40:00,PSEC,9.425,9.425,9.425,9.425,8793.0
2017-04-21 11:45:00,PSEC,9.425,9.425,9.375,9.395,102999.0
2017-04-21 11:50:00,PSEC,9.395,9.405,9.395,9.405,15839.0
2017-04-21 11:55:00,PSEC,9.405,9.405,9.405,9.405,12602.0
2017-04-21 12:00:00,PSEC,9.405,9.405,9.405,9.405,10506.0
2017-04-21 12:05:00,PSEC,9.405,9.405,9.385,9.395,38656.0
2017-04-21 12:10:00,PSEC,9.395,9.395,9.375,9.375,105732.0
2017-04-21 12:15:00,PSEC,9.375,9.375,9.375,9.375,6330.0
2017-04-21 12:20:00,PSEC,9.375,9.375,9.375,9.375,5501.0
2017-04-21 12:25:00,PSEC,9.375,9.385,9.375,9.385,40325.0
2017-04-21 12:30:00,PSEC,9.385,9.385,9.385,9.385,9274.0
2017-04-21 12:35:00,PSEC,9.385,9.385,9.385,9.385,9748.0
2017-04-21 12:40:00,PSEC,9.385,9.385,9.385,9.385,6856.0
2017-04-21 12:45:00,PSEC,9.385,9.385,9.385,9.385,8534.0
2017-04-21 12:50:00,PSEC,9.385,9.385,9.385,9.385,8076.0
2017-04-21 12:55:00,PSEC,9.385,9.385,9.385,9.385,2111.0
2017-04-21 13:00:00,PSEC,9.385,9.385,9.385,9.385,9967.0
2017-04-21 13:05:00,PSEC,9.385,9.385,9.385,9.385,7988.0
2017-04-21 13:10:00,PSEC,9.385,9.385,9.385,9.385,12644.0
2017-04-21 13:15:00,PSEC,9.385,9.385,9.375,9.375,25712.0
2017-04-21 13:20:00,PSEC,9.375,9.375,9.375,9.375,3931.0
2017-04-21 13:25:00,PSEC,9.375,9.375,9.375,9.375,3842.0
2017-04-21 13:30:00,PSEC,9.375,9.375,9.375,9.375,10441.0
2017-04-21 13:35:00,PSEC,9.375,9.375,9.375,9.375,6633.0
2017-04-21 13:40:00,PSEC,9.375,9.375,9.355,9.355,89557.0
2017-04-21 13:45:00,PSEC,9.355,9.355,9.355,9.355,8454.0
2017-04-21 13:50:00,PSEC,9.355,9.355,9.355,9.355,9617.0
2017-04-21 13:55:00,PSEC,9.355,9.355,9.355,9.355,12283.0
2017-04-21 14:00:00,PSEC,9.355,9.365,9.355,9.365,21172.0
2017-04-21 14:05:00,PSEC,9.365,9.385,9.365,9.385,60404.0
2017-04-21 14:10:00,PSEC,9.385,9.385,9.385,9.385,3705.0
2017-04-21 14:15:00,PSEC,9.385,9.385,9.385,9.385,5189.0
2017-04-21 14:20:00,PSEC,9.385,9.385,9.385,9.385,5992.0
2017-04-21 14:25:00,PSEC,9.385,9.385,9.385,9.385,13133.0
2017-04-21 14:30:00,PSEC,9.385,9.385,9.385,9.385,3890.0
2017-04-21 14:35:00,PSEC,9.385,9.385,9.385,9.385,7558.0
2017-04-21 14:40:00,PSEC,9.385,9.385,9.385,9.385,12403.0
2017-04-21 14:45:00,PSEC,9.385,9.385,9.385,9.385,6199.0
2017-04-21 14:50:00,PSEC,9.385,9.385,9.385,9.385,84562.0
2017-04-21 14:55:00,PSEC,9.385,9.385,9.385,9.385,9908.0
2017-04-21 15:00:00,PSEC,9.385,9.385,9.385,9.385,9230.0
2017-04-21 15:05:00,PSEC,9.385,9.385,9.385,9.385,8084.0
2017-04-21 15:10:00,PSEC,9.385,9.385,9.385,9.385,7926.0
2017-04-21 15:15:00,PSEC,9.385,9.385,9.385,9.385,8006.0
2017-04-21 15:20:00,PSEC,9.385,9.385,9.385,9.385,11953.0
2017-04-21 15:25:00,PSEC,9.385,9.385,9.385,9.385,15125.0
2017-04-21 15:30:00,PSEC,9.385,9.395,9.385,9.395,21113.0
2017-04-21 15:35:00,PSEC,9.395,9.395,9.385,9.385,42873.0
2017-04-21 15:40:00,PSEC,9.385,9.385,9.385,9.385,20721.0
2017-04-21 15:45:00,PSEC,9.385,9.385,9.385,9.385,44582.0
2017-04-21 15:50:00,PSEC,9.385,9.385,9.385,9.385,22905.0
2017-04-21 15:55:00,PSEC,9.385,9.385,9.385,9.385,20927.0
2017-04-21 16:00:00,PSEC,9.385,9.385,9.375,9.375,140285.0
2017-04-21 16:05:00,PSEC,9.375,9.38,9.37,9.38,67686.0
2017-04-21 16:10:00,PSEC,9.38,9.395,9.38,9.395,0.0
2017-04-21 16:15:00,PSEC,9.395,9.4,9.395,9.4,0.0
2017-04-21 16:20:00,PSEC,9.4,9.4,9.385,9.385,0.0
2017-04-21 16:25:00,PSEC,9.385,9.4,9.38,9.38,0.0
2017-04-21 16:30:00,PSEC,9.38,9.385,9.38,9.385,0.0
2017-04-21 16:35:00,PSEC,9.385,9.385,9.385,9.385,0.0
2017-04-21 16:40:00,PSEC,9.385,9.385,9.385,9.385,0.0
2017-04-21 16:45:00,PSEC,9.385,9.385,9.385,9.385,0.0
2017-04-21 16:50:00,PSEC,9.385,9.385,9.385,9.385,4652.0
2017-04-21 16:55:00,PSEC,9.385,9.385,9.385,9.385,0.0
2017-04-21 17:00:00,PSEC,9.385,9.385,9.385,9.385,0.0
2017-04-21 17:05:00,PSEC,9.385,9.385,9.385,9.385,0.0
2017-04-21 17:10:00,PSEC,9.385,9.385,9.385,9.385,0.0
2017-04-21 17:15:00,PSEC,9.385,9.385,9.385,9.385,0.0
2017-04-21 17:20:00,PSEC,9.385,9.385,9.385,9.385,50.0
2017-04-21 17:25:00,PSEC,9.385,9.385,9.385,9.385,0.0
2017-04-21 17:30:00,PSEC,9.385,9.385,9.385,9.385,0.0
2017-04-21 17:35:00,PSEC,9.385,9.385,9.385,9.385,0.0
2017-04-21 17:40:00,PSEC,9.385,9.385,9.385,9.385,0.0
2017-04-21 17:45:00,PSEC,9.385,9.385,9.385,9.385,0.0
2017-04-21 17:50:00,PSEC,9.385,9.385,9.385,9.385,0.0
2017-04-21 17:55:00,PSEC,9.385,9.385,9.385,9.385,0.0
2017-04-21 18:00:00,PSEC,9.385,9.385,9.385,9.385,0.0
2017-04-21 18:05:00,PSEC,9.385,9.385,9.385,9.385,0.0
2017-04-21 18:10:00,PSEC,9.385,9.385,9.385,9.385,0.0
2017-04-21 18:15:00,PSEC,9.385,9.385,9.385,9.385,10.0
2017-04-21 18:20:00,PSEC,9.385,9.385,9.385,9.385,0.0
2017-04-21 18:25:00,PSEC,9.385,9.385,9.385,9.385,0.0
2017-04-21 18:30:00,PSEC,9.385,9.385,9.385,9.385,0.0
2017-04-21 18:35:00,PSEC,9.385,9.385,9.385,9.385,0.0
2017-04-21 18:40:00,PSEC,9.385,9.385,9.385,9.385,0.0
2017-04-21 18:45:00,PSEC,9.385,9.385,9.385,9.385,0.0
2017-04-21 18:50:00,PSEC,9.385,9.385,9.385,9.385,0.0
2017-04-21 18:55:00,PSEC,9.385,9.385,9.385,9.385,0.0
2017-04-21 19:00:00,PSEC,9.385,9.385,9.385,9.385,0.0
2017-04-21 19:05:00,PSEC,9.385,9.385,9.385,9.385,0.0
2017-04-21 19:10:00,PSEC,9.385,9.385,9.385,9.385,0.0
2017-04-21 19:15:00,PSEC,9.385,9.385,9.385,9.385,6.0
2017-04-21 19:20:00,PSEC,9.385,9.385,9.385,9.385,0.0
2017-04-21 19:25:00,PSEC,9.385,9.385,9.385,9.385,0.0
2017-04-21 19:30:00,PSEC,9.385,9.385,9.385,9.385,0.0
2017-04-21 19:35:00,PSEC,9.385,9.385,9.385,9.385,0.0
2017-04-21 19:40:00,PSEC,9.385,9.385,9.385,9.385,0.0
2017-04-21 19:45:00,PSEC,9.385,9.385,9.385,9.385,0.0
2017-04-21 19:50:00,PSEC,9.385,9.385,9.385,9.385,0.0
2017-04-21 19:55:00,PSEC,9.385,9.385,9.385,9.385,0.0
2017-04-21 20:00:00,PSEC,9.385,9.385,9.385,9.385,0.0
2017-04-21 20:05:00,PSEC,9.385,9.435,9.385,9.435,0.0
2017-04-21 20:10:00,PSEC,9.435,9.435,9.435,9.435,0.0
2017-04-21 20:15:00,PSEC,9.435,9.435,9.435,9.435,0.0
2017-04-21 20:20:00,PSEC,9.435,9.435,9.435,9.435,0.0
2017-04-21 20:25:00,PSEC,9.435,9.435,9.435,9.435,0.0
2017-04-21 20:30:00,PSEC,9.435,9.435,9.435,9.435,0.0
2017-04-21 20:35:00,PSEC,9.435,9.435,9.435,9.435,0.0
2017-04-21 20:40:00,PSEC,9.435,9.435,9.435,9.435,0.0
2017-04-21 20:45:00,PSEC,9.435,9.435,9.435,9.435,0.0
2017-04-21 20:50:00,PSEC,9.435,9.435,9.435,9.435,0.0
2017-04-21 20:55:00,PSEC,9.435,9.435,9.435,9.435,0.0
2017-04-22 08:00:00,PSEC,9.435,9.435,9.435,9.435,0.0
2017-04-22 08:05:00,PSEC,9.435,9.435,9.435,9.435,0.0
2017-04-22 08:10:00,PSEC,9.435,9.435,9.435,9.435,0.0
2017-04-22 08:15:00,PSEC,9.435,9.435,9.435,9.435,0.0
2017-04-22 08:20:00,PSEC,9.435,9.435,9.435,9.435,0.0
2017-04-22 08:25:00,PSEC,9.435,9.435,9.435,9.435,0.0
2017-04-22 08:30:00,PSEC,9.435,9.435,9.435,9.435,0.0
2017-04-22 08:35:00,PSEC,9.435,9.435,9.435,9.435,0.0
2017-04-22 08:40:00,PSEC,9.435,9.435,9.435,9.435,0.0
2017-04-22 08:45:00,PSEC,9.435,9.435,9.435,9.435,0.0
2017-04-22 08:50:00,PSEC,9.435,9.435,9.435,9.435,0.0
2017-04-22 08:55:00,PSEC,9.435,9.435,9.435,9.435,0.0
2017-04-22 09:00:00,PSEC,9.435,9.435,9.435,9.435,0.0
2017-04-22 09:05:00,PSEC,9.435,9.435,9.435,9.435,0.0
2017-04-22 09:10:00,PSEC,9.435,9.435,9.435,9.435,0.0
2017-04-22 09:15:00,PSEC,9.435,9.435,9.435,9.435,0.0
2017-04-22 09:20:00,PSEC,9.435,9.435,9.435,9.435,0.0
2017-04-22 09:25:00,PSEC,9.435,9.435,9.435,9.435,0.0
2017-04-22 09:30:00,PSEC,9.435,9.435,9.435,9.435,0.0
2017-04-22 09:35:00,PSEC,9.435,9.435,9.435,9.435,0.0
2017-04-22 09:40:00,PSEC,9.435,9.435,9.435,9.435,0.0
2017-04-22 09:45:00,PSEC,9.435,9.435,9.435,9.435,0.0
2017-04-22 09:50:00,PSEC,9.435,9.435,9.435,9.435,0.0
2017-04-22 09:55:00,PSEC,9.435,9.435,9.435,9.435,0.0
2017-04-22 10:00:00,PSEC,9.435,9.435,9.435,9.435,0.0
2017-04-22 10:05:00,PSEC,9.435,9.435,9.435,9.435,0.0
2017-04-22 10:10:00,PSEC,9.435,9.435,9.435,9.435,0.0
2017-04-22 10:15:00,PSEC,9.435,9.435,9.435,9.435,0.0
2017-04-22 10:20:00,PSEC,9.435,9.435,9.435,9.435,0.0
2017-04-22 10:25:00,PSEC,9.435,9.435,9.435,9.435,0.0
2017-04-22 10:30:00,PSEC,9.435,9.435,9.435,9.435,0.0
2017-04-22 10:35:00,PSEC,9.435,9.435,9.435,9.435,0.0
2017-04-22 10:40:00,PSEC,9.435,9.435,9.435,9.435,0.0
2017-04-22 10:45:00,PSEC,9.435,9.435,9.435,9.435,0.0
2017-04-22 10:50:00,PSEC,9.435,9.435,9.435,9.435,0.0
2017-04-22 10:55:00,PSEC,9.435,9.435,9.435,9.435,0.0
2017-04-22 11:00:00,PSEC,9.435,9.435,9.435,9.435,0.0
2017-04-22 11:05:00,PSEC,9.435,9.435,9.435,9.435,0.0
2017-04-22 11:10:00,PSEC,9.435,9.435,9.435,9.435,0.0
2017-04-22 11:15:00,PSEC,9.435,9.435,9.435,9.435,0.0
2017-04-22 11:20:00,PSEC,9.435,9.435,9.435,9.435,0.0
2017-04-22 11:25:00,PSEC,9.435,9.435,9.435,9.435,0.0
2017-04-22 11:30:00,PSEC,9.435,9.435,9.435,9.435,0.0
2017-04-22 11:35:00,PSEC,9.435,9.435,9.435,9.435,0.0
2017-04-22 11:40:00,PSEC,9.435,9.435,9.435,9.435,0.0
2017-04-22 11:45:00,PSEC,9.435,9.435,9.435,9.435,0.0
2017-04-22 11:50:00,PSEC,9.435,9.435,9.435,9.435,0.0
2017-04-22 11:55:00,PSEC,9.435,9.435,9.435,9.435,0.0
2017-04-22 12:00:00,PSEC,9.435,9.435,9.435,9.435,0.0
2017-04-22 12:05:00,PSEC,9.435,9.435,9.435,9.435,0.0
2017-04-22 12:10:00,PSEC,9.435,9.435,9.435,9.435,0.0
2017-04-22 12:15:00,PSEC,9.435,9.435,9.435,9.435,0.0
2017-04-22 12:20:00,PSEC,9.435,9.435,9.435,9.435,0.0
2017-04-22 12:25:00,PSEC,9.435,9.435,9.435,9.435,0.0
2017-04-22 12:30:00,PSEC,9.435,9.435,9.435,9.435,0.0
2017-04-22 12:35:00,PSEC,9.435,9.435,9.435,9.435,0.0
2017-04-22 12:40:00,PSEC,9.435,9.435,9.435,9.435,0.0
2017-04-22 12:45:00,PSEC,9.435,9.435,9.435,9.435,0.0
2017-04-22 12:50:00,PSEC,9.435,9.435,9.435,9.435,0.0
2017-04-22 12:55:00,PSEC,9.435,9.435,9.435,9.435,0.0
2017-04-22 13:00:00,PSEC,9.435,9.435,9.435,9.435,0.0
2017-04-22 13:05:00,PSEC,9.435,9.435,9.435,9.435,0.0
2017-04-22 13:10:00,PSEC,9.435,9.435,9.435,9.435,0.0
2017-04-22 13:15:00,PSEC,9.435,9.435,9.435,9.435,0.0
2017-04-22 13:20:00,PSEC,9.435,9.435,9.435,9.435,0.0
2017-04-22 13:25:00,PSEC,9.435,9.435,9.435,9.435,0.0
2017-04-22 13:30:00,PSEC,9.435,9.435,9.435,9.435,0.0
2017-04-22 13:35:00,PSEC,9.435,9.435,9.435,9.435,0.0
2017-04-22 13:40:00,PSEC,9.435,9.435,9.435,9.435,0.0
2017-04-22 13:45:00,PSEC,9.435,9.435,9.435,9.435,0.0
2017-04-22 13:50:00,PSEC,9.435,9.435,9.435,9.435,0.0
2017-04-22 13:55:00,PSEC,9.435,9.435,9.435,9.435,0.0
2017-04-22 14:00:00,PSEC,9.435,9.435,9.435,9.435,0.0
2017-04-22 14:05:00,PSEC,9.435,9.435,9.435,9.435,0.0
2017-04-22 14:10:00,PSEC,9.435,9.435,9.435,9.435,0.0
2017-04-22 14:15:00,PSEC,9.435,9.435,9.435,9.435,0.0
2017-04-22 14:20:00,PSEC,9.435,9.435,9.435,9.435,0.0
2017-04-22 14:25:00,PSEC,9.435,9.435,9.435,9.435,0.0
2017-04-22 14:30:00,PSEC,9.435,9.435,9.435,9.435,0.0
2017-04-22 14:35:00,PSEC,9.435,9.435,9.435,9.435,0.0
2017-04-22 14:40:00,PSEC,9.435,9.435,9.435,9.435,0.0
2017-04-22 14:45:00,PSEC,9.435,9.435,9.435,9.435,0.0
2017-04-22 14:50:00,PSEC,9.435,9.435,9.435,9.435,0.0
2017-04-22 14:55:00,PSEC,9.435,9.435,9.435,9.435,0.0
2017-04-22 15:00:00,PSEC,9.435,9.435,9.435,9.435,0.0
2017-04-22 15:05:00,PSEC,9.435,9.435,9.435,9.435,0.0
2017-04-22 15:10:00,PSEC,9.435,9.435,9.435,9.435,0.0
2017-04-22 15:15:00,PSEC,9.435,9.435,9.435,9.435,0.0
2017-04-22 15:20:00,PSEC,9.435,9.435,9.435,9.435,0.0
2017-04-22 15:25:00,PSEC,9.435,9.435,9.435,9.435,0.0
2017-04-22 15:30:00,PSEC,9.435,9.435,9.435,9.435,0.0
2017-04-22 15:35:00,PSEC,9.435,9.435,9.435,9.435,0.0
2017-04-22 15:40:00,PSEC,9.435,9.435,9.435,9.435,0.0
2017-04-22 15:45:00,PSEC,9.435,9.435,9.435,9.435,0.0
2017-04-22 15:50:00,PSEC,9.435,9.435,9.435,9.435,0.0
2017-04-22 15:55:00,PSEC,9.435,9.435,9.435,9.435,0.0
2017-04-22 16:00:00,PSEC,9.435,9.435,9.435,9.435,0.0
2017-04-22 16:05:00,PSEC,9.435,9.435,9.435,9.435,0.0
2017-04-22 16:10:00,PSEC,9.435,9.435,9.435,9.435,0.0
2017-04-22 16:15:00,PSEC,9.435,9.435,9.435,9.435,0.0
2017-04-22 16:20:00,PSEC,9.435,9.435,9.435,9.435,0.0
2017-04-22 16:25:00,PSEC,9.435,9.435,9.435,9.435,0.0
2017-04-22 16:30:00,PSEC,9.435,9.435,9.435,9.435,0.0
2017-04-22 16:35:00,PSEC,9.435,9.435,9.435,9.435,0.0
2017-04-22 16:40:00,PSEC,9.435,9.435,9.435,9.435,0.0
2017-04-22 16:45:00,PSEC,9.435,9.435,9.435,9.435,0.0
2017-04-22 16:50:00,PSEC,9.435,9.435,9.435,9.435,0.0
2017-04-22 16:55:00,PSEC,9.435,9.435,9.435,9.435,0.0
2017-04-22 17:00:00,PSEC,9.435,9.435,9.435,9.435,0.0
2017-04-22 17:05:00,PSEC,9.435,9.435,9.435,9.435,0.0
2017-04-22 17:10:00,PSEC,9.435,9.435,9.435,9.435,0.0
2017-04-22 17:15:00,PSEC,9.435,9.435,9.435,9.435,0.0
2017-04-22 17:20:00,PSEC,9.435,9.435,9.435,9.435,0.0
2017-04-22 17:25:00,PSEC,9.435,9.435,9.435,9.435,0.0
2017-04-22 17:30:00,PSEC,9.435,9.435,9.435,9.435,0.0
2017-04-22 17:35:00,PSEC,9.435,9.435,9.435,9.435,0.0
2017-04-22 17:40:00,PSEC,9.435,9.435,9.435,9.435,0.0
2017-04-22 17:45:00,PSEC,9.435,9.435,9.435,9.435,0.0
2017-04-22 17:50:00,PSEC,9.435,9.435,9.435,9.435,0.0
2017-04-22 17:55:00,PSEC,9.435,9.435,9.435,9.435,0.0
2017-04-22 18:00:00,PSEC,9.435,9.435,9.435,9.435,0.0
2017-04-22 18:05:00,PSEC,9.435,9.435,9.435,9.435,0.0
2017-04-22 18:10:00,PSEC,9.435,9.435,9.435,9.435,0.0
2017-04-22 18:15:00,PSEC,9.435,9.435,9.435,9.435,0.0
2017-04-22 18:20:00,PSEC,9.435,9.435,9.435,9.435,0.0
2017-04-22 18:25:00,PSEC,9.435,9.435,9.435,9.435,0.0
2017-04-22 18:30:00,PSEC,9.435,9.435,9.435,9.435,0.0
2017-04-22 18:35:00,PSEC,9.435,9.435,9.435,9.435,0.0
2017-04-22 18:40:00,PSEC,9.435,9.435,9.435,9.435,0.0
2017-04-22 18:45:00,PSEC,9.435,9.435,9.435,9.435,0.0
2017-04-22 18:50:00,PSEC,9.435,9.435,9.435,9.435,0.0
2017-04-22 18:55:00,PSEC,9.435,9.435,9.435,9.435,0.0
2017-04-22 19:00:00,PSEC,9.435,9.435,9.435,9.435,0.0
2017-04-22 19:05:00,PSEC,9.435,9.435,9.435,9.435,0.0
2017-04-22 19:10:00,PSEC,9.435,9.435,9.435,9.435,0.0
2017-04-22 19:15:00,PSEC,9.435,9.435,9.435,9.435,0.0
2017-04-22 19:20:00,PSEC,9.435,9.435,9.435,9.435,0.0
2017-04-22 19:25:00,PSEC,9.435,9.435,9.435,9.435,0.0
2017-04-22 19:30:00,PSEC,9.435,9.435,9.435,9.435,0.0
2017-04-22 19:35:00,PSEC,9.435,9.435,9.435,9.435,0.0
2017-04-22 19:40:00,PSEC,9.435,9.435,9.435,9.435,0.0
2017-04-22 19:45:00,PSEC,9.435,9.435,9.435,9.435,0.0
2017-04-22 19:50:00,PSEC,9.435,9.435,9.435,9.435,0.0
2017-04-22 19:55:00,PSEC,9.435,9.435,9.435,9.435,0.0
2017-04-22 20:00:00,PSEC,9.435,9.435,9.435,9.435,0.0
2017-04-22 20:05:00,PSEC,9.435,9.435,9.435,9.435,0.0
2017-04-22 20:10:00,PSEC,9.435,9.435,9.435,9.435,0.0
2017-04-22 20:15:00,PSEC,9.435,9.435,9.435,9.435,0.0
2017-04-22 20:20:00,PSEC,9.435,9.435,9.435,9.435,0.0
2017-04-22 20:25:00,PSEC,9.435,9.435,9.435,9.435,0.0
2017-04-22 20:30:00,PSEC,9.435,9.435,9.435,9.435,0.0
2017-04-22 20:35:00,PSEC,9.435,9.435,9.435,9.435,0.0
2017-04-22 20:40:00,PSEC,9.435,9.435,9.435,9.435,0.0
2017-04-22 20:45:00,PSEC,9.435,9.435,9.435,9.435,0.0
2017-04-22 20:50:00,PSEC,9.435,9.435,9.435,9.435,0.0
2017-04-22 20:55:00,PSEC,9.435,9.435,9.435,9.435,0.0
2017-04-23 08:00:00,PSEC,9.435,9.435,9.435,9.435,0.0
2017-04-23 08:05:00,PSEC,9.435,9.435,9.435,9.435,0.0
2017-04-23 08:10:00,PSEC,9.435,9.435,9.435,9.435,0.0
2017-04-23 08:15:00,PSEC,9.435,9.435,9.435,9.435,0.0
2017-04-23 08:20:00,PSEC,9.435,9.435,9.435,9.435,0.0
2017-04-23 08:25:00,PSEC,9.435,9.435,9.435,9.435,0.0
2017-04-23 08:30:00,PSEC,9.435,9.435,9.435,9.435,0.0
2017-04-23 08:35:00,PSEC,9.435,9.435,9.435,9.435,0.0
2017-04-23 08:40:00,PSEC,9.435,9.435,9.435,9.435,0.0
2017-04-23 08:45:00,PSEC,9.435,9.435,9.435,9.435,0.0
2017-04-23 08:50:00,PSEC,9.435,9.435,9.435,9.435,0.0
2017-04-23 08:55:00,PSEC,9.435,9.435,9.435,9.435,0.0
2017-04-23 09:00:00,PSEC,9.435,9.435,9.435,9.435,0.0
2017-04-23 09:05:00,PSEC,9.435,9.435,9.435,9.435,0.0
2017-04-23 09:10:00,PSEC,9.435,9.435,9.435,9.435,0.0
2017-04-23 09:15:00,PSEC,9.435,9.435,9.435,9.435,0.0
2017-04-23 09:20:00,PSEC,9.435,9.435,9.435,9.435,0.0
2017-04-23 09:25:00,PSEC,9.435,9.435,9.435,9.435,0.0
2017-04-23 09:30:00,PSEC,9.435,9.435,9.435,9.435,0.0
2017-04-23 09:35:00,PSEC,9.435,9.435,9.435,9.435,0.0
2017-04-23 09:40:00,PSEC,9.435,9.435,9.435,9.435,0.0
2017-04-23 09:45:00,PSEC,9.435,9.435,9.435,9.435,0.0
2017-04-23 09:50:00,PSEC,9.435,9.435,9.435,9.435,0.0
2017-04-23 09:55:00,PSEC,9.435,9.435,9.435,9.435,0.0
2017-04-23 10:00:00,PSEC,9.435,9.435,9.435,9.435,0.0
2017-04-23 10:05:00,PSEC,9.435,9.435,9.435,9.435,0.0
2017-04-23 10:10:00,PSEC,9.435,9.435,9.435,9.435,0.0
2017-04-23 10:15:00,PSEC,9.435,9.435,9.435,9.435,0.0
2017-04-23 10:20:00,PSEC,9.435,9.435,9.435,9.435,0.0
2017-04-23 10:25:00,PSEC,9.435,9.435,9.435,9.435,0.0
2017-04-23 10:30:00,PSEC,9.435,9.435,9.435,9.435,0.0
2017-04-23 10:35:00,PSEC,9.435,9.435,9.435,9.435,0.0
2017-04-23 10:40:00,PSEC,9.435,9.435,9.435,9.435,0.0
2017-04-23 10:45:00,PSEC,9.435,9.435,9.435,9.435,0.0
2017-04-23 10:50:00,PSEC,9.435,9.435,9.435,9.435,0.0
2017-04-23 10:55:00,PSEC,9.435,9.435,9.435,9.435,0.0
2017-04-23 11:00:00,PSEC,9.435,9.435,9.435,9.435,0.0
2017-04-23 11:05:00,PSEC,9.435,9.435,9.435,9.435,0.0
2017-04-23 11:10:00,PSEC,9.435,9.435,9.435,9.435,0.0
2017-04-23 11:15:00,PSEC,9.435,9.435,9.435,9.435,0.0
2017-04-23 11:20:00,PSEC,9.435,9.435,9.435,9.435,0.0
2017-04-23 11:25:00,PSEC,9.435,9.435,9.435,9.435,0.0
2017-04-23 11:30:00,PSEC,9.435,9.435,9.435,9.435,0.0
2017-04-23 11:35:00,PSEC,9.435,9.435,9.435,9.435,0.0
2017-04-23 11:40:00,PSEC,9.435,9.435,9.435,9.435,0.0
2017-04-23 11:45:00,PSEC,9.435,9.435,9.435,9.435,0.0
2017-04-23 11:50:00,PSEC,9.435,9.435,9.435,9.435,0.0
2017-04-23 11:55:00,PSEC,9.435,9.435,9.435,9.435,0.0
2017-04-23 12:00:00,PSEC,9.435,9.435,9.435,9.435,0.0
2017-04-23 12:05:00,PSEC,9.435,9.435,9.435,9.435,0.0
2017-04-23 12:10:00,PSEC,9.435,9.435,9.435,9.435,0.0
2017-04-23 12:15:00,PSEC,9.435,9.435,9.435,9.435,0.0
2017-04-23 12:20:00,PSEC,9.435,9.435,9.435,9.435,0.0
2017-04-23 12:25:00,PSEC,9.435,9.435,9.435,9.435,0.0
2017-04-23 12:30:00,PSEC,9.435,9.435,9.435,9.435,0.0
2017-04-23 12:35:00,PSEC,9.435,9.435,9.435,9.435,0.0
2017-04-23 12:40:00,PSEC,9.435,9.435,9.435,9.435,0.0
2017-04-23 12:45:00,PSEC,9.435,9.435,9.435,9.435,0.0
2017-04-23 12:50:00,PSEC,9.435,9.435,9.435,9.435,0.0
2017-04-23 12:55:00,PSEC,9.435,9.435,9.435,9.435,0.0
2017-04-23 13:00:00,PSEC,9.435,9.435,9.435,9.435,0.0
2017-04-23 13:05:00,PSEC,9.435,9.435,9.435,9.435,0.0
2017-04-23 13:10:00,PSEC,9.435,9.435,9.435,9.435,0.0
2017-04-23 13:15:00,PSEC,9.435,9.435,9.435,9.435,0.0
2017-04-23 13:20:00,PSEC,9.435,9.435,9.435,9.435,0.0
2017-04-23 13:25:00,PSEC,9.435,9.435,9.435,9.435,0.0
2017-04-23 13:30:00,PSEC,9.435,9.435,9.435,9.435,0.0
2017-04-23 13:35:00,PSEC,9.435,9.435,9.435,9.435,0.0
2017-04-23 13:40:00,PSEC,9.435,9.435,9.435,9.435,0.0
2017-04-23 13:45:00,PSEC,9.435,9.435,9.435,9.435,0.0
2017-04-23 13:50:00,PSEC,9.435,9.435,9.435,9.435,0.0
2017-04-23 13:55:00,PSEC,9.435,9.435,9.435,9.435,0.0
2017-04-23 14:00:00,PSEC,9.435,9.435,9.435,9.435,0.0
2017-04-23 14:05:00,PSEC,9.435,9.435,9.435,9.435,0.0
2017-04-23 14:10:00,PSEC,9.435,9.435,9.435,9.435,0.0
2017-04-23 14:15:00,PSEC,9.435,9.435,9.435,9.435,0.0
2017-04-23 14:20:00,PSEC,9.435,9.435,9.435,9.435,0.0
2017-04-23 14:25:00,PSEC,9.435,9.435,9.435,9.435,0.0
2017-04-23 14:30:00,PSEC,9.435,9.435,9.435,9.435,0.0
2017-04-23 14:35:00,PSEC,9.435,9.435,9.435,9.435,0.0
2017-04-23 14:40:00,PSEC,9.435,9.435,9.435,9.435,0.0
2017-04-23 14:45:00,PSEC,9.435,9.435,9.435,9.435,0.0
2017-04-23 14:50:00,PSEC,9.435,9.435,9.435,9.435,0.0
2017-04-23 14:55:00,PSEC,9.435,9.435,9.435,9.435,0.0
2017-04-23 15:00:00,PSEC,9.435,9.435,9.435,9.435,0.0
2017-04-23 15:05:00,PSEC,9.435,9.435,9.435,9.435,0.0
2017-04-23 15:10:00,PSEC,9.435,9.435,9.435,9.435,0.0
2017-04-23 15:15:00,PSEC,9.435,9.435,9.435,9.435,0.0
2017-04-23 15:20:00,PSEC,9.435,9.435,9.435,9.435,0.0
2017-04-23 15:25:00,PSEC,9.435,9.435,9.435,9.435,0.0
2017-04-23 15:30:00,PSEC,9.435,9.435,9.435,9.435,0.0
2017-04-23 15:35:00,PSEC,9.435,9.435,9.435,9.435,0.0
2017-04-23 15:40:00,PSEC,9.435,9.435,9.435,9.435,0.0
2017-04-23 15:45:00,PSEC,9.435,9.435,9.435,9.435,0.0
2017-04-23 15:50:00,PSEC,9.435,9.435,9.435,9.435,0.0
2017-04-23 15:55:00,PSEC,9.435,9.435,9.435,9.435,0.0
2017-04-23 16:00:00,PSEC,9.435,9.435,9.435,9.435,0.0
2017-04-23 16:05:00,PSEC,9.435,9.435,9.435,9.435,0.0
2017-04-23 16:10:00,PSEC,9.435,9.435,9.435,9.435,0.0
2017-04-23 16:15:00,PSEC,9.435,9.435,9.435,9.435,0.0
2017-04-23 16:20:00,PSEC,9.435,9.435,9.435,9.435,0.0
2017-04-23 16:25:00,PSEC,9.435,9.435,9.435,9.435,0.0
2017-04-23 16:30:00,PSEC,9.435,9.435,9.435,9.435,0.0
2017-04-23 16:35:00,PSEC,9.435,9.435,9.435,9.435,0.0
2017-04-23 16:40:00,PSEC,9.435,9.435,9.435,9.435,0.0
2017-04-23 16:45:00,PSEC,9.435,9.435,9.435,9.435,0.0
2017-04-23 16:50:00,PSEC,9.435,9.435,9.435,9.435,0.0
2017-04-23 16:55:00,PSEC,9.435,9.435,9.435,9.435,0.0
2017-04-23 17:00:00,PSEC,9.435,9.435,9.435,9.435,0.0
2017-04-23 17:05:00,PSEC,9.435,9.435,9.435,9.435,0.0
2017-04-23 17:10:00,PSEC,9.435,9.435,9.435,9.435,0.0
2017-04-23 17:15:00,PSEC,9.435,9.435,9.435,9.435,0.0
2017-04-23 17:20:00,PSEC,9.435,9.435,9.435,9.435,0.0
2017-04-23 17:25:00,PSEC,9.435,9.435,9.435,9.435,0.0
2017-04-23 17:30:00,PSEC,9.435,9.435,9.435,9.435,0.0
2017-04-23 17:35:00,PSEC,9.435,9.435,9.435,9.435,0.0
2017-04-23 17:40:00,PSEC,9.435,9.435,9.435,9.435,0.0
2017-04-23 17:45:00,PSEC,9.435,9.435,9.435,9.435,0.0
2017-04-23 17:50:00,PSEC,9.435,9.435,9.435,9.435,0.0
2017-04-23 17:55:00,PSEC,9.435,9.435,9.435,9.435,0.0
2017-04-23 18:00:00,PSEC,9.435,9.435,9.435,9.435,0.0
2017-04-23 18:05:00,PSEC,9.435,9.435,9.435,9.435,0.0
2017-04-23 18:10:00,PSEC,9.435,9.435,9.435,9.435,0.0
2017-04-23 18:15:00,PSEC,9.435,9.435,9.435,9.435,0.0
2017-04-23 18:20:00,PSEC,9.435,9.435,9.435,9.435,0.0
2017-04-23 18:25:00,PSEC,9.435,9.435,9.435,9.435,0.0
2017-04-23 18:30:00,PSEC,9.435,9.435,9.435,9.435,0.0
2017-04-23 18:35:00,PSEC,9.435,9.435,9.435,9.435,0.0
2017-04-23 18:40:00,PSEC,9.435,9.435,9.435,9.435,0.0
2017-04-23 18:45:00,PSEC,9.435,9.435,9.435,9.435,0.0
2017-04-23 18:50:00,PSEC,9.435,9.435,9.435,9.435,0.0
2017-04-23 18:55:00,PSEC,9.435,9.435,9.435,9.435,0.0
2017-04-23 19:00:00,PSEC,9.435,9.435,9.435,9.435,0.0
2017-04-23 19:05:00,PSEC,9.435,9.435,9.435,9.435,0.0
2017-04-23 19:10:00,PSEC,9.435,9.435,9.435,9.435,0.0
2017-04-23 19:15:00,PSEC,9.435,9.435,9.435,9.435,0.0
2017-04-23 19:20:00,PSEC,9.435,9.435,9.435,9.435,0.0
2017-04-23 19:25:00,PSEC,9.435,9.435,9.435,9.435,0.0
2017-04-23 19:30:00,PSEC,9.435,9.435,9.435,9.435,0.0
2017-04-23 19:35:00,PSEC,9.435,9.435,9.435,9.435,0.0
2017-04-23 19:40:00,PSEC,9.435,9.435,9.435,9.435,0.0
2017-04-23 19:45:00,PSEC,9.435,9.435,9.435,9.435,0.0
2017-04-23 19:50:00,PSEC,9.435,9.435,9.435,9.435,0.0
2017-04-23 19:55:00,PSEC,9.435,9.435,9.435,9.435,0.0
2017-04-23 20:00:00,PSEC,9.435,9.435,9.435,9.435,0.0
2017-04-23 20:05:00,PSEC,9.435,9.435,9.435,9.435,0.0
2017-04-23 20:10:00,PSEC,9.435,9.435,9.435,9.435,0.0
2017-04-23 20:15:00,PSEC,9.435,9.435,9.435,9.435,0.0
2017-04-23 20:20:00,PSEC,9.435,9.435,9.435,9.435,0.0
2017-04-23 20:25:00,PSEC,9.435,9.435,9.435,9.435,0.0
2017-04-23 20:30:00,PSEC,9.435,9.435,9.435,9.435,0.0
2017-04-23 20:35:00,PSEC,9.435,9.435,9.435,9.435,0.0
2017-04-23 20:40:00,PSEC,9.435,9.435,9.435,9.435,0.0
2017-04-23 20:45:00,PSEC,9.435,9.435,9.435,9.435,0.0
2017-04-23 20:50:00,PSEC,9.435,9.435,9.435,9.435,0.0
2017-04-23 20:55:00,PSEC,9.435,9.435,9.435,9.435,0.0
