2017-04-19 17:20:00,SPN,12.72,12.72,12.72,12.72,20000.0
2017-04-19 16:05:00,SPN,12.72,12.72,12.72,12.72,91555.0
2017-04-19 16:00:00,SPN,12.73,12.74,12.71,12.72,347263.0
2017-04-20 09:35:00,SPN,12.8,12.83,12.75,12.75,45399.0
2017-04-20 09:40:00,SPN,12.77,12.795,12.735,12.78,43025.0
2017-04-20 09:45:00,SPN,12.775,12.795,12.71,12.795,47827.0
2017-04-20 09:50:00,SPN,12.79,12.79,12.71,12.72,37856.0
2017-04-20 09:55:00,SPN,12.72,12.74,12.695,12.72,71339.0
2017-04-20 10:00:00,SPN,12.72,12.72,12.63,12.645,63878.0
2017-04-20 10:05:00,SPN,12.65,12.71,12.63,12.63,92095.0
2017-04-20 10:10:00,SPN,12.62,12.74,12.6,12.74,63632.0
2017-04-20 10:15:00,SPN,12.735,12.79,12.73,12.73,24134.0
2017-04-20 10:20:00,SPN,12.74,12.78,12.705,12.72,33977.0
2017-04-20 10:25:00,SPN,12.71,12.84,12.71,12.79,53110.0
2017-04-20 10:30:00,SPN,12.8,12.805,12.76,12.77,24514.0
2017-04-20 10:35:00,SPN,12.775,12.805,12.745,12.745,31808.0
2017-04-20 10:40:00,SPN,12.745,12.755,12.68,12.69,66763.0
2017-04-20 10:45:00,SPN,12.7,12.7,12.63,12.685,46042.0
2017-04-20 10:50:00,SPN,12.69,12.71,12.67,12.68,34298.0
2017-04-20 10:55:00,SPN,12.68,12.73,12.68,12.7,24610.0
2017-04-20 11:00:00,SPN,12.69,12.7,12.675,12.675,18941.0
2017-04-20 11:05:00,SPN,12.68,12.69,12.63,12.63,29395.0
2017-04-20 11:10:00,SPN,12.63,12.66,12.57,12.57,43344.0
2017-04-20 11:15:00,SPN,12.58,12.58,12.49,12.53,85448.0
2017-04-20 11:20:00,SPN,12.54,12.56,12.48,12.52,40899.0
2017-04-20 11:25:00,SPN,12.53,12.57,12.5,12.56,33619.0
2017-04-20 11:30:00,SPN,12.56,12.6,12.555,12.56,55678.0
2017-04-20 11:35:00,SPN,12.57,12.595,12.56,12.58,28137.0
2017-04-20 11:40:00,SPN,12.58,12.62,12.58,12.59,42462.0
2017-04-20 11:45:00,SPN,12.585,12.585,12.53,12.54,32644.0
2017-04-20 11:50:00,SPN,12.54,12.64,12.54,12.64,32535.0
2017-04-20 11:55:00,SPN,12.63,12.63,12.59,12.6,29945.0
2017-04-20 12:00:00,SPN,12.59,12.62,12.58,12.59,27797.0
2017-04-20 12:05:00,SPN,12.59,12.63,12.585,12.6,29894.0
2017-04-20 12:10:00,SPN,12.6,12.62,12.57,12.595,29251.0
2017-04-20 12:15:00,SPN,12.6,12.61,12.585,12.61,45243.0
2017-04-20 12:20:00,SPN,12.62,12.62,12.57,12.6,24668.0
2017-04-20 12:25:00,SPN,12.6,12.65,12.6,12.6042,45142.0
2017-04-20 12:30:00,SPN,12.61,12.61,12.58,12.58,14854.0
2017-04-20 12:35:00,SPN,12.59,12.61,12.59,12.6,19672.0
2017-04-20 12:40:00,SPN,12.6,12.6065,12.57,12.57,22330.0
2017-04-20 12:45:00,SPN,12.57,12.59,12.565,12.575,17720.0
2017-04-20 12:50:00,SPN,12.58,12.5805,12.56,12.575,13796.0
2017-04-20 12:55:00,SPN,12.57,12.6,12.56,12.575,24715.0
2017-04-20 13:00:00,SPN,12.57,12.57,12.53,12.54,11503.0
2017-04-20 13:05:00,SPN,12.54,12.56,12.54,12.54,17291.0
2017-04-20 13:10:00,SPN,12.54,12.54,12.51,12.51,21453.0
2017-04-20 13:15:00,SPN,12.5,12.54,12.49,12.505,64630.0
2017-04-20 13:20:00,SPN,12.5,12.53,12.5,12.51,13351.0
2017-04-20 13:25:00,SPN,12.51,12.51,12.48,12.5068,35653.0
2017-04-20 13:30:00,SPN,12.5048,12.59,12.49,12.57,49685.0
2017-04-20 13:35:00,SPN,12.575,12.575,12.55,12.55,33120.0
2017-04-20 13:40:00,SPN,12.56,12.565,12.52,12.55,46668.0
2017-04-20 13:45:00,SPN,12.55,12.55,12.525,12.525,14460.0
2017-04-20 13:50:00,SPN,12.53,12.54,12.515,12.515,17368.0
2017-04-20 13:55:00,SPN,12.52,12.57,12.52,12.55,29734.0
2017-04-20 14:00:00,SPN,12.55,12.595,12.545,12.595,19706.0
2017-04-20 14:05:00,SPN,12.6,12.61,12.575,12.6,36552.0
2017-04-20 14:10:00,SPN,12.605,12.62,12.6,12.61,23691.0
2017-04-20 14:15:00,SPN,12.615,12.65,12.585,12.64,70428.0
2017-04-20 14:20:00,SPN,12.64,12.65,12.61,12.615,23434.0
2017-04-20 14:25:00,SPN,12.62,12.63,12.6,12.62,57082.0
2017-04-20 14:30:00,SPN,12.62,12.6401,12.61,12.62,42360.0
2017-04-20 14:35:00,SPN,12.62,12.64,12.61,12.64,21764.0
2017-04-20 14:40:00,SPN,12.63,12.64,12.6101,12.6101,15858.0
2017-04-20 14:45:00,SPN,12.61,12.635,12.6,12.6,25915.0
2017-04-20 14:50:00,SPN,12.595,12.61,12.57,12.59,65538.0
2017-04-20 14:55:00,SPN,12.59,12.64,12.58,12.625,38183.0
2017-04-20 15:00:00,SPN,12.625,12.68,12.625,12.68,55072.0
2017-04-20 15:05:00,SPN,12.675,12.68,12.66,12.68,33938.0
2017-04-20 15:10:00,SPN,12.67,12.68,12.65,12.655,41413.0
2017-04-20 15:15:00,SPN,12.66,12.68,12.65,12.67,30858.0
2017-04-20 15:20:00,SPN,12.67,12.675,12.635,12.65,95091.0
2017-04-20 15:25:00,SPN,12.645,12.645,12.6,12.605,41328.0
2017-04-20 15:30:00,SPN,12.6,12.65,12.6,12.645,31183.0
2017-04-20 15:35:00,SPN,12.645,12.7,12.645,12.69,48763.0
2017-04-20 15:40:00,SPN,12.685,12.71,12.67,12.7099,70155.0
2017-04-20 15:45:00,SPN,12.71,12.73,12.69,12.695,66555.0
2017-04-20 15:50:00,SPN,12.695,12.695,12.67,12.675,151475.0
2017-04-20 15:55:00,SPN,12.675,12.7,12.67,12.67,94912.0
2017-04-20 16:00:00,SPN,12.68,12.69,12.65,12.65,178157.0
2017-04-20 16:05:00,SPN,12.65,12.65,12.65,12.65,91066.0
2017-04-20 17:15:00,SPN,12.65,12.65,12.65,12.65,20000.0
2017-04-21 09:35:00,SPN,12.57,12.61,12.51,12.5956,44252.0
2017-04-21 09:40:00,SPN,12.59,12.63,12.54,12.625,30312.0
2017-04-21 09:45:00,SPN,12.62,12.7,12.605,12.69,46386.0
2017-04-21 09:50:00,SPN,12.69,12.69,12.65,12.65,47668.0
2017-04-21 09:55:00,SPN,12.66,12.68,12.64,12.66,84312.0
2017-04-21 10:00:00,SPN,12.66,12.675,12.625,12.64,72917.0
2017-04-21 10:05:00,SPN,12.64,12.705,12.635,12.68,70656.0
2017-04-21 10:10:00,SPN,12.685,12.705,12.675,12.68,53812.0
2017-04-21 10:15:00,SPN,12.675,12.715,12.67,12.7,65129.0
2017-04-21 10:20:00,SPN,12.7,12.71,12.66,12.675,222584.0
2017-04-21 10:25:00,SPN,12.68,12.785,12.68,12.78,86694.0
2017-04-21 10:30:00,SPN,12.78,12.785,12.73,12.755,40492.0
2017-04-21 10:35:00,SPN,12.755,12.79,12.74,12.765,67945.0
2017-04-21 10:40:00,SPN,12.77,12.82,12.76,12.81,85410.0
2017-04-21 10:45:00,SPN,12.815,12.825,12.76,12.815,69089.0
2017-04-21 10:50:00,SPN,12.82,12.89,12.82,12.87,118347.0
2017-04-21 10:55:00,SPN,12.875,12.89,12.85,12.87,91699.0
2017-04-21 11:00:00,SPN,12.87,12.885,12.78,12.78,259285.0
2017-04-21 11:05:00,SPN,12.78,12.8,12.73,12.73,240262.0
2017-04-21 11:10:00,SPN,12.73,12.79,12.72,12.785,114443.0
2017-04-21 11:15:00,SPN,12.785,12.795,12.745,12.78,285111.0
2017-04-21 11:20:00,SPN,12.77,12.78,12.745,12.745,106219.0
2017-04-21 11:25:00,SPN,12.75,12.785,12.74,12.785,133109.0
2017-04-21 11:30:00,SPN,12.78,12.815,12.77,12.8,237137.0
2017-04-21 11:35:00,SPN,12.79,12.79,12.68,12.69,54966.0
2017-04-21 11:40:00,SPN,12.685,12.72,12.66,12.67,56399.0
2017-04-21 11:45:00,SPN,12.68,12.775,12.665,12.76,43926.0
2017-04-21 11:50:00,SPN,12.77,12.78,12.75,12.775,21156.0
2017-04-21 11:55:00,SPN,12.77,12.81,12.74,12.805,27847.0
2017-04-21 12:00:00,SPN,12.8,12.805,12.73,12.755,74123.0
2017-04-21 12:05:00,SPN,12.755,12.77,12.74,12.75,66816.0
2017-04-21 12:10:00,SPN,12.75,12.785,12.75,12.78,36826.0
2017-04-21 12:15:00,SPN,12.775,12.83,12.77,12.81,43864.0
2017-04-21 12:20:00,SPN,12.81,12.825,12.79,12.82,173474.0
2017-04-21 12:25:00,SPN,12.82,12.915,12.8,12.87,152296.0
2017-04-21 12:30:00,SPN,12.875,12.885,12.845,12.85,54492.0
2017-04-21 12:35:00,SPN,12.855,12.875,12.85,12.865,56406.0
2017-04-21 12:40:00,SPN,12.87,12.87,12.85,12.86,63011.0
2017-04-21 12:45:00,SPN,12.86,12.91,12.85,12.905,178769.0
2017-04-21 12:50:00,SPN,12.905,12.925,12.89,12.925,44565.0
2017-04-21 12:55:00,SPN,12.925,12.96,12.925,12.955,74652.0
2017-04-21 13:00:00,SPN,12.96,13.08,12.95,12.975,183450.0
2017-04-21 13:05:00,SPN,12.97,13.035,12.955,13.03,195663.0
2017-04-21 13:10:00,SPN,13.04,13.04,13.0,13.01,39752.0
2017-04-21 13:15:00,SPN,13.01,13.025,12.9599,13.015,113342.0
2017-04-21 13:20:00,SPN,13.015,13.0299,12.99,12.99,18900.0
2017-04-21 13:25:00,SPN,12.99,12.99,12.915,12.92,93268.0
2017-04-21 13:30:00,SPN,12.92,12.995,12.915,12.97,37633.0
2017-04-21 13:35:00,SPN,12.975,12.98,12.95,12.95,22711.0
2017-04-21 13:40:00,SPN,12.95,12.96,12.92,12.935,19416.0
2017-04-21 13:45:00,SPN,12.935,12.95,12.93,12.95,9393.0
2017-04-21 13:50:00,SPN,12.94,12.965,12.94,12.96,21197.0
2017-04-21 13:55:00,SPN,12.95,12.98,12.95,12.9741,9861.0
2017-04-21 14:00:00,SPN,12.975,13.045,12.97,13.029,120449.0
2017-04-21 14:05:00,SPN,13.02,13.025,12.96,12.975,25535.0
2017-04-21 14:10:00,SPN,12.975,12.98,12.92,12.935,21318.0
2017-04-21 14:15:00,SPN,12.93,12.965,12.93,12.96,36308.0
2017-04-21 14:20:00,SPN,12.965,12.97,12.95,12.965,16832.0
2017-04-21 14:25:00,SPN,12.965,12.97,12.93,12.945,22846.0
2017-04-21 14:30:00,SPN,12.945,12.995,12.94,12.95,46217.0
2017-04-21 14:35:00,SPN,12.955,12.96,12.94,12.95,16692.0
2017-04-21 14:40:00,SPN,12.955,12.99,12.95,12.99,24570.0
2017-04-21 14:45:00,SPN,12.985,13.01,12.97,12.99,34139.0
2017-04-21 14:50:00,SPN,12.99,12.99,12.94,12.945,41123.0
2017-04-21 14:55:00,SPN,12.94,12.95,12.89,12.91,72592.0
2017-04-21 15:00:00,SPN,12.915,12.915,12.89,12.895,16422.0
2017-04-21 15:05:00,SPN,12.895,12.9,12.84,12.84,23457.0
2017-04-21 15:10:00,SPN,12.85,12.86,12.81,12.84,25620.0
2017-04-21 15:15:00,SPN,12.835,12.84,12.82,12.84,11664.0
2017-04-21 15:20:00,SPN,12.83,12.855,12.82,12.82,22860.0
2017-04-21 15:25:00,SPN,12.82,12.85,12.82,12.845,18549.0
2017-04-21 15:30:00,SPN,12.85,12.85,12.83,12.84,18337.0
2017-04-21 15:35:00,SPN,12.84,12.85,12.81,12.81,26303.0
2017-04-21 15:40:00,SPN,12.81,12.835,12.81,12.82,33790.0
2017-04-21 15:45:00,SPN,12.82,12.84,12.82,12.82,30022.0
2017-04-21 15:50:00,SPN,12.83,12.85,12.82,12.845,53058.0
2017-04-21 15:55:00,SPN,12.85,12.85,12.83,12.84,57349.0
2017-04-21 16:00:00,SPN,12.83,12.84,12.8,12.805,145900.0
2017-04-21 16:05:00,SPN,12.81,12.81,12.81,12.81,114712.0
2017-04-21 16:05:00,SPN,12.81,12.81,12.81,12.81,114712.0
2017-04-21 16:00:00,SPN,12.83,12.84,12.8,12.805,145900.0
2017-04-21 15:55:00,SPN,12.85,12.85,12.83,12.84,57349.0
2017-04-19 13:20:00,SPN,13.04,13.075,13.01,13.01,44332.0
2017-04-19 12:05:00,SPN,13.1,13.125,13.09,13.1,41932.0
2017-04-19 12:00:00,SPN,13.12,13.14,13.085,13.09,22767.0
2017-04-12 11:15:00,SPN,14.39,14.42,14.355,14.395,42669.0
2017-04-12 11:10:00,SPN,14.39,14.41,14.37,14.39,24464.0
2017-04-12 11:05:00,SPN,14.4,14.425,14.39,14.39,22730.0
2017-04-12 11:00:00,SPN,14.44,14.47,14.395,14.395,43548.0
2017-04-12 10:55:00,SPN,14.37,14.475,14.35,14.43,44714.0
2017-04-12 10:50:00,SPN,14.5,14.5,14.36,14.37,149523.0
2017-04-12 10:45:00,SPN,14.58,14.58,14.5,14.5,38539.0
2017-04-12 10:40:00,SPN,14.61,14.65,14.57,14.575,22533.0
2017-04-12 10:35:00,SPN,14.59,14.7,14.59,14.62,38517.0
2017-04-12 10:30:00,SPN,14.625,14.63,14.58,14.58,23595.0
2017-04-12 10:25:00,SPN,14.63,14.64,14.61,14.62,28116.0
2017-04-12 10:20:00,SPN,14.56,14.645,14.56,14.62,39324.0
2017-04-12 10:15:00,SPN,14.52,14.59,14.52,14.56,42144.0
2017-04-12 10:10:00,SPN,14.57,14.59,14.52,14.52,53174.0
2017-04-12 10:05:00,SPN,14.57,14.59,14.52,14.56,52949.0
2017-04-12 10:00:00,SPN,14.6,14.6,14.52,14.555,87600.0
2017-04-12 09:55:00,SPN,14.66,14.7,14.6,14.6,70533.0
2017-04-12 09:50:00,SPN,14.7,14.77,14.65,14.67,101581.0
2017-04-12 09:45:00,SPN,14.64,14.71,14.63,14.69,27475.0
2017-04-12 09:40:00,SPN,14.6001,14.65,14.55,14.635,15391.0
2017-04-12 09:35:00,SPN,14.68,14.68,14.5,14.64,12868.0
2017-04-11 16:05:00,SPN,14.7,14.7,14.7,14.7,107030.0
2017-04-11 16:00:00,SPN,14.665,14.71,14.66,14.71,179808.0
2017-04-11 15:55:00,SPN,14.68,14.69,14.66,14.66,74704.0
2017-04-11 15:50:00,SPN,14.67,14.7,14.67,14.68,60973.0
2017-04-11 15:45:00,SPN,14.69,14.71,14.65,14.68,69541.0
2017-04-11 15:40:00,SPN,14.67,14.69,14.66,14.685,56370.0
2017-04-11 15:35:00,SPN,14.63,14.675,14.62,14.67,76202.0
2017-04-11 15:30:00,SPN,14.625,14.66,14.625,14.63,48200.0
2017-04-11 15:25:00,SPN,14.625,14.65,14.62,14.62,33885.0
2017-04-11 15:20:00,SPN,14.66,14.66,14.62,14.62,42706.0
2017-04-11 15:15:00,SPN,14.685,14.69,14.66,14.66,37523.0
2017-04-11 15:10:00,SPN,14.715,14.72,14.67,14.68,39657.0
2017-04-11 15:05:00,SPN,14.735,14.74,14.7,14.71,64107.0
2017-04-11 15:00:00,SPN,14.75,14.755,14.72,14.735,25154.0
2017-04-11 14:55:00,SPN,14.745,14.76,14.71,14.745,34992.0
2017-04-11 14:50:00,SPN,14.735,14.76,14.73,14.74,18828.0
2017-04-11 14:45:00,SPN,14.755,14.76,14.73,14.735,45011.0
2017-04-11 14:40:00,SPN,14.78,14.785,14.74,14.7599,18914.0
2017-04-11 14:35:00,SPN,14.73,14.77,14.72,14.77,31955.0
2017-04-11 14:30:00,SPN,14.69,14.74,14.69,14.74,35705.0
2017-04-11 14:25:00,SPN,14.725,14.725,14.672,14.69,26035.0
2017-04-11 14:20:00,SPN,14.69,14.73,14.68,14.72,20514.0
2017-04-11 14:15:00,SPN,14.72,14.735,14.67,14.68,25578.0
2017-04-11 14:10:00,SPN,14.7,14.75,14.7,14.72,34640.0
2017-04-11 14:05:00,SPN,14.7,14.73,14.695,14.71,16913.0
2017-04-11 14:00:00,SPN,14.7,14.71,14.68,14.69,15936.0
2017-04-11 13:55:00,SPN,14.7,14.71,14.67,14.7,17191.0
2017-04-11 13:50:00,SPN,14.71,14.73,14.69,14.7,24148.0
2017-04-11 13:45:00,SPN,14.72,14.725,14.685,14.715,59184.0
2017-04-11 13:40:00,SPN,14.71,14.75,14.71,14.72,31997.0
2017-04-11 13:35:00,SPN,14.69,14.72,14.68,14.715,38925.0
2017-04-11 13:30:00,SPN,14.68,14.7,14.68,14.69,12400.0
2017-04-11 13:25:00,SPN,14.7,14.73,14.68,14.68,13176.0
2017-04-11 13:20:00,SPN,14.72,14.73,14.7,14.7,24411.0
2017-04-11 13:15:00,SPN,14.71,14.74,14.7,14.71,15719.0
2017-04-11 13:10:00,SPN,14.72,14.74,14.7,14.701,31970.0
2017-04-11 13:05:00,SPN,14.68,14.72,14.67,14.71,20600.0
2017-04-11 13:00:00,SPN,14.68,14.69,14.655,14.67,16180.0
2017-04-11 12:55:00,SPN,14.62,14.68,14.62,14.68,13568.0
2017-04-11 12:50:00,SPN,14.61,14.635,14.6,14.61,19595.0
2017-04-11 12:45:00,SPN,14.64,14.64,14.6,14.61,17210.0
2017-04-11 12:40:00,SPN,14.63,14.675,14.63,14.65,10316.0
2017-04-11 12:35:00,SPN,14.66,14.685,14.64,14.64,22630.0
2017-04-11 12:30:00,SPN,14.56,14.69,14.55,14.65,54202.0
2017-04-11 12:25:00,SPN,14.59,14.62,14.56,14.56,18739.0
2017-04-11 12:20:00,SPN,14.55,14.59,14.55,14.59,18911.0
2017-04-11 12:15:00,SPN,14.5,14.55,14.5,14.545,27984.0
2017-04-11 12:10:00,SPN,14.525,14.54,14.5,14.5,30374.0
2017-04-11 12:05:00,SPN,14.58,14.58,14.52,14.52,17159.0
2017-04-11 12:00:00,SPN,14.56,14.6,14.56,14.58,13581.0
2017-04-11 11:55:00,SPN,14.55,14.59,14.55,14.5625,17102.0
2017-04-11 11:50:00,SPN,14.55,14.58,14.52,14.56,24328.0
2017-04-11 11:45:00,SPN,14.54,14.56,14.54,14.55,13791.0
2017-04-11 11:40:00,SPN,14.515,14.555,14.5,14.53,84104.0
2017-04-11 11:35:00,SPN,14.5,14.53,14.48,14.515,51851.0
2017-04-11 11:30:00,SPN,14.58,14.58,14.49,14.5,31722.0
2017-04-11 11:25:00,SPN,14.57,14.6,14.52,14.58,33022.0
2017-04-11 11:20:00,SPN,14.48,14.58,14.47,14.575,47581.0
2017-04-11 11:15:00,SPN,14.57,14.59,14.45,14.48,123606.0
2017-04-11 11:10:00,SPN,14.57,14.61,14.54,14.57,49124.0
2017-04-11 11:05:00,SPN,14.58,14.58,14.54,14.58,30634.0
2017-04-11 11:00:00,SPN,14.6,14.62,14.57,14.57,27592.0
2017-04-11 10:55:00,SPN,14.64,14.68,14.58,14.6,41216.0
2017-04-11 10:50:00,SPN,14.65,14.67,14.6,14.64,39972.0
2017-04-11 10:45:00,SPN,14.72,14.725,14.59,14.66,43932.0
2017-04-11 10:40:00,SPN,14.64,14.74,14.64,14.72,58851.0
2017-04-11 10:35:00,SPN,14.73,14.74,14.64,14.65,34832.0
2017-04-11 10:30:00,SPN,14.7,14.75,14.7,14.74,20946.0
2017-04-11 10:25:00,SPN,14.7,14.71,14.65,14.69,54281.0
2017-04-11 10:20:00,SPN,14.68,14.72,14.66,14.7,27035.0
2017-04-11 10:15:00,SPN,14.76,14.77,14.67,14.68,24762.0
2017-04-11 10:10:00,SPN,14.78,14.78,14.75,14.78,23849.0
2017-04-11 10:05:00,SPN,14.72,14.77,14.7,14.77,24643.0
2017-04-11 10:00:00,SPN,14.68,14.73,14.65,14.73,28707.0
2017-04-11 09:55:00,SPN,14.68,14.72,14.64,14.69,22908.0
2017-04-11 09:50:00,SPN,14.7,14.71,14.66,14.69,12600.0
2017-04-11 09:45:00,SPN,14.69,14.72,14.63,14.7,26951.0
2017-04-11 09:40:00,SPN,14.8398,14.8398,14.67,14.715,8243.0
2017-04-11 09:35:00,SPN,14.9,14.985,14.84,14.85,50546.0
2017-04-10 16:05:00,SPN,14.89,14.9,14.89,14.9,121995.0
2017-04-10 16:00:00,SPN,14.905,14.91,14.87,14.89,224397.0
2017-04-10 15:55:00,SPN,14.89,14.92,14.88,14.905,101663.0
2017-04-10 15:50:00,SPN,14.88,14.89,14.86,14.89,203071.0
2017-04-10 15:45:00,SPN,14.905,14.915,14.88,14.88,129434.0
2017-04-10 15:40:00,SPN,14.9,14.915,14.89,14.9,47328.0
2017-04-10 15:35:00,SPN,14.8941,14.905,14.88,14.89,76052.0
2017-04-10 15:30:00,SPN,14.89,14.91,14.88,14.9,81811.0
2017-04-10 15:25:00,SPN,14.905,14.905,14.87,14.885,54395.0
2017-04-10 15:20:00,SPN,14.895,14.92,14.89,14.9,52029.0
2017-04-10 15:15:00,SPN,14.9,14.92,14.88,14.9,54100.0
2017-04-10 15:10:00,SPN,14.885,14.925,14.885,14.905,30512.0
2017-04-10 15:05:00,SPN,14.89,14.91,14.88,14.885,23147.0
2017-04-10 15:00:00,SPN,14.9,14.905,14.885,14.89,12608.0
2017-04-10 14:55:00,SPN,14.89,14.91,14.885,14.9,17528.0
2017-04-10 14:50:00,SPN,14.9,14.915,14.865,14.89,52273.0
2017-04-10 14:45:00,SPN,14.82,14.9,14.82,14.9,43989.0
2017-04-10 14:40:00,SPN,14.855,14.865,14.82,14.82,17999.0
2017-04-10 14:35:00,SPN,14.87,14.88,14.83,14.86,33389.0
2017-04-10 14:30:00,SPN,14.88,14.885,14.84,14.875,43123.0
2017-04-10 14:25:00,SPN,14.82,14.8901,14.82,14.88,70293.0
2017-04-10 14:20:00,SPN,14.83,14.8501,14.81,14.815,38570.0
2017-04-10 14:15:00,SPN,14.81,14.835,14.805,14.83,65753.0
2017-04-10 14:10:00,SPN,14.82,14.855,14.8,14.805,103100.0
2017-04-10 14:05:00,SPN,14.91,14.9184,14.825,14.828,31500.0
2017-04-10 14:00:00,SPN,14.91,14.925,14.88,14.91,40342.0
2017-04-10 13:55:00,SPN,14.92,14.93,14.91,14.915,38248.0
2017-04-10 13:50:00,SPN,14.95,14.955,14.92,14.92,21719.0
2017-04-10 13:45:00,SPN,14.97,14.975,14.95,14.955,17988.0
2017-04-10 13:40:00,SPN,14.94,14.985,14.94,14.97,29816.0
2017-04-10 13:35:00,SPN,14.96,14.97,14.94,14.94,12792.0
2017-04-10 13:30:00,SPN,14.95,14.975,14.94,14.97,17152.0
2017-04-10 13:25:00,SPN,14.95,14.97,14.94,14.94,19799.0
2017-04-10 13:20:00,SPN,14.96,14.97,14.94,14.94,19084.0
2017-04-10 13:15:00,SPN,14.97,14.98,14.94,14.95,18584.0
2017-04-10 13:10:00,SPN,14.96,14.99,14.96,14.97,19057.0
2017-04-10 13:05:00,SPN,14.95,14.965,14.94,14.96,19946.0
2017-04-10 13:00:00,SPN,14.94,14.96,14.9375,14.955,10854.0
2017-04-10 12:55:00,SPN,14.94,14.965,14.93,14.93,21811.0
2017-04-10 12:50:00,SPN,14.92,14.95,14.91,14.93,14156.0
2017-04-10 12:45:00,SPN,14.92,14.97,14.92,14.93,27547.0
2017-04-10 12:40:00,SPN,14.93,14.945,14.92,14.92,17094.0
2017-04-10 12:35:00,SPN,14.92,14.94,14.9016,14.93,16817.0
2017-04-10 12:30:00,SPN,14.925,14.925,14.9,14.91,23422.0
2017-04-10 12:25:00,SPN,14.95,14.95,14.925,14.925,15475.0
2017-04-10 12:20:00,SPN,14.92,14.97,14.915,14.96,47669.0
2017-04-10 12:15:00,SPN,15.04,15.045,14.91,14.93,39642.0
2017-04-10 12:10:00,SPN,15.005,15.04,14.99,15.04,33079.0
2017-04-10 12:05:00,SPN,14.98,15.005,14.97,15.0,23025.0
2017-04-10 12:00:00,SPN,14.96,15.0,14.95,14.98,28126.0
2017-04-10 11:55:00,SPN,15.0,15.01,14.97,14.97,47640.0
2017-04-10 11:50:00,SPN,14.975,15.0,14.97,15.0,25900.0
2017-04-10 11:45:00,SPN,14.97,14.99,14.93,14.98,47615.0
2017-04-10 11:40:00,SPN,14.97,15.0,14.96,14.97,67215.0
2017-04-10 11:35:00,SPN,15.1,15.1,14.98,14.98,35713.0
2017-04-10 11:30:00,SPN,15.1,15.1,15.05,15.1,32346.0
2017-04-10 11:25:00,SPN,15.06,15.1,15.05,15.1,29016.0
2017-04-10 11:20:00,SPN,15.01,15.06,15.0,15.055,33564.0
2017-04-10 11:15:00,SPN,14.975,15.01,14.96,15.0,41627.0
2017-04-10 11:10:00,SPN,15.07,15.07,14.95,14.97,59920.0
2017-04-10 11:05:00,SPN,15.04,15.09,15.02,15.07,60360.0
2017-04-10 11:00:00,SPN,15.105,15.105,15.03,15.04,45588.0
2017-04-10 10:55:00,SPN,15.15,15.155,15.1,15.105,48315.0
2017-04-10 10:50:00,SPN,15.2,15.205,15.14,15.145,36569.0
2017-04-10 10:45:00,SPN,15.245,15.245,15.185,15.2,79282.0
2017-04-10 10:40:00,SPN,15.19,15.25,15.185,15.245,89622.0
2017-04-10 10:35:00,SPN,15.12,15.235,15.11,15.19,150803.0
2017-04-10 10:30:00,SPN,15.12,15.16,15.11,15.12,118373.0
2017-04-10 10:25:00,SPN,15.08,15.16,15.08,15.12,85205.0
2017-04-10 10:20:00,SPN,15.14,15.14,15.07,15.08,95641.0
2017-04-10 10:15:00,SPN,15.18,15.22,15.1,15.15,96993.0
2017-04-10 10:10:00,SPN,15.16,15.19,15.1,15.19,82012.0
2017-04-10 10:05:00,SPN,15.06,15.2,15.06,15.16,69871.0
2017-04-10 10:00:00,SPN,15.07,15.07,15.03,15.06,44253.0
2017-04-10 09:55:00,SPN,15.02,15.07,15.015,15.07,27875.0
2017-04-10 09:50:00,SPN,14.93,15.025,14.93,15.02,42154.0
2017-04-10 09:45:00,SPN,14.86,14.95,14.83,14.93,31333.0
2017-04-10 09:40:00,SPN,14.78,14.86,14.71,14.86,43042.0
2017-04-10 09:35:00,SPN,14.74,14.82,14.72,14.75,29567.0
2017-04-07 16:20:00,SPN,14.53,14.53,14.53,14.53,2375.0
2017-04-07 16:05:00,SPN,14.53,14.53,14.53,14.53,96147.0
2017-04-07 16:00:00,SPN,14.53,14.54,14.51,14.54,286045.0
2017-04-07 15:55:00,SPN,14.52,14.53,14.51,14.52,76917.0
2017-04-07 15:50:00,SPN,14.505,14.54,14.5,14.51,72062.0
2017-04-07 15:45:00,SPN,14.53,14.555,14.5,14.5,105550.0
2017-04-07 15:40:00,SPN,14.495,14.53,14.485,14.52,163188.0
2017-04-07 15:35:00,SPN,14.515,14.53,14.495,14.495,80915.0
2017-04-07 15:30:00,SPN,14.59,14.6,14.52,14.52,59291.0
2017-04-07 15:25:00,SPN,14.57,14.605,14.56,14.6,44509.0
2017-04-07 15:20:00,SPN,14.585,14.59,14.56,14.575,29888.0
2017-04-07 15:15:00,SPN,14.605,14.61,14.58,14.58,58079.0
2017-04-07 15:10:00,SPN,14.63,14.64,14.605,14.61,13448.0
2017-04-07 15:05:00,SPN,14.63,14.635,14.62,14.635,26531.0
2017-04-07 15:00:00,SPN,14.615,14.64,14.61,14.625,59728.0
2017-04-07 14:55:00,SPN,14.645,14.65,14.605,14.61,24397.0
2017-04-07 14:50:00,SPN,14.66,14.67,14.645,14.645,21976.0
2017-04-07 14:45:00,SPN,14.695,14.695,14.65,14.66,48148.0
2017-04-07 14:40:00,SPN,14.69,14.7,14.69,14.695,25207.0
2017-04-07 14:35:00,SPN,14.68,14.7,14.66,14.695,54143.0
2017-04-07 14:30:00,SPN,14.74,14.75,14.68,14.68,26270.0
2017-04-07 14:25:00,SPN,14.7,14.75,14.6928,14.74,29842.0
2017-04-07 14:20:00,SPN,14.69,14.7,14.66,14.695,38508.0
2017-04-07 14:15:00,SPN,14.705,14.72,14.7,14.7,21685.0
2017-04-07 14:10:00,SPN,14.74,14.745,14.695,14.7,24138.0
2017-04-07 14:05:00,SPN,14.71,14.75,14.71,14.74,17461.0
2017-04-07 14:00:00,SPN,14.765,14.77,14.71,14.71,18123.0
2017-04-07 13:55:00,SPN,14.765,14.78,14.76,14.76,10298.0
2017-04-07 13:50:00,SPN,14.78,14.78,14.745,14.76,30176.0
2017-04-07 13:45:00,SPN,14.74,14.79,14.735,14.78,26570.0
2017-04-07 13:40:00,SPN,14.8,14.805,14.74,14.74,18776.0
2017-04-07 13:35:00,SPN,14.78,14.81,14.78,14.795,33334.0
2017-04-07 13:30:00,SPN,14.72,14.8,14.72,14.79,38931.0
2017-04-07 13:25:00,SPN,14.725,14.74,14.72,14.725,13677.0
2017-04-07 13:20:00,SPN,14.74,14.745,14.72,14.725,7900.0
2017-04-07 13:15:00,SPN,14.755,14.77,14.74,14.74,20948.0
2017-04-07 13:10:00,SPN,14.73,14.76,14.725,14.75,20826.0
2017-04-07 13:05:00,SPN,14.8,14.805,14.72,14.72,22858.0
2017-04-07 13:00:00,SPN,14.78,14.815,14.77,14.81,46396.0
2017-04-07 12:55:00,SPN,14.72,14.775,14.72,14.775,22325.0
2017-04-07 12:50:00,SPN,14.67,14.72,14.67,14.72,22343.0
2017-04-07 12:45:00,SPN,14.69,14.71,14.66,14.66,27284.0
2017-04-07 12:40:00,SPN,14.72,14.72,14.695,14.695,8100.0
2017-04-07 12:35:00,SPN,14.72,14.74,14.71,14.715,21521.0
2017-04-07 12:30:00,SPN,14.7,14.74,14.7,14.73,14469.0
2017-04-07 12:25:00,SPN,14.68,14.71,14.675,14.705,13340.0
2017-04-07 12:20:00,SPN,14.69,14.695,14.675,14.68,11964.0
2017-04-07 12:15:00,SPN,14.76,14.77,14.68,14.68,28924.0
2017-04-07 12:10:00,SPN,14.74,14.77,14.735,14.765,21718.0
2017-04-07 12:05:00,SPN,14.71,14.75,14.7,14.75,24514.0
2017-04-07 12:00:00,SPN,14.715,14.72,14.695,14.7,22149.0
2017-04-07 11:55:00,SPN,14.67,14.73,14.655,14.715,47138.0
2017-04-07 11:50:00,SPN,14.69,14.69,14.66,14.67,21868.0
2017-04-07 11:45:00,SPN,14.67,14.69,14.655,14.685,23396.0
2017-04-07 11:40:00,SPN,14.67,14.7,14.665,14.665,55340.0
2017-04-07 11:35:00,SPN,14.68,14.68,14.635,14.675,43330.0
2017-04-07 11:30:00,SPN,14.73,14.735,14.685,14.69,21518.0
2017-04-07 11:25:00,SPN,14.71,14.74,14.7,14.73,28808.0
2017-04-07 11:20:00,SPN,14.67,14.71,14.65,14.71,38101.0
2017-04-07 11:15:00,SPN,14.63,14.665,14.63,14.665,38504.0
2017-04-07 11:10:00,SPN,14.67,14.671,14.58,14.63,62675.0
2017-04-07 11:05:00,SPN,14.73,14.74,14.67,14.67,35291.0
2017-04-07 11:00:00,SPN,14.8,14.825,14.7201,14.73,64733.0
2017-04-07 10:55:00,SPN,14.81,14.81,14.76,14.8,67112.0
2017-04-07 10:50:00,SPN,14.87,14.88,14.8,14.81,35665.0
2017-04-07 10:45:00,SPN,14.86,14.88,14.85,14.87,52122.0
2017-04-07 10:40:00,SPN,14.815,14.86,14.815,14.86,53429.0
2017-04-07 10:35:00,SPN,14.84,14.84,14.795,14.815,35013.0
2017-04-07 10:30:00,SPN,14.81,14.85,14.79,14.84,34122.0
2017-04-07 10:25:00,SPN,14.78,14.86,14.78,14.815,87654.0
2017-04-07 10:20:00,SPN,14.78,14.78,14.74,14.775,36522.0
2017-04-07 10:15:00,SPN,14.73,14.83,14.73,14.79,56866.0
2017-04-07 10:10:00,SPN,14.67,14.74,14.67,14.725,86610.0
2017-04-07 10:05:00,SPN,14.67,14.675,14.65,14.67,46384.0
2017-04-07 10:00:00,SPN,14.74,14.74,14.66,14.67,41720.0
2017-04-07 09:55:00,SPN,14.69,14.77,14.69,14.74,34676.0
2017-04-07 09:50:00,SPN,14.675,14.72,14.675,14.7,72592.0
2017-04-07 09:45:00,SPN,14.59,14.7,14.59,14.67,53642.0
2017-04-07 09:40:00,SPN,14.57,14.63,14.53,14.57,6800.0
2017-04-07 09:35:00,SPN,14.63,14.65,14.55,14.55,19916.0
2017-04-06 16:35:00,SPN,14.69,14.69,14.69,14.69,800.0
2017-04-06 16:05:00,SPN,14.59,14.59,14.58,14.58,148501.0
2017-04-06 16:00:00,SPN,14.59,14.5901,14.57,14.58,247145.0
2017-04-06 15:55:00,SPN,14.595,14.63,14.59,14.59,145640.0
2017-04-06 15:50:00,SPN,14.545,14.6,14.545,14.595,185672.0
2017-04-06 15:45:00,SPN,14.525,14.55,14.52,14.545,80289.0
2017-04-06 15:40:00,SPN,14.515,14.5575,14.515,14.525,92985.0
2017-04-06 15:35:00,SPN,14.51,14.52,14.48,14.515,87995.0
2017-04-06 15:30:00,SPN,14.48,14.53,14.48,14.515,64589.0
2017-04-06 15:25:00,SPN,14.505,14.53,14.48,14.4875,58182.0
2017-04-06 15:20:00,SPN,14.47,14.51,14.46,14.5,42704.0
2017-04-06 15:15:00,SPN,14.52,14.52,14.46,14.475,38924.0
2017-04-06 15:10:00,SPN,14.475,14.53,14.47,14.51,65079.0
2017-04-06 15:05:00,SPN,14.51,14.54,14.47,14.47,52247.0
2017-04-06 15:00:00,SPN,14.53,14.54,14.505,14.52,63947.0
2017-04-06 14:55:00,SPN,14.6,14.6075,14.51,14.52,41948.0
2017-04-06 14:50:00,SPN,14.605,14.63,14.595,14.6,39479.0
2017-04-06 14:45:00,SPN,14.56,14.6,14.56,14.595,40522.0
2017-04-06 14:40:00,SPN,14.53,14.565,14.53,14.56,45300.0
2017-04-06 14:35:00,SPN,14.53,14.56,14.525,14.53,20633.0
2017-04-06 14:30:00,SPN,14.55,14.56,14.515,14.53,60299.0
2017-04-06 14:25:00,SPN,14.55,14.56,14.53,14.55,70266.0
2017-04-06 14:20:00,SPN,14.53,14.57,14.53,14.56,43821.0
2017-04-06 14:15:00,SPN,14.55,14.565,14.535,14.535,35934.0
2017-04-06 14:10:00,SPN,14.555,14.56,14.53,14.56,37531.0
2017-04-06 14:05:00,SPN,14.58,14.6,14.55,14.555,36618.0
2017-04-06 14:00:00,SPN,14.6,14.6,14.58,14.58,15904.0
2017-04-06 13:55:00,SPN,14.565,14.625,14.565,14.6,60146.0
2017-04-06 13:50:00,SPN,14.63,14.635,14.56,14.56,41259.0
2017-04-06 13:45:00,SPN,14.67,14.68,14.63,14.63,15769.0
2017-04-06 13:40:00,SPN,14.705,14.71,14.67,14.68,35379.0
2017-04-06 13:35:00,SPN,14.665,14.7,14.64,14.7,56472.0
2017-04-06 13:30:00,SPN,14.65,14.67,14.64,14.665,20368.0
2017-04-06 13:25:00,SPN,14.69,14.7,14.65,14.65,16823.0
2017-04-06 13:20:00,SPN,14.645,14.7,14.64,14.69,45453.0
2017-04-06 13:15:00,SPN,14.625,14.66,14.625,14.65,34096.0
2017-04-06 13:10:00,SPN,14.62,14.63,14.62,14.625,21554.0
2017-04-06 13:05:00,SPN,14.63,14.65,14.6,14.63,48435.0
2017-04-06 13:00:00,SPN,14.6375,14.64,14.61,14.63,15890.0
2017-04-06 12:55:00,SPN,14.63,14.66,14.62,14.64,32301.0
2017-04-06 12:50:00,SPN,14.665,14.665,14.62,14.64,58891.0
2017-04-06 12:45:00,SPN,14.68,14.705,14.66,14.665,31476.0
2017-04-06 12:40:00,SPN,14.66,14.68,14.655,14.68,30405.0
2017-04-06 12:35:00,SPN,14.72,14.73,14.66,14.66,20936.0
2017-04-06 12:30:00,SPN,14.69,14.72,14.69,14.71,29325.0
2017-04-06 12:25:00,SPN,14.725,14.73,14.68,14.68,17989.0
2017-04-06 12:20:00,SPN,14.665,14.73,14.66,14.73,27937.0
2017-04-06 12:15:00,SPN,14.69,14.69,14.66,14.66,15463.0
2017-04-06 12:10:00,SPN,14.68,14.695,14.675,14.68,10047.0
2017-04-06 12:05:00,SPN,14.65,14.69,14.645,14.68,27638.0
2017-04-06 12:00:00,SPN,14.64,14.65,14.62,14.645,18011.0
2017-04-06 11:55:00,SPN,14.665,14.665,14.63,14.64,24047.0
2017-04-06 11:50:00,SPN,14.67,14.68,14.65,14.665,15801.0
2017-04-06 11:45:00,SPN,14.67,14.69,14.655,14.67,28223.0
2017-04-06 11:40:00,SPN,14.66,14.71,14.66,14.66,22092.0
2017-04-06 11:35:00,SPN,14.66,14.685,14.65,14.67,18370.0
2017-04-06 11:30:00,SPN,14.62,14.66,14.62,14.65,33216.0
2017-04-06 11:25:00,SPN,14.68,14.68,14.61,14.62,42538.0
2017-04-06 11:20:00,SPN,14.73,14.74,14.665,14.68,32050.0
2017-04-06 11:15:00,SPN,14.67,14.74,14.665,14.73,53325.0
2017-04-06 11:10:00,SPN,14.7,14.71,14.66,14.665,105673.0
2017-04-06 11:05:00,SPN,14.71,14.75,14.71,14.71,45526.0
2017-04-06 11:00:00,SPN,14.73,14.74,14.7,14.71,44494.0
2017-04-06 10:55:00,SPN,14.74,14.75,14.66,14.725,80631.0
2017-04-06 10:50:00,SPN,14.7,14.735,14.675,14.73,78609.0
2017-04-06 10:45:00,SPN,14.64,14.7,14.6,14.7,65264.0
2017-04-06 10:40:00,SPN,14.59,14.68,14.575,14.65,57113.0
2017-04-06 10:35:00,SPN,14.495,14.61,14.495,14.58,61934.0
2017-04-06 10:30:00,SPN,14.48,14.495,14.46,14.495,61572.0
2017-04-06 10:25:00,SPN,14.53,14.54,14.47,14.48,89167.0
2017-04-06 10:20:00,SPN,14.47,14.535,14.46,14.535,75949.0
2017-04-06 10:15:00,SPN,14.46,14.49,14.46,14.47,59757.0
2017-04-06 10:10:00,SPN,14.43,14.465,14.42,14.455,56920.0
2017-04-06 10:05:00,SPN,14.4,14.455,14.4,14.43,53011.0
2017-04-06 10:00:00,SPN,14.41,14.43,14.37,14.4,48002.0
2017-04-06 09:55:00,SPN,14.4,14.41,14.34,14.4,33524.0
2017-04-06 09:50:00,SPN,14.45,14.45,14.39,14.4,23317.0
2017-04-06 09:45:00,SPN,14.46,14.49,14.42,14.44,53942.0
2017-04-06 09:40:00,SPN,14.35,14.49,14.35,14.45,26297.0
2017-04-06 09:35:00,SPN,14.74,14.74,14.33,14.37,28677.0
2017-04-05 17:45:00,SPN,14.35,14.35,14.35,14.35,1800.0
2017-04-05 16:05:00,SPN,14.36,14.36,14.35,14.35,111963.0
2017-04-05 16:00:00,SPN,14.4,14.41,14.34,14.35,318102.0
2017-04-05 15:55:00,SPN,14.34,14.41,14.33,14.405,216989.0
2017-04-05 15:50:00,SPN,14.33,14.36,14.32,14.34,172848.0
2017-04-05 15:45:00,SPN,14.28,14.33,14.27,14.325,160605.0
2017-04-05 15:40:00,SPN,14.29,14.3,14.27,14.285,152228.0
2017-04-05 15:35:00,SPN,14.34,14.38,14.275,14.28,140417.0
2017-04-05 15:30:00,SPN,14.36,14.36,14.29,14.34,148970.0
2017-04-05 15:25:00,SPN,14.45,14.45,14.35,14.36,88094.0
2017-04-05 15:20:00,SPN,14.445,14.4525,14.41,14.45,41082.0
2017-04-05 15:15:00,SPN,14.52,14.52,14.445,14.45,40340.0
2017-04-05 15:10:00,SPN,14.57,14.57,14.525,14.525,25144.0
2017-04-05 15:05:00,SPN,14.53,14.58,14.52,14.565,38496.0
2017-04-05 15:00:00,SPN,14.575,14.58,14.53,14.53,18522.0
2017-04-05 14:55:00,SPN,14.6,14.6,14.54,14.57,28001.0
2017-04-05 14:50:00,SPN,14.63,14.635,14.595,14.61,42315.0
2017-04-05 14:45:00,SPN,14.61,14.63,14.605,14.63,26063.0
2017-04-05 14:40:00,SPN,14.68,14.68,14.61,14.61,12976.0
2017-04-05 14:35:00,SPN,14.72,14.72,14.68,14.68,25852.0
2017-04-05 14:30:00,SPN,14.685,14.75,14.685,14.73,69458.0
2017-04-05 14:25:00,SPN,14.71,14.725,14.69,14.69,45308.0
2017-04-05 14:20:00,SPN,14.69,14.74,14.675,14.72,49954.0
2017-04-05 14:15:00,SPN,14.69,14.73,14.68,14.695,26282.0
2017-04-05 14:10:00,SPN,14.71,14.73,14.69,14.69,17869.0
2017-04-05 14:05:00,SPN,14.79,14.79,14.715,14.715,51017.0
2017-04-05 14:00:00,SPN,14.78,14.81,14.775,14.79,24513.0
2017-04-05 13:55:00,SPN,14.805,14.81,14.785,14.79,18599.0
2017-04-05 13:50:00,SPN,14.81,14.82,14.8,14.8,21082.0
2017-04-05 13:45:00,SPN,14.775,14.82,14.76,14.81,44367.0
2017-04-05 13:40:00,SPN,14.82,14.82,14.765,14.77,14000.0
2017-04-05 13:35:00,SPN,14.82,14.84,14.82,14.825,20314.0
2017-04-05 13:30:00,SPN,14.79,14.825,14.785,14.82,19203.0
2017-04-05 13:25:00,SPN,14.79,14.795,14.765,14.79,23731.0
2017-04-05 13:20:00,SPN,14.81,14.83,14.79,14.79,25145.0
2017-04-05 13:15:00,SPN,14.83,14.85,14.81,14.81,26787.0
2017-04-05 13:10:00,SPN,14.76,14.83,14.755,14.82,61806.0
2017-04-05 13:05:00,SPN,14.74,14.76,14.74,14.755,42108.0
2017-04-05 13:00:00,SPN,14.76,14.765,14.735,14.74,29538.0
2017-04-05 12:55:00,SPN,14.7,14.77,14.69,14.76,30838.0
2017-04-05 12:50:00,SPN,14.705,14.73,14.7,14.7,17003.0
2017-04-05 12:45:00,SPN,14.715,14.73,14.705,14.71,21375.0
2017-04-05 12:40:00,SPN,14.725,14.725,14.7,14.72,19174.0
2017-04-05 12:35:00,SPN,14.7,14.73,14.68,14.73,14970.0
2017-04-05 12:30:00,SPN,14.69,14.7,14.68,14.7,15926.0
2017-04-05 12:25:00,SPN,14.71,14.72,14.69,14.69,14251.0
2017-04-05 12:20:00,SPN,14.69,14.72,14.665,14.71,57327.0
2017-04-05 12:15:00,SPN,14.695,14.73,14.68,14.69,16732.0
2017-04-05 12:10:00,SPN,14.7,14.71,14.69,14.7,8923.0
2017-04-05 12:05:00,SPN,14.69,14.71,14.67,14.71,25980.0
2017-04-05 12:00:00,SPN,14.72,14.73,14.685,14.69,38638.0
2017-04-05 11:55:00,SPN,14.7,14.73,14.685,14.715,16263.0
2017-04-05 11:50:00,SPN,14.71,14.75,14.7,14.7,25024.0
2017-04-05 11:45:00,SPN,14.68,14.71,14.68,14.71,33735.0
2017-04-05 11:40:00,SPN,14.65,14.68,14.6375,14.68,34396.0
2017-04-05 11:35:00,SPN,14.64,14.72,14.605,14.65,66223.0
2017-04-05 11:30:00,SPN,14.59,14.65,14.57,14.64,30497.0
2017-04-05 11:25:00,SPN,14.62,14.63,14.54,14.58,93216.0
2017-04-05 11:20:00,SPN,14.68,14.68,14.55,14.61,53021.0
2017-04-05 11:15:00,SPN,14.65,14.72,14.65,14.67,30089.0
2017-04-05 11:10:00,SPN,14.72,14.745,14.65,14.65,74746.0
2017-04-05 11:05:00,SPN,14.8,14.81,14.72,14.72,65621.0
2017-04-05 11:00:00,SPN,14.87,14.88,14.8,14.8,76435.0
2017-04-05 10:55:00,SPN,14.88,14.91,14.85,14.875,76831.0
2017-04-05 10:50:00,SPN,14.915,14.94,14.88,14.885,140185.0
2017-04-05 10:45:00,SPN,14.785,14.92,14.775,14.91,90208.0
2017-04-05 10:40:00,SPN,14.88,14.88,14.72,14.78,105164.0
2017-04-05 10:35:00,SPN,15.02,15.02,14.83,14.88,190860.0
2017-04-05 10:30:00,SPN,14.91,15.03,14.91,15.02,79557.0
2017-04-05 10:25:00,SPN,14.88,14.93,14.88,14.91,36685.0
2017-04-05 10:20:00,SPN,14.9,14.9,14.84,14.88,27898.0
2017-04-05 10:15:00,SPN,14.98,14.98,14.91,14.91,28258.0
2017-04-05 10:10:00,SPN,15.01,15.03,14.97,14.98,50542.0
2017-04-05 10:05:00,SPN,14.92,15.015,14.92,15.005,79556.0
2017-04-05 10:00:00,SPN,14.9,14.95,14.89,14.93,62451.0
2017-04-05 09:55:00,SPN,14.99,14.99,14.89,14.91,36812.0
2017-04-05 09:50:00,SPN,14.88,15.01,14.88,14.98,94892.0
2017-04-05 09:45:00,SPN,14.75,14.92,14.75,14.9,58052.0
2017-04-05 09:40:00,SPN,14.67,14.79,14.64,14.76,29238.0
2017-04-05 09:35:00,SPN,14.49,14.71,14.4701,14.66,59726.0
2017-04-04 16:05:00,SPN,14.27,14.27,14.25,14.25,358435.0
2017-04-04 16:00:00,SPN,14.27,14.28,14.24,14.255,398542.0
2017-04-04 15:55:00,SPN,14.27,14.27,14.24,14.265,164468.0
2017-04-04 15:50:00,SPN,14.25,14.27,14.24,14.27,90982.0
2017-04-04 15:45:00,SPN,14.27,14.29,14.25,14.255,96668.0
2017-04-04 15:40:00,SPN,14.27,14.28,14.24,14.265,94931.0
2017-04-04 15:35:00,SPN,14.25,14.29,14.25,14.27,88958.0
2017-04-04 15:30:00,SPN,14.3,14.3,14.25,14.25,52512.0
2017-04-04 15:25:00,SPN,14.325,14.33,14.29,14.3,51490.0
2017-04-04 15:20:00,SPN,14.285,14.34,14.28,14.325,64351.0
2017-04-04 15:15:00,SPN,14.29,14.31,14.28,14.285,45360.0
2017-04-04 15:10:00,SPN,14.335,14.345,14.29,14.29,42613.0
2017-04-04 15:05:00,SPN,14.31,14.345,14.31,14.34,43535.0
2017-04-04 15:00:00,SPN,14.35,14.3575,14.31,14.31,26673.0
2017-04-04 14:55:00,SPN,14.36,14.38,14.35,14.355,28096.0
2017-04-04 14:50:00,SPN,14.31,14.36,14.28,14.355,92639.0
2017-04-04 14:45:00,SPN,14.3,14.315,14.28,14.3,56565.0
2017-04-04 14:40:00,SPN,14.34,14.34,14.3,14.3,35837.0
2017-04-04 14:35:00,SPN,14.37,14.37,14.33,14.335,51577.0
2017-04-04 14:30:00,SPN,14.42,14.42,14.375,14.3766,37347.0
2017-04-04 14:25:00,SPN,14.4,14.42,14.39,14.42,24443.0
2017-04-04 14:20:00,SPN,14.42,14.43,14.3701,14.405,64395.0
2017-04-04 14:15:00,SPN,14.385,14.43,14.38,14.43,34206.0
2017-04-04 14:10:00,SPN,14.385,14.405,14.38,14.38,36636.0
2017-04-04 14:05:00,SPN,14.425,14.43,14.385,14.39,42983.0
2017-04-04 14:00:00,SPN,14.395,14.43,14.39,14.42,26825.0
2017-04-04 13:55:00,SPN,14.37,14.395,14.36,14.395,28772.0
2017-04-04 13:50:00,SPN,14.38,14.39,14.36,14.36,28152.0
2017-04-04 13:45:00,SPN,14.41,14.41,14.38,14.38,27733.0
2017-04-04 13:40:00,SPN,14.41,14.41,14.4,14.41,16923.0
2017-04-04 13:35:00,SPN,14.41,14.42,14.39,14.415,31062.0
2017-04-04 13:30:00,SPN,14.5,14.5,14.4,14.41,47445.0
2017-04-04 13:25:00,SPN,14.515,14.52,14.49,14.495,12227.0
2017-04-04 13:20:00,SPN,14.475,14.51,14.475,14.505,58112.0
2017-04-04 13:15:00,SPN,14.5,14.5,14.47,14.475,18947.0
2017-04-04 13:10:00,SPN,14.5,14.51,14.49,14.495,23552.0
2017-04-04 13:05:00,SPN,14.5,14.51,14.49,14.495,9810.0
2017-04-04 13:00:00,SPN,14.5,14.53,14.49,14.5,21127.0
2017-04-04 12:55:00,SPN,14.5,14.52,14.49,14.5,41146.0
2017-04-04 12:50:00,SPN,14.48,14.5,14.48,14.49,49791.0
2017-04-04 12:45:00,SPN,14.48,14.49,14.46,14.47,11112.0
2017-04-04 12:40:00,SPN,14.44,14.48,14.42,14.48,26023.0
2017-04-04 12:35:00,SPN,14.43,14.445,14.42,14.44,19844.0
2017-04-04 12:30:00,SPN,14.45,14.46,14.415,14.425,34039.0
2017-04-04 12:25:00,SPN,14.52,14.52,14.42,14.44,52903.0
2017-04-04 12:20:00,SPN,14.47,14.515,14.465,14.515,19012.0
2017-04-04 12:15:00,SPN,14.48,14.485,14.445,14.47,50558.0
2017-04-24 09:35:00,SPN,12.88,12.99,12.88,12.9485,38638.0
2017-04-24 09:40:00,SPN,12.93,12.94,12.83,12.89,47618.0
2017-04-24 09:45:00,SPN,12.88,12.94,12.87,12.94,41390.0
2017-04-24 09:50:00,SPN,12.93,12.97,12.925,12.965,39766.0
2017-04-24 09:55:00,SPN,12.96,12.97,12.88,12.885,29774.0
2017-04-24 10:00:00,SPN,12.885,12.9211,12.88,12.89,26161.0
2017-04-24 10:05:00,SPN,12.885,13.0,12.87,12.985,53154.0
2017-04-24 10:10:00,SPN,12.985,13.02,12.96,12.97,34350.0
2017-04-24 10:15:00,SPN,12.98,12.995,12.94,12.995,20685.0
2017-04-24 10:20:00,SPN,12.99,13.01,12.965,13.005,39270.0
2017-04-24 10:25:00,SPN,13.01,13.03,13.0,13.005,31946.0
2017-04-24 10:30:00,SPN,13.0,13.01,12.975,12.985,22711.0
2017-04-24 10:35:00,SPN,12.985,13.01,12.95,12.955,56431.0
2017-04-24 10:40:00,SPN,12.95,12.97,12.895,12.895,33763.0
2017-04-24 10:45:00,SPN,12.89,12.89,12.85,12.85,38352.0
2017-04-24 10:50:00,SPN,12.84,12.86,12.82,12.855,36778.0
2017-04-24 10:55:00,SPN,12.855,12.855,12.8,12.81,30716.0
2017-04-24 11:00:00,SPN,12.805,12.84,12.77,12.825,59326.0
2017-04-24 11:05:00,SPN,12.83,12.84,12.79,12.79,20650.0
2017-04-24 11:10:00,SPN,12.795,12.83,12.79,12.825,48108.0
2017-04-24 11:15:00,SPN,12.83,12.88,12.825,12.875,40427.0
2017-04-24 11:20:00,SPN,12.87,12.88,12.835,12.875,39849.0
2017-04-24 11:25:00,SPN,12.875,12.9,12.86,12.865,23617.0
2017-04-24 11:30:00,SPN,12.865,12.88,12.86,12.875,18343.0
2017-04-24 11:35:00,SPN,12.88,12.9,12.86,12.895,30985.0
2017-04-24 11:40:00,SPN,12.89,12.895,12.86,12.88,18813.0
2017-04-24 11:45:00,SPN,12.88,12.915,12.87,12.885,35112.0
2017-04-24 11:50:00,SPN,12.885,12.905,12.87,12.905,15379.0
2017-04-24 11:55:00,SPN,12.9,12.93,12.9,12.92,22029.0
2017-04-24 12:00:00,SPN,12.93,12.935,12.9,12.925,41414.0
2017-04-24 12:05:00,SPN,12.92,12.95,12.91,12.935,20092.0
2017-04-24 12:10:00,SPN,12.935,12.94,12.92,12.925,29909.0
2017-04-24 12:15:00,SPN,12.92,12.955,12.92,12.935,19419.0
2017-04-24 12:20:00,SPN,12.9458,12.95,12.92,12.93,14317.0
2017-04-24 12:25:00,SPN,12.93,12.94,12.93,12.94,4001.0
2017-04-24 12:30:00,SPN,12.935,12.965,12.935,12.965,34020.0
2017-04-24 12:35:00,SPN,12.97,13.01,12.965,13.0,71854.0
2017-04-24 12:40:00,SPN,12.995,13.03,12.98,13.01,54193.0
2017-04-24 12:45:00,SPN,13.01,13.01,12.96,12.99,98751.0
2017-04-24 12:50:00,SPN,12.995,13.01,12.98,12.98,68546.0
2017-04-24 12:55:00,SPN,12.99,13.055,12.985,13.05,71091.0
2017-04-24 13:00:00,SPN,13.04,13.05,12.995,13.05,40901.0
2017-04-24 13:05:00,SPN,13.045,13.09,13.04,13.08,41963.0
2017-04-24 13:10:00,SPN,13.08,13.085,13.055,13.065,10417.0
2017-04-24 13:15:00,SPN,13.07,13.07,13.02,13.03,21506.0
2017-04-24 13:20:00,SPN,13.03,13.03,12.995,13.02,21563.0
2017-04-24 13:25:00,SPN,13.015,13.03,12.995,13.01,18684.0
2017-04-24 13:30:00,SPN,13.01,13.02,13.0,13.0,4986.0
2017-04-24 13:35:00,SPN,13.01,13.01,12.985,12.985,19311.0
2017-04-24 13:40:00,SPN,12.99,12.99,12.96,12.985,17816.0
2017-04-24 13:45:00,SPN,12.985,12.995,12.97,12.975,18693.0
2017-04-24 13:50:00,SPN,12.975,12.975,12.955,12.96,18256.0
2017-04-24 13:55:00,SPN,12.96,12.99,12.96,12.99,20771.0
2017-04-24 14:00:00,SPN,12.99,12.99,12.96,12.97,22579.0
2017-04-24 14:05:00,SPN,12.965,13.01,12.965,13.01,22844.0
2017-04-24 14:10:00,SPN,13.0,13.015,13.0,13.005,23957.0
2017-04-24 14:15:00,SPN,13.01,13.02,13.0,13.015,32928.0
2017-04-24 14:20:00,SPN,13.02,13.04,13.01,13.02,44239.0
2017-04-24 14:25:00,SPN,13.02,13.05,13.01,13.035,28173.0
2017-04-24 14:30:00,SPN,13.035,13.035,12.99,13.01,32574.0
2017-04-24 14:35:00,SPN,13.01,13.045,13.005,13.04,31509.0
2017-04-24 14:40:00,SPN,13.035,13.035,13.02,13.03,13466.0
2017-04-24 14:45:00,SPN,13.03,13.03,13.01,13.02,18765.0
2017-04-24 14:50:00,SPN,13.015,13.015,12.98,12.995,46404.0
2017-04-24 14:55:00,SPN,12.995,13.0,12.99,12.995,21205.0
2017-04-24 15:00:00,SPN,12.995,13.01,12.965,12.965,41579.0
2017-04-24 15:05:00,SPN,12.965,12.97,12.94,12.97,33778.0
2017-04-24 15:10:00,SPN,12.97,12.99,12.97,12.985,37121.0
2017-04-24 15:15:00,SPN,12.985,13.02,12.98,13.015,28612.0
2017-04-24 15:20:00,SPN,13.015,13.02,13.0,13.005,20213.0
2017-04-24 15:25:00,SPN,13.005,13.02,13.0,13.015,37315.0
2017-04-24 15:30:00,SPN,13.015,13.015,13.0,13.005,28103.0
2017-04-24 15:35:00,SPN,13.0,13.02,13.0,13.005,57991.0
2017-04-24 15:40:00,SPN,13.005,13.02,13.0,13.02,53908.0
2017-04-24 15:45:00,SPN,13.02,13.03,13.01,13.02,90679.0
2017-04-24 15:50:00,SPN,13.015,13.015,12.99,13.01,128702.0
2017-04-24 15:55:00,SPN,13.0,13.005,12.98,12.985,117367.0
2017-04-24 16:00:00,SPN,12.985,13.0,12.98,13.0,420914.0
2017-04-24 16:05:00,SPN,13.0,13.0,13.0,13.0,324532.0
2017-04-24 17:50:00,SPN,13.0,13.0,13.0,13.0,15000.0
2017-04-24 17:50:00,SPN,13.0,13.0,13.0,13.0,15000.0
2017-04-24 16:05:00,SPN,13.0,13.0,13.0,13.0,324532.0
2017-04-24 16:00:00,SPN,12.985,13.0,12.98,13.0,420914.0
2017-04-17 10:30:00,SPN,13.63,13.67,13.59,13.655,27109.0
2017-04-17 10:25:00,SPN,13.635,13.64,13.6,13.63,28746.0
2017-04-17 10:20:00,SPN,13.64,13.66,13.625,13.635,24539.0
2017-04-17 10:15:00,SPN,13.63,13.65,13.61,13.65,13060.0
2017-04-17 10:10:00,SPN,13.67,13.69,13.625,13.635,10861.0
2017-04-17 10:05:00,SPN,13.61,13.68,13.605,13.67,28103.0
2017-04-17 10:00:00,SPN,13.575,13.61,13.56,13.605,42928.0
2017-04-17 09:55:00,SPN,13.485,13.585,13.485,13.58,55210.0
2017-04-17 09:50:00,SPN,13.42,13.5,13.42,13.48,22558.0
2017-04-17 09:45:00,SPN,13.47,13.5,13.42,13.43,57938.0
2017-04-17 09:40:00,SPN,13.62,13.62,13.47,13.47,8800.0
2017-04-17 09:35:00,SPN,13.61,13.71,13.56,13.62,29228.0
2017-04-13 16:05:00,SPN,13.63,13.63,13.63,13.63,220412.0
2017-04-13 16:00:00,SPN,13.62,13.655,13.61,13.62,220041.0
2017-04-13 15:55:00,SPN,13.655,13.66,13.62,13.63,104323.0
2017-04-13 15:50:00,SPN,13.6,13.66,13.595,13.66,80327.0
2017-04-13 15:45:00,SPN,13.585,13.615,13.56,13.59,95918.0
2017-04-13 15:40:00,SPN,13.62,13.62,13.58,13.58,44205.0
2017-04-13 15:35:00,SPN,13.67,13.7,13.62,13.62,44904.0
2017-04-13 15:30:00,SPN,13.68,13.705,13.675,13.675,42377.0
2017-04-13 15:25:00,SPN,13.66,13.685,13.655,13.68,36052.0
2017-04-13 15:20:00,SPN,13.68,13.68,13.63,13.655,24373.0
2017-04-13 15:15:00,SPN,13.69,13.69,13.66,13.68,32523.0
2017-04-13 15:10:00,SPN,13.7,13.705,13.68,13.68,24248.0
2017-04-13 15:05:00,SPN,13.71,13.72,13.7,13.71,13080.0
2017-04-13 15:00:00,SPN,13.7299,13.73,13.7,13.705,63246.0
2017-04-13 14:55:00,SPN,13.72,13.73,13.695,13.73,55352.0
2017-04-13 14:50:00,SPN,13.75,13.77,13.72,13.725,55082.0
2017-04-13 14:45:00,SPN,13.73,13.755,13.7201,13.745,24619.0
2017-04-13 14:40:00,SPN,13.74,13.745,13.725,13.74,20434.0
2017-04-13 14:35:00,SPN,13.75,13.78,13.74,13.75,18162.0
2017-04-13 14:30:00,SPN,13.74,13.785,13.735,13.76,22312.0
2017-04-13 14:25:00,SPN,13.73,13.75,13.715,13.74,25016.0
2017-04-13 14:20:00,SPN,13.73,13.73,13.71,13.72,12955.0
2017-04-13 14:15:00,SPN,13.72,13.74,13.71,13.72,32423.0
2017-04-13 14:10:00,SPN,13.67,13.71,13.66,13.71,22667.0
2017-04-13 14:05:00,SPN,13.63,13.67,13.61,13.66,39705.0
2017-04-13 14:00:00,SPN,13.64,13.645,13.63,13.63,12900.0
2017-04-13 13:55:00,SPN,13.6,13.64,13.58,13.64,28158.0
2017-04-13 13:50:00,SPN,13.64,13.64,13.59,13.6,42580.0
2017-04-13 13:45:00,SPN,13.69,13.7,13.63,13.63,23359.0
2017-04-13 13:40:00,SPN,13.71,13.73,13.69,13.69,21968.0
2017-04-13 13:35:00,SPN,13.7,13.72,13.69,13.72,26144.0
2017-04-13 13:30:00,SPN,13.68,13.7,13.65,13.7,44680.0
2017-04-13 13:25:00,SPN,13.7,13.7,13.67,13.68,6404.0
2017-04-13 13:20:00,SPN,13.6901,13.7193,13.68,13.7,24154.0
2017-04-13 13:15:00,SPN,13.72,13.72,13.68,13.7,16915.0
2017-04-13 13:10:00,SPN,13.73,13.73,13.69,13.71,29753.0
2017-04-13 13:05:00,SPN,13.755,13.755,13.71,13.71,20187.0
2017-04-13 13:00:00,SPN,13.78,13.78,13.75,13.75,20614.0
2017-04-13 12:55:00,SPN,13.74,13.79,13.74,13.79,36462.0
2017-04-13 12:50:00,SPN,13.73,13.76,13.71,13.75,39339.0
2017-04-13 12:45:00,SPN,13.785,13.785,13.72,13.73,51623.0
2017-04-13 12:40:00,SPN,13.8,13.81,13.78,13.785,18615.0
2017-04-13 12:35:00,SPN,13.78,13.815,13.77,13.795,33652.0
2017-04-13 12:30:00,SPN,13.76,13.78,13.76,13.77,19711.0
2017-04-13 12:25:00,SPN,13.79,13.8,13.76,13.76,28648.0
2017-04-13 12:20:00,SPN,13.78,13.8,13.77,13.78,21889.0
2017-04-13 12:15:00,SPN,13.78,13.81,13.775,13.79,22737.0
2017-04-13 12:10:00,SPN,13.82,13.85,13.78,13.785,32462.0
2017-04-13 12:05:00,SPN,13.8481,13.85,13.81,13.815,29572.0
2017-04-13 12:00:00,SPN,13.9,13.9,13.83,13.85,26447.0
2017-04-13 11:55:00,SPN,13.9,13.92,13.87,13.9,37332.0
2017-04-13 11:50:00,SPN,13.9,13.93,13.9,13.9,10008.0
2017-04-13 11:45:00,SPN,13.92,13.92,13.875,13.89,33205.0
2017-04-13 11:40:00,SPN,13.94,13.96,13.92,13.92,15384.0
2017-04-13 11:35:00,SPN,13.91,13.95,13.905,13.94,19536.0
2017-04-13 11:30:00,SPN,13.925,13.95,13.91,13.92,17832.0
2017-04-13 11:25:00,SPN,13.94,13.9799,13.92,13.925,34300.0
2017-04-13 11:20:00,SPN,13.99,14.0,13.945,13.95,22768.0
2017-04-13 11:15:00,SPN,13.99,14.01,13.98,13.99,21848.0
2017-04-13 11:10:00,SPN,14.055,14.06,14.0,14.005,8700.0
2017-04-13 11:05:00,SPN,14.03,14.085,14.02,14.06,35269.0
2017-04-13 11:00:00,SPN,14.07,14.085,14.03,14.03,42481.0
2017-04-13 10:55:00,SPN,14.06,14.085,14.06,14.07,30357.0
2017-04-13 10:50:00,SPN,14.07,14.075,14.04,14.07,106942.0
2017-04-13 10:45:00,SPN,14.0699,14.08,14.05,14.07,100384.0
2017-04-13 10:40:00,SPN,14.11,14.115,14.05,14.06,164696.0
2017-04-13 10:35:00,SPN,14.1,14.145,14.07,14.1,160471.0
2017-04-13 10:30:00,SPN,14.14,14.14,14.08,14.1,51376.0
2017-04-13 10:25:00,SPN,14.08,14.14,14.04,14.14,70206.0
2017-04-13 10:20:00,SPN,14.05,14.11,14.05,14.08,52398.0
2017-04-13 10:15:00,SPN,14.03,14.06,13.9999,14.05,62104.0
2017-04-13 10:10:00,SPN,14.04,14.065,14.01,14.035,80256.0
2017-04-13 10:05:00,SPN,14.045,14.06,13.99,14.05,65722.0
2017-04-13 10:00:00,SPN,14.01,14.05,13.985,14.045,76905.0
2017-04-13 09:55:00,SPN,13.97,14.04,13.92,14.0,63351.0
2017-04-13 09:50:00,SPN,13.93,14.02,13.92,13.97,189472.0
2017-04-13 09:45:00,SPN,14.06,14.06,13.87,13.93,80830.0
2017-04-13 09:40:00,SPN,14.09,14.12,14.01,14.07,54169.0
2017-04-13 09:35:00,SPN,14.16,14.25,13.96,14.1,58449.0
2017-04-12 16:05:00,SPN,14.23,14.23,14.23,14.23,70555.0
2017-04-12 16:00:00,SPN,14.21,14.24,14.21,14.24,220395.0
2017-04-12 15:55:00,SPN,14.21,14.22,14.2,14.22,127480.0
2017-04-12 15:50:00,SPN,14.2,14.22,14.19,14.22,120609.0
2017-04-12 15:45:00,SPN,14.215,14.23,14.19,14.195,59739.0
2017-04-12 15:40:00,SPN,14.275,14.275,14.215,14.215,78274.0
2017-04-12 15:35:00,SPN,14.275,14.285,14.26,14.275,53033.0
2017-04-12 15:30:00,SPN,14.245,14.285,14.24,14.27,51831.0
2017-04-12 15:25:00,SPN,14.185,14.275,14.185,14.245,51118.0
2017-04-12 15:20:00,SPN,14.18,14.19,14.155,14.18,96641.0
2017-04-12 15:15:00,SPN,14.175,14.19,14.15,14.18,38173.0
2017-04-12 15:10:00,SPN,14.19,14.2,14.17,14.175,29397.0
2017-04-12 15:05:00,SPN,14.235,14.24,14.19,14.19,26182.0
2017-04-12 15:00:00,SPN,14.23,14.245,14.23,14.24,9338.0
2017-04-12 14:55:00,SPN,14.24,14.26,14.22,14.235,36316.0
2017-04-12 14:50:00,SPN,14.27,14.27,14.24,14.24,24355.0
2017-04-12 14:45:00,SPN,14.25,14.275,14.24,14.27,35093.0
2017-04-12 14:40:00,SPN,14.32,14.325,14.25,14.25,43666.0
2017-04-12 14:35:00,SPN,14.28,14.33,14.28,14.32,20616.0
2017-04-12 14:30:00,SPN,14.27,14.29,14.26,14.28,26747.0
2017-04-12 14:25:00,SPN,14.27,14.295,14.27,14.28,28067.0
2017-04-12 14:20:00,SPN,14.29,14.3,14.28,14.28,19169.0
2017-04-12 14:15:00,SPN,14.32,14.325,14.29,14.295,27165.0
2017-04-12 14:10:00,SPN,14.33,14.335,14.31,14.32,13197.0
2017-04-12 14:05:00,SPN,14.38,14.39,14.33,14.33,28808.0
2017-04-12 14:00:00,SPN,14.34,14.39,14.335,14.39,42563.0
2017-04-12 13:55:00,SPN,14.35,14.35,14.33,14.335,18568.0
2017-04-12 13:50:00,SPN,14.34,14.355,14.32,14.34,15917.0
2017-04-12 13:45:00,SPN,14.335,14.3539,14.33,14.33,13517.0
2017-04-12 13:40:00,SPN,14.3,14.33,14.295,14.33,16552.0
2017-04-12 13:35:00,SPN,14.26,14.3,14.2501,14.295,45042.0
2017-04-12 13:30:00,SPN,14.265,14.28,14.24,14.27,26394.0
2017-04-12 13:25:00,SPN,14.23,14.27,14.22,14.27,35110.0
2017-04-12 13:20:00,SPN,14.26,14.285,14.23,14.24,30727.0
2017-04-12 13:15:00,SPN,14.32,14.3239,14.255,14.26,20098.0
2017-04-12 13:10:00,SPN,14.29,14.32,14.26,14.32,14535.0
2017-04-12 13:05:00,SPN,14.24,14.3053,14.24,14.29,32782.0
2017-04-12 13:00:00,SPN,14.22,14.24,14.205,14.24,14575.0
2017-04-12 12:55:00,SPN,14.26,14.26,14.21,14.2201,27500.0
2017-04-12 12:50:00,SPN,14.25,14.29,14.25,14.25,30081.0
2017-04-12 12:45:00,SPN,14.215,14.25,14.2,14.24,27841.0
2017-04-12 12:40:00,SPN,14.21,14.22,14.17,14.22,28703.0
2017-04-12 12:35:00,SPN,14.23,14.23,14.2,14.21,20478.0
2017-04-12 12:30:00,SPN,14.22,14.25,14.21,14.23,29869.0
2017-04-12 12:25:00,SPN,14.23,14.25,14.215,14.22,37222.0
2017-04-12 12:20:00,SPN,14.25,14.29,14.225,14.23,71488.0
2017-04-12 12:15:00,SPN,14.25,14.27,14.23,14.24,30549.0
2017-04-12 12:10:00,SPN,14.27,14.28,14.22,14.25,35890.0
2017-04-12 12:05:00,SPN,14.29,14.3,14.26,14.27,16277.0
2017-04-12 12:00:00,SPN,14.27,14.3,14.215,14.295,34958.0
2017-04-12 11:55:00,SPN,14.335,14.34,14.26,14.27,40381.0
2017-04-12 11:50:00,SPN,14.35,14.355,14.31,14.34,19512.0
2017-04-12 11:45:00,SPN,14.31,14.355,14.31,14.35,12764.0
2017-04-12 11:40:00,SPN,14.36,14.36,14.3,14.3,23380.0
2017-04-12 11:35:00,SPN,14.31,14.36,14.305,14.36,18899.0
2017-04-12 11:30:00,SPN,14.33,14.34,14.29,14.31,34710.0
2017-04-12 11:25:00,SPN,14.36,14.385,14.32,14.33,29162.0
2017-04-12 11:20:00,SPN,14.4,14.405,14.35,14.36,14694.0
2017-04-12 11:15:00,SPN,14.39,14.42,14.355,14.395,42669.0
2017-04-12 11:10:00,SPN,14.39,14.41,14.37,14.39,24464.0
2017-04-12 11:05:00,SPN,14.4,14.425,14.39,14.39,22730.0
2017-04-12 11:00:00,SPN,14.44,14.47,14.395,14.395,43548.0
2017-04-12 10:55:00,SPN,14.37,14.475,14.35,14.43,44714.0
2017-04-12 10:50:00,SPN,14.5,14.5,14.36,14.37,149523.0
2017-04-12 10:45:00,SPN,14.58,14.58,14.5,14.5,38539.0
2017-04-12 10:40:00,SPN,14.61,14.65,14.57,14.575,22533.0
2017-04-12 10:35:00,SPN,14.59,14.7,14.59,14.62,38517.0
2017-04-12 10:30:00,SPN,14.625,14.63,14.58,14.58,23595.0
2017-04-12 10:25:00,SPN,14.63,14.64,14.61,14.62,28116.0
2017-04-12 10:20:00,SPN,14.56,14.645,14.56,14.62,39324.0
2017-04-12 10:15:00,SPN,14.52,14.59,14.52,14.56,42144.0
2017-04-12 10:10:00,SPN,14.57,14.59,14.52,14.52,53174.0
2017-04-12 10:05:00,SPN,14.57,14.59,14.52,14.56,52949.0
2017-04-12 10:00:00,SPN,14.6,14.6,14.52,14.555,87600.0
2017-04-12 09:55:00,SPN,14.66,14.7,14.6,14.6,70533.0
2017-04-12 09:50:00,SPN,14.7,14.77,14.65,14.67,101581.0
2017-04-12 09:45:00,SPN,14.64,14.71,14.63,14.69,27475.0
2017-04-12 09:40:00,SPN,14.6001,14.65,14.55,14.635,15391.0
2017-04-12 09:35:00,SPN,14.68,14.68,14.5,14.64,12868.0
2017-04-11 16:05:00,SPN,14.7,14.7,14.7,14.7,107030.0
2017-04-11 16:00:00,SPN,14.665,14.71,14.66,14.71,179808.0
2017-04-11 15:55:00,SPN,14.68,14.69,14.66,14.66,74704.0
2017-04-11 15:50:00,SPN,14.67,14.7,14.67,14.68,60973.0
2017-04-11 15:45:00,SPN,14.69,14.71,14.65,14.68,69541.0
2017-04-11 15:40:00,SPN,14.67,14.69,14.66,14.685,56370.0
2017-04-11 15:35:00,SPN,14.63,14.675,14.62,14.67,76202.0
2017-04-11 15:30:00,SPN,14.625,14.66,14.625,14.63,48200.0
2017-04-11 15:25:00,SPN,14.625,14.65,14.62,14.62,33885.0
2017-04-11 15:20:00,SPN,14.66,14.66,14.62,14.62,42706.0
2017-04-11 15:15:00,SPN,14.685,14.69,14.66,14.66,37523.0
2017-04-11 15:10:00,SPN,14.715,14.72,14.67,14.68,39657.0
2017-04-11 15:05:00,SPN,14.735,14.74,14.7,14.71,64107.0
2017-04-11 15:00:00,SPN,14.75,14.755,14.72,14.735,25154.0
2017-04-11 14:55:00,SPN,14.745,14.76,14.71,14.745,34992.0
2017-04-11 14:50:00,SPN,14.735,14.76,14.73,14.74,18828.0
2017-04-11 14:45:00,SPN,14.755,14.76,14.73,14.735,45011.0
2017-04-11 14:40:00,SPN,14.78,14.785,14.74,14.7599,18914.0
2017-04-11 14:35:00,SPN,14.73,14.77,14.72,14.77,31955.0
2017-04-11 14:30:00,SPN,14.69,14.74,14.69,14.74,35705.0
2017-04-11 14:25:00,SPN,14.725,14.725,14.672,14.69,26035.0
2017-04-11 14:20:00,SPN,14.69,14.73,14.68,14.72,20514.0
2017-04-11 14:15:00,SPN,14.72,14.735,14.67,14.68,25578.0
2017-04-11 14:10:00,SPN,14.7,14.75,14.7,14.72,34640.0
2017-04-11 14:05:00,SPN,14.7,14.73,14.695,14.71,16913.0
2017-04-11 14:00:00,SPN,14.7,14.71,14.68,14.69,15936.0
2017-04-11 13:55:00,SPN,14.7,14.71,14.67,14.7,17191.0
2017-04-11 13:50:00,SPN,14.71,14.73,14.69,14.7,24148.0
2017-04-11 13:45:00,SPN,14.72,14.725,14.685,14.715,59184.0
2017-04-11 13:40:00,SPN,14.71,14.75,14.71,14.72,31997.0
2017-04-11 13:35:00,SPN,14.69,14.72,14.68,14.715,38925.0
2017-04-11 13:30:00,SPN,14.68,14.7,14.68,14.69,12400.0
2017-04-11 13:25:00,SPN,14.7,14.73,14.68,14.68,13176.0
2017-04-11 13:20:00,SPN,14.72,14.73,14.7,14.7,24411.0
2017-04-11 13:15:00,SPN,14.71,14.74,14.7,14.71,15719.0
2017-04-11 13:10:00,SPN,14.72,14.74,14.7,14.701,31970.0
2017-04-11 13:05:00,SPN,14.68,14.72,14.67,14.71,20600.0
2017-04-11 13:00:00,SPN,14.68,14.69,14.655,14.67,16180.0
2017-04-11 12:55:00,SPN,14.62,14.68,14.62,14.68,13568.0
2017-04-11 12:50:00,SPN,14.61,14.635,14.6,14.61,19595.0
2017-04-11 12:45:00,SPN,14.64,14.64,14.6,14.61,17210.0
2017-04-11 12:40:00,SPN,14.63,14.675,14.63,14.65,10316.0
2017-04-11 12:35:00,SPN,14.66,14.685,14.64,14.64,22630.0
2017-04-11 12:30:00,SPN,14.56,14.69,14.55,14.65,54202.0
2017-04-11 12:25:00,SPN,14.59,14.62,14.56,14.56,18739.0
2017-04-11 12:20:00,SPN,14.55,14.59,14.55,14.59,18911.0
2017-04-11 12:15:00,SPN,14.5,14.55,14.5,14.545,27984.0
2017-04-11 12:10:00,SPN,14.525,14.54,14.5,14.5,30374.0
2017-04-11 12:05:00,SPN,14.58,14.58,14.52,14.52,17159.0
2017-04-11 12:00:00,SPN,14.56,14.6,14.56,14.58,13581.0
2017-04-11 11:55:00,SPN,14.55,14.59,14.55,14.5625,17102.0
2017-04-11 11:50:00,SPN,14.55,14.58,14.52,14.56,24328.0
2017-04-11 11:45:00,SPN,14.54,14.56,14.54,14.55,13791.0
2017-04-11 11:40:00,SPN,14.515,14.555,14.5,14.53,84104.0
2017-04-11 11:35:00,SPN,14.5,14.53,14.48,14.515,51851.0
2017-04-11 11:30:00,SPN,14.58,14.58,14.49,14.5,31722.0
2017-04-11 11:25:00,SPN,14.57,14.6,14.52,14.58,33022.0
2017-04-11 11:20:00,SPN,14.48,14.58,14.47,14.575,47581.0
2017-04-11 11:15:00,SPN,14.57,14.59,14.45,14.48,123606.0
2017-04-11 11:10:00,SPN,14.57,14.61,14.54,14.57,49124.0
2017-04-11 11:05:00,SPN,14.58,14.58,14.54,14.58,30634.0
2017-04-11 11:00:00,SPN,14.6,14.62,14.57,14.57,27592.0
2017-04-11 10:55:00,SPN,14.64,14.68,14.58,14.6,41216.0
2017-04-11 10:50:00,SPN,14.65,14.67,14.6,14.64,39972.0
2017-04-11 10:45:00,SPN,14.72,14.725,14.59,14.66,43932.0
2017-04-11 10:40:00,SPN,14.64,14.74,14.64,14.72,58851.0
2017-04-11 10:35:00,SPN,14.73,14.74,14.64,14.65,34832.0
2017-04-11 10:30:00,SPN,14.7,14.75,14.7,14.74,20946.0
2017-04-11 10:25:00,SPN,14.7,14.71,14.65,14.69,54281.0
2017-04-11 10:20:00,SPN,14.68,14.72,14.66,14.7,27035.0
2017-04-11 10:15:00,SPN,14.76,14.77,14.67,14.68,24762.0
2017-04-11 10:10:00,SPN,14.78,14.78,14.75,14.78,23849.0
2017-04-11 10:05:00,SPN,14.72,14.77,14.7,14.77,24643.0
2017-04-11 10:00:00,SPN,14.68,14.73,14.65,14.73,28707.0
2017-04-11 09:55:00,SPN,14.68,14.72,14.64,14.69,22908.0
2017-04-11 09:50:00,SPN,14.7,14.71,14.66,14.69,12600.0
2017-04-11 09:45:00,SPN,14.69,14.72,14.63,14.7,26951.0
2017-04-11 09:40:00,SPN,14.8398,14.8398,14.67,14.715,8243.0
2017-04-11 09:35:00,SPN,14.9,14.985,14.84,14.85,50546.0
2017-04-10 16:05:00,SPN,14.89,14.9,14.89,14.9,121995.0
2017-04-10 16:00:00,SPN,14.905,14.91,14.87,14.89,224397.0
2017-04-10 15:55:00,SPN,14.89,14.92,14.88,14.905,101663.0
2017-04-10 15:50:00,SPN,14.88,14.89,14.86,14.89,203071.0
2017-04-10 15:45:00,SPN,14.905,14.915,14.88,14.88,129434.0
2017-04-10 15:40:00,SPN,14.9,14.915,14.89,14.9,47328.0
2017-04-10 15:35:00,SPN,14.8941,14.905,14.88,14.89,76052.0
2017-04-10 15:30:00,SPN,14.89,14.91,14.88,14.9,81811.0
2017-04-10 15:25:00,SPN,14.905,14.905,14.87,14.885,54395.0
2017-04-10 15:20:00,SPN,14.895,14.92,14.89,14.9,52029.0
2017-04-10 15:15:00,SPN,14.9,14.92,14.88,14.9,54100.0
2017-04-10 15:10:00,SPN,14.885,14.925,14.885,14.905,30512.0
2017-04-10 15:05:00,SPN,14.89,14.91,14.88,14.885,23147.0
2017-04-10 15:00:00,SPN,14.9,14.905,14.885,14.89,12608.0
2017-04-10 14:55:00,SPN,14.89,14.91,14.885,14.9,17528.0
2017-04-10 14:50:00,SPN,14.9,14.915,14.865,14.89,52273.0
2017-04-10 14:45:00,SPN,14.82,14.9,14.82,14.9,43989.0
2017-04-10 14:40:00,SPN,14.855,14.865,14.82,14.82,17999.0
2017-04-10 14:35:00,SPN,14.87,14.88,14.83,14.86,33389.0
2017-04-10 14:30:00,SPN,14.88,14.885,14.84,14.875,43123.0
2017-04-10 14:25:00,SPN,14.82,14.8901,14.82,14.88,70293.0
2017-04-10 14:20:00,SPN,14.83,14.8501,14.81,14.815,38570.0
2017-04-10 14:15:00,SPN,14.81,14.835,14.805,14.83,65753.0
2017-04-10 14:10:00,SPN,14.82,14.855,14.8,14.805,103100.0
2017-04-10 14:05:00,SPN,14.91,14.9184,14.825,14.828,31500.0
2017-04-10 14:00:00,SPN,14.91,14.925,14.88,14.91,40342.0
2017-04-10 13:55:00,SPN,14.92,14.93,14.91,14.915,38248.0
2017-04-10 13:50:00,SPN,14.95,14.955,14.92,14.92,21719.0
2017-04-10 13:45:00,SPN,14.97,14.975,14.95,14.955,17988.0
2017-04-10 13:40:00,SPN,14.94,14.985,14.94,14.97,29816.0
2017-04-10 13:35:00,SPN,14.96,14.97,14.94,14.94,12792.0
2017-04-10 13:30:00,SPN,14.95,14.975,14.94,14.97,17152.0
2017-04-10 13:25:00,SPN,14.95,14.97,14.94,14.94,19799.0
2017-04-10 13:20:00,SPN,14.96,14.97,14.94,14.94,19084.0
2017-04-10 13:15:00,SPN,14.97,14.98,14.94,14.95,18584.0
2017-04-10 13:10:00,SPN,14.96,14.99,14.96,14.97,19057.0
2017-04-10 13:05:00,SPN,14.95,14.965,14.94,14.96,19946.0
2017-04-10 13:00:00,SPN,14.94,14.96,14.9375,14.955,10854.0
2017-04-10 12:55:00,SPN,14.94,14.965,14.93,14.93,21811.0
2017-04-10 12:50:00,SPN,14.92,14.95,14.91,14.93,14156.0
2017-04-10 12:45:00,SPN,14.92,14.97,14.92,14.93,27547.0
2017-04-10 12:40:00,SPN,14.93,14.945,14.92,14.92,17094.0
2017-04-10 12:35:00,SPN,14.92,14.94,14.9016,14.93,16817.0
2017-04-10 12:30:00,SPN,14.925,14.925,14.9,14.91,23422.0
2017-04-10 12:25:00,SPN,14.95,14.95,14.925,14.925,15475.0
2017-04-10 12:20:00,SPN,14.92,14.97,14.915,14.96,47669.0
2017-04-10 12:15:00,SPN,15.04,15.045,14.91,14.93,39642.0
2017-04-10 12:10:00,SPN,15.005,15.04,14.99,15.04,33079.0
2017-04-10 12:05:00,SPN,14.98,15.005,14.97,15.0,23025.0
2017-04-10 12:00:00,SPN,14.96,15.0,14.95,14.98,28126.0
2017-04-10 11:55:00,SPN,15.0,15.01,14.97,14.97,47640.0
2017-04-10 11:50:00,SPN,14.975,15.0,14.97,15.0,25900.0
2017-04-10 11:45:00,SPN,14.97,14.99,14.93,14.98,47615.0
2017-04-10 11:40:00,SPN,14.97,15.0,14.96,14.97,67215.0
2017-04-10 11:35:00,SPN,15.1,15.1,14.98,14.98,35713.0
2017-04-10 11:30:00,SPN,15.1,15.1,15.05,15.1,32346.0
2017-04-10 11:25:00,SPN,15.06,15.1,15.05,15.1,29016.0
2017-04-10 11:20:00,SPN,15.01,15.06,15.0,15.055,33564.0
2017-04-10 11:15:00,SPN,14.975,15.01,14.96,15.0,41627.0
2017-04-10 11:10:00,SPN,15.07,15.07,14.95,14.97,59920.0
2017-04-10 11:05:00,SPN,15.04,15.09,15.02,15.07,60360.0
2017-04-10 11:00:00,SPN,15.105,15.105,15.03,15.04,45588.0
2017-04-10 10:55:00,SPN,15.15,15.155,15.1,15.105,48315.0
2017-04-10 10:50:00,SPN,15.2,15.205,15.14,15.145,36569.0
2017-04-10 10:45:00,SPN,15.245,15.245,15.185,15.2,79282.0
2017-04-10 10:40:00,SPN,15.19,15.25,15.185,15.245,89622.0
2017-04-10 10:35:00,SPN,15.12,15.235,15.11,15.19,150803.0
2017-04-10 10:30:00,SPN,15.12,15.16,15.11,15.12,118373.0
2017-04-10 10:25:00,SPN,15.08,15.16,15.08,15.12,85205.0
2017-04-10 10:20:00,SPN,15.14,15.14,15.07,15.08,95641.0
2017-04-10 10:15:00,SPN,15.18,15.22,15.1,15.15,96993.0
2017-04-10 10:10:00,SPN,15.16,15.19,15.1,15.19,82012.0
2017-04-10 10:05:00,SPN,15.06,15.2,15.06,15.16,69871.0
2017-04-10 10:00:00,SPN,15.07,15.07,15.03,15.06,44253.0
2017-04-10 09:55:00,SPN,15.02,15.07,15.015,15.07,27875.0
2017-04-10 09:50:00,SPN,14.93,15.025,14.93,15.02,42154.0
2017-04-10 09:45:00,SPN,14.86,14.95,14.83,14.93,31333.0
2017-04-10 09:40:00,SPN,14.78,14.86,14.71,14.86,43042.0
2017-04-10 09:35:00,SPN,14.74,14.82,14.72,14.75,29567.0
2017-04-07 16:20:00,SPN,14.53,14.53,14.53,14.53,2375.0
2017-04-07 16:05:00,SPN,14.53,14.53,14.53,14.53,96147.0
2017-04-07 16:00:00,SPN,14.53,14.54,14.51,14.54,286045.0
2017-04-07 15:55:00,SPN,14.52,14.53,14.51,14.52,76917.0
2017-04-07 15:50:00,SPN,14.505,14.54,14.5,14.51,72062.0
2017-04-07 15:45:00,SPN,14.53,14.555,14.5,14.5,105550.0
2017-04-07 15:40:00,SPN,14.495,14.53,14.485,14.52,163188.0
2017-04-07 15:35:00,SPN,14.515,14.53,14.495,14.495,80915.0
2017-04-07 15:30:00,SPN,14.59,14.6,14.52,14.52,59291.0
2017-04-07 15:25:00,SPN,14.57,14.605,14.56,14.6,44509.0
2017-04-07 15:20:00,SPN,14.585,14.59,14.56,14.575,29888.0
2017-04-07 15:15:00,SPN,14.605,14.61,14.58,14.58,58079.0
2017-04-07 15:10:00,SPN,14.63,14.64,14.605,14.61,13448.0
2017-04-07 15:05:00,SPN,14.63,14.635,14.62,14.635,26531.0
2017-04-07 15:00:00,SPN,14.615,14.64,14.61,14.625,59728.0
2017-04-07 14:55:00,SPN,14.645,14.65,14.605,14.61,24397.0
2017-04-07 14:50:00,SPN,14.66,14.67,14.645,14.645,21976.0
2017-04-07 14:45:00,SPN,14.695,14.695,14.65,14.66,48148.0
2017-04-07 14:40:00,SPN,14.69,14.7,14.69,14.695,25207.0
2017-04-07 14:35:00,SPN,14.68,14.7,14.66,14.695,54143.0
2017-04-07 14:30:00,SPN,14.74,14.75,14.68,14.68,26270.0
2017-04-07 14:25:00,SPN,14.7,14.75,14.6928,14.74,29842.0
2017-04-07 14:20:00,SPN,14.69,14.7,14.66,14.695,38508.0
2017-04-07 14:15:00,SPN,14.705,14.72,14.7,14.7,21685.0
2017-04-07 14:10:00,SPN,14.74,14.745,14.695,14.7,24138.0
2017-04-07 14:05:00,SPN,14.71,14.75,14.71,14.74,17461.0
2017-04-07 14:00:00,SPN,14.765,14.77,14.71,14.71,18123.0
2017-04-07 13:55:00,SPN,14.765,14.78,14.76,14.76,10298.0
2017-04-07 13:50:00,SPN,14.78,14.78,14.745,14.76,30176.0
2017-04-07 13:45:00,SPN,14.74,14.79,14.735,14.78,26570.0
2017-04-07 13:40:00,SPN,14.8,14.805,14.74,14.74,18776.0
2017-04-07 13:35:00,SPN,14.78,14.81,14.78,14.795,33334.0
2017-04-07 13:30:00,SPN,14.72,14.8,14.72,14.79,38931.0
2017-04-07 13:25:00,SPN,14.725,14.74,14.72,14.725,13677.0
2017-04-07 13:20:00,SPN,14.74,14.745,14.72,14.725,7900.0
2017-04-07 13:15:00,SPN,14.755,14.77,14.74,14.74,20948.0
2017-04-07 13:10:00,SPN,14.73,14.76,14.725,14.75,20826.0
2017-04-07 13:05:00,SPN,14.8,14.805,14.72,14.72,22858.0
2017-04-07 13:00:00,SPN,14.78,14.815,14.77,14.81,46396.0
2017-04-07 12:55:00,SPN,14.72,14.775,14.72,14.775,22325.0
2017-04-07 12:50:00,SPN,14.67,14.72,14.67,14.72,22343.0
2017-04-07 12:45:00,SPN,14.69,14.71,14.66,14.66,27284.0
2017-04-07 12:40:00,SPN,14.72,14.72,14.695,14.695,8100.0
2017-04-07 12:35:00,SPN,14.72,14.74,14.71,14.715,21521.0
2017-04-07 12:30:00,SPN,14.7,14.74,14.7,14.73,14469.0
2017-04-07 12:25:00,SPN,14.68,14.71,14.675,14.705,13340.0
2017-04-07 12:20:00,SPN,14.69,14.695,14.675,14.68,11964.0
2017-04-07 12:15:00,SPN,14.76,14.77,14.68,14.68,28924.0
2017-04-07 12:10:00,SPN,14.74,14.77,14.735,14.765,21718.0
2017-04-07 12:05:00,SPN,14.71,14.75,14.7,14.75,24514.0
2017-04-07 12:00:00,SPN,14.715,14.72,14.695,14.7,22149.0
2017-04-07 11:55:00,SPN,14.67,14.73,14.655,14.715,47138.0
2017-04-07 11:50:00,SPN,14.69,14.69,14.66,14.67,21868.0
2017-04-07 11:45:00,SPN,14.67,14.69,14.655,14.685,23396.0
2017-04-07 11:40:00,SPN,14.67,14.7,14.665,14.665,55340.0
2017-04-07 11:35:00,SPN,14.68,14.68,14.635,14.675,43330.0
2017-04-07 11:30:00,SPN,14.73,14.735,14.685,14.69,21518.0
2017-04-07 11:25:00,SPN,14.71,14.74,14.7,14.73,28808.0
2017-04-07 11:20:00,SPN,14.67,14.71,14.65,14.71,38101.0
2017-04-07 11:15:00,SPN,14.63,14.665,14.63,14.665,38504.0
2017-04-07 11:10:00,SPN,14.67,14.671,14.58,14.63,62675.0
2017-04-07 11:05:00,SPN,14.73,14.74,14.67,14.67,35291.0
2017-04-07 11:00:00,SPN,14.8,14.825,14.7201,14.73,64733.0
2017-04-07 10:55:00,SPN,14.81,14.81,14.76,14.8,67112.0
2017-04-07 10:50:00,SPN,14.87,14.88,14.8,14.81,35665.0
2017-04-07 10:45:00,SPN,14.86,14.88,14.85,14.87,52122.0
2017-04-07 10:40:00,SPN,14.815,14.86,14.815,14.86,53429.0
2017-04-07 10:35:00,SPN,14.84,14.84,14.795,14.815,35013.0
2017-04-07 10:30:00,SPN,14.81,14.85,14.79,14.84,34122.0
2017-04-07 10:25:00,SPN,14.78,14.86,14.78,14.815,87654.0
2017-04-07 10:20:00,SPN,14.78,14.78,14.74,14.775,36522.0
2017-04-07 10:15:00,SPN,14.73,14.83,14.73,14.79,56866.0
2017-04-07 10:10:00,SPN,14.67,14.74,14.67,14.725,86610.0
2017-04-07 10:05:00,SPN,14.67,14.675,14.65,14.67,46384.0
2017-04-07 10:00:00,SPN,14.74,14.74,14.66,14.67,41720.0
2017-04-07 09:55:00,SPN,14.69,14.77,14.69,14.74,34676.0
2017-04-07 09:50:00,SPN,14.675,14.72,14.675,14.7,72592.0
2017-04-07 09:45:00,SPN,14.59,14.7,14.59,14.67,53642.0
2017-04-07 09:40:00,SPN,14.57,14.63,14.53,14.57,6800.0
2017-04-07 09:35:00,SPN,14.63,14.65,14.55,14.55,19916.0
2017-04-06 16:35:00,SPN,14.69,14.69,14.69,14.69,800.0
2017-04-06 16:05:00,SPN,14.59,14.59,14.58,14.58,148501.0
2017-04-06 16:00:00,SPN,14.59,14.5901,14.57,14.58,247145.0
2017-04-06 15:55:00,SPN,14.595,14.63,14.59,14.59,145640.0
2017-04-06 15:50:00,SPN,14.545,14.6,14.545,14.595,185672.0
2017-04-06 15:45:00,SPN,14.525,14.55,14.52,14.545,80289.0
2017-04-06 15:40:00,SPN,14.515,14.5575,14.515,14.525,92985.0
2017-04-06 15:35:00,SPN,14.51,14.52,14.48,14.515,87995.0
2017-04-06 15:30:00,SPN,14.48,14.53,14.48,14.515,64589.0
2017-04-06 15:25:00,SPN,14.505,14.53,14.48,14.4875,58182.0
2017-04-06 15:20:00,SPN,14.47,14.51,14.46,14.5,42704.0
2017-04-06 15:15:00,SPN,14.52,14.52,14.46,14.475,38924.0
2017-04-06 15:10:00,SPN,14.475,14.53,14.47,14.51,65079.0
2017-04-06 15:05:00,SPN,14.51,14.54,14.47,14.47,52247.0
2017-04-06 15:00:00,SPN,14.53,14.54,14.505,14.52,63947.0
2017-04-06 14:55:00,SPN,14.6,14.6075,14.51,14.52,41948.0
2017-04-06 14:50:00,SPN,14.605,14.63,14.595,14.6,39479.0
2017-04-06 14:45:00,SPN,14.56,14.6,14.56,14.595,40522.0
2017-04-06 14:40:00,SPN,14.53,14.565,14.53,14.56,45300.0
2017-04-06 14:35:00,SPN,14.53,14.56,14.525,14.53,20633.0
2017-04-06 14:30:00,SPN,14.55,14.56,14.515,14.53,60299.0
2017-04-06 14:25:00,SPN,14.55,14.56,14.53,14.55,70266.0
2017-04-06 14:20:00,SPN,14.53,14.57,14.53,14.56,43821.0
2017-04-06 14:15:00,SPN,14.55,14.565,14.535,14.535,35934.0
2017-04-06 14:10:00,SPN,14.555,14.56,14.53,14.56,37531.0
2017-04-06 14:05:00,SPN,14.58,14.6,14.55,14.555,36618.0
2017-04-06 14:00:00,SPN,14.6,14.6,14.58,14.58,15904.0
2017-04-06 13:55:00,SPN,14.565,14.625,14.565,14.6,60146.0
2017-04-06 13:50:00,SPN,14.63,14.635,14.56,14.56,41259.0
2017-04-06 13:45:00,SPN,14.67,14.68,14.63,14.63,15769.0
2017-04-06 13:40:00,SPN,14.705,14.71,14.67,14.68,35379.0
2017-04-06 13:35:00,SPN,14.665,14.7,14.64,14.7,56472.0
2017-04-06 13:30:00,SPN,14.65,14.67,14.64,14.665,20368.0
2017-04-06 13:25:00,SPN,14.69,14.7,14.65,14.65,16823.0
2017-04-06 13:20:00,SPN,14.645,14.7,14.64,14.69,45453.0
2017-04-06 13:15:00,SPN,14.625,14.66,14.625,14.65,34096.0
2017-04-06 13:10:00,SPN,14.62,14.63,14.62,14.625,21554.0
2017-04-06 13:05:00,SPN,14.63,14.65,14.6,14.63,48435.0
2017-04-06 13:00:00,SPN,14.6375,14.64,14.61,14.63,15890.0
2017-04-06 12:55:00,SPN,14.63,14.66,14.62,14.64,32301.0
2017-04-06 12:50:00,SPN,14.665,14.665,14.62,14.64,58891.0
2017-04-06 12:45:00,SPN,14.68,14.705,14.66,14.665,31476.0
2017-04-06 12:40:00,SPN,14.66,14.68,14.655,14.68,30405.0
2017-04-06 12:35:00,SPN,14.72,14.73,14.66,14.66,20936.0
2017-04-06 12:30:00,SPN,14.69,14.72,14.69,14.71,29325.0
2017-04-06 12:25:00,SPN,14.725,14.73,14.68,14.68,17989.0
2017-04-06 12:20:00,SPN,14.665,14.73,14.66,14.73,27937.0
2017-04-06 12:15:00,SPN,14.69,14.69,14.66,14.66,15463.0
2017-04-06 12:10:00,SPN,14.68,14.695,14.675,14.68,10047.0
2017-04-06 12:05:00,SPN,14.65,14.69,14.645,14.68,27638.0
2017-04-06 12:00:00,SPN,14.64,14.65,14.62,14.645,18011.0
2017-04-06 11:55:00,SPN,14.665,14.665,14.63,14.64,24047.0
2017-04-06 11:50:00,SPN,14.67,14.68,14.65,14.665,15801.0
2017-04-06 11:45:00,SPN,14.67,14.69,14.655,14.67,28223.0
2017-04-06 11:40:00,SPN,14.66,14.71,14.66,14.66,22092.0
2017-04-06 11:35:00,SPN,14.66,14.685,14.65,14.67,18370.0
2017-04-06 11:30:00,SPN,14.62,14.66,14.62,14.65,33216.0
2017-04-06 11:25:00,SPN,14.68,14.68,14.61,14.62,42538.0
2017-04-06 11:20:00,SPN,14.73,14.74,14.665,14.68,32050.0
2017-04-06 11:15:00,SPN,14.67,14.74,14.665,14.73,53325.0
2017-04-06 11:10:00,SPN,14.7,14.71,14.66,14.665,105673.0
2017-04-06 11:05:00,SPN,14.71,14.75,14.71,14.71,45526.0
2017-04-06 11:00:00,SPN,14.73,14.74,14.7,14.71,44494.0
2017-04-06 10:55:00,SPN,14.74,14.75,14.66,14.725,80631.0
2017-04-06 10:50:00,SPN,14.7,14.735,14.675,14.73,78609.0
2017-04-06 10:45:00,SPN,14.64,14.7,14.6,14.7,65264.0
2017-04-06 10:40:00,SPN,14.59,14.68,14.575,14.65,57113.0
2017-04-06 10:35:00,SPN,14.495,14.61,14.495,14.58,61934.0
2017-04-06 10:30:00,SPN,14.48,14.495,14.46,14.495,61572.0
2017-04-06 10:25:00,SPN,14.53,14.54,14.47,14.48,89167.0
2017-04-06 10:20:00,SPN,14.47,14.535,14.46,14.535,75949.0
2017-04-06 10:15:00,SPN,14.46,14.49,14.46,14.47,59757.0
2017-04-06 10:10:00,SPN,14.43,14.465,14.42,14.455,56920.0
2017-04-06 10:05:00,SPN,14.4,14.455,14.4,14.43,53011.0
2017-04-06 10:00:00,SPN,14.41,14.43,14.37,14.4,48002.0
2017-04-06 09:55:00,SPN,14.4,14.41,14.34,14.4,33524.0
2017-04-06 09:50:00,SPN,14.45,14.45,14.39,14.4,23317.0
2017-04-06 09:45:00,SPN,14.46,14.49,14.42,14.44,53942.0
2017-04-06 09:40:00,SPN,14.35,14.49,14.35,14.45,26297.0
2017-04-06 09:35:00,SPN,14.74,14.74,14.33,14.37,28677.0
2017-04-05 17:45:00,SPN,14.35,14.35,14.35,14.35,1800.0
2017-04-05 16:05:00,SPN,14.36,14.36,14.35,14.35,111963.0
2017-04-05 16:00:00,SPN,14.4,14.41,14.34,14.35,318102.0
2017-04-05 15:55:00,SPN,14.34,14.41,14.33,14.405,216989.0
2017-04-05 15:50:00,SPN,14.33,14.36,14.32,14.34,172848.0
2017-04-05 15:45:00,SPN,14.28,14.33,14.27,14.325,160605.0
2017-04-05 15:40:00,SPN,14.29,14.3,14.27,14.285,152228.0
2017-04-05 15:35:00,SPN,14.34,14.38,14.275,14.28,140417.0
2017-04-05 15:30:00,SPN,14.36,14.36,14.29,14.34,148970.0
2017-04-05 15:25:00,SPN,14.45,14.45,14.35,14.36,88094.0
2017-04-05 15:20:00,SPN,14.445,14.4525,14.41,14.45,41082.0
2017-04-05 15:15:00,SPN,14.52,14.52,14.445,14.45,40340.0
2017-04-05 15:10:00,SPN,14.57,14.57,14.525,14.525,25144.0
2017-04-05 15:05:00,SPN,14.53,14.58,14.52,14.565,38496.0
2017-04-05 15:00:00,SPN,14.575,14.58,14.53,14.53,18522.0
2017-04-05 14:55:00,SPN,14.6,14.6,14.54,14.57,28001.0
2017-04-05 14:50:00,SPN,14.63,14.635,14.595,14.61,42315.0
2017-04-05 14:45:00,SPN,14.61,14.63,14.605,14.63,26063.0
2017-04-05 14:40:00,SPN,14.68,14.68,14.61,14.61,12976.0
2017-04-05 14:35:00,SPN,14.72,14.72,14.68,14.68,25852.0
2017-04-05 14:30:00,SPN,14.685,14.75,14.685,14.73,69458.0
2017-04-05 14:25:00,SPN,14.71,14.725,14.69,14.69,45308.0
2017-04-05 14:20:00,SPN,14.69,14.74,14.675,14.72,49954.0
2017-04-05 14:15:00,SPN,14.69,14.73,14.68,14.695,26282.0
2017-04-05 14:10:00,SPN,14.71,14.73,14.69,14.69,17869.0
2017-04-05 14:05:00,SPN,14.79,14.79,14.715,14.715,51017.0
2017-04-05 14:00:00,SPN,14.78,14.81,14.775,14.79,24513.0
2017-04-05 13:55:00,SPN,14.805,14.81,14.785,14.79,18599.0
2017-04-05 13:50:00,SPN,14.81,14.82,14.8,14.8,21082.0
2017-04-05 13:45:00,SPN,14.775,14.82,14.76,14.81,44367.0
2017-04-05 13:40:00,SPN,14.82,14.82,14.765,14.77,14000.0
2017-04-05 13:35:00,SPN,14.82,14.84,14.82,14.825,20314.0
2017-04-05 13:30:00,SPN,14.79,14.825,14.785,14.82,19203.0
2017-04-05 13:25:00,SPN,14.79,14.795,14.765,14.79,23731.0
2017-04-05 13:20:00,SPN,14.81,14.83,14.79,14.79,25145.0
2017-04-05 13:15:00,SPN,14.83,14.85,14.81,14.81,26787.0
2017-04-05 13:10:00,SPN,14.76,14.83,14.755,14.82,61806.0
2017-04-05 13:05:00,SPN,14.74,14.76,14.74,14.755,42108.0
2017-04-05 13:00:00,SPN,14.76,14.765,14.735,14.74,29538.0
2017-04-05 12:55:00,SPN,14.7,14.77,14.69,14.76,30838.0
2017-04-05 12:50:00,SPN,14.705,14.73,14.7,14.7,17003.0
2017-04-05 12:45:00,SPN,14.715,14.73,14.705,14.71,21375.0
2017-04-05 12:40:00,SPN,14.725,14.725,14.7,14.72,19174.0
2017-04-05 12:35:00,SPN,14.7,14.73,14.68,14.73,14970.0
2017-04-05 12:30:00,SPN,14.69,14.7,14.68,14.7,15926.0
2017-04-05 12:25:00,SPN,14.71,14.72,14.69,14.69,14251.0
2017-04-05 12:20:00,SPN,14.69,14.72,14.665,14.71,57327.0
