2017-04-18 15:00:00,SRC,10.455,10.455,10.445,10.445,50638.0
2017-04-18 15:05:00,SRC,10.445,10.445,10.445,10.445,64097.0
2017-04-18 15:10:00,SRC,10.445,10.455,10.445,10.455,32385.0
2017-04-18 15:15:00,SRC,10.455,10.465,10.455,10.455,41642.0
2017-04-18 15:20:00,SRC,10.455,10.465,10.455,10.465,27078.0
2017-04-18 15:25:00,SRC,10.465,10.475,10.465,10.465,48558.0
2017-04-18 15:30:00,SRC,10.465,10.465,10.465,10.465,27170.0
2017-04-18 15:35:00,SRC,10.465,10.465,10.465,10.465,19173.0
2017-04-18 15:40:00,SRC,10.465,10.465,10.465,10.465,104587.0
2017-04-18 15:45:00,SRC,10.465,10.475,10.465,10.465,425690.0
2017-04-18 15:50:00,SRC,10.465,10.475,10.465,10.475,117609.0
2017-04-18 15:55:00,SRC,10.475,10.475,10.475,10.475,105067.0
2017-04-18 16:00:00,SRC,10.475,10.475,10.475,10.475,354270.0
2017-04-18 16:05:00,SRC,10.475,10.475,10.475,10.475,807346.0
2017-04-18 16:10:00,SRC,10.475,10.485,10.47,10.47,0.0
2017-04-18 16:15:00,SRC,10.47,10.48,10.465,10.465,18600.0
2017-04-18 16:20:00,SRC,10.465,10.465,10.465,10.465,0.0
2017-04-18 16:25:00,SRC,10.465,10.465,10.465,10.465,0.0
2017-04-18 16:30:00,SRC,10.465,10.465,10.46,10.46,2604.0
2017-04-18 16:35:00,SRC,10.46,10.46,9.275,9.275,0.0
2017-04-18 16:40:00,SRC,9.275,9.275,9.275,9.275,0.0
2017-04-18 16:45:00,SRC,9.275,9.275,9.275,9.275,0.0
2017-04-18 16:50:00,SRC,9.275,9.275,9.275,9.275,0.0
2017-04-18 16:55:00,SRC,9.275,9.275,9.275,9.275,0.0
2017-04-18 17:00:00,SRC,9.275,9.275,9.275,9.275,64.0
2017-04-18 17:05:00,SRC,9.275,9.275,9.275,9.275,0.0
2017-04-18 17:10:00,SRC,9.275,9.275,9.275,9.275,0.0
2017-04-18 17:15:00,SRC,9.275,9.275,9.275,9.275,0.0
2017-04-18 17:20:00,SRC,9.275,9.275,9.275,9.275,0.0
2017-04-18 17:25:00,SRC,9.275,9.275,9.275,9.275,0.0
2017-04-18 17:30:00,SRC,9.275,9.275,9.275,9.275,0.0
2017-04-18 17:35:00,SRC,9.275,9.275,9.275,9.275,0.0
2017-04-18 17:40:00,SRC,9.275,9.275,9.275,9.275,0.0
2017-04-18 17:45:00,SRC,9.275,9.275,9.275,9.275,0.0
2017-04-18 17:50:00,SRC,9.275,9.275,9.275,9.275,0.0
2017-04-18 17:55:00,SRC,9.275,9.275,9.275,9.275,0.0
2017-04-18 18:00:00,SRC,9.275,9.425,9.275,9.425,0.0
2017-04-18 18:05:00,SRC,9.425,9.425,9.425,9.425,0.0
2017-04-18 18:10:00,SRC,9.425,9.425,9.425,9.425,0.0
2017-04-18 18:15:00,SRC,9.425,9.425,9.425,9.425,0.0
2017-04-18 18:20:00,SRC,9.425,9.425,9.425,9.425,0.0
2017-04-18 18:25:00,SRC,9.425,9.425,9.425,9.425,0.0
2017-04-18 18:30:00,SRC,9.425,9.425,9.425,9.425,0.0
2017-04-18 18:35:00,SRC,9.425,9.425,9.425,9.425,0.0
2017-04-18 18:40:00,SRC,9.425,9.425,9.275,9.275,0.0
2017-04-18 18:45:00,SRC,9.275,9.275,9.275,9.275,0.0
2017-04-18 18:50:00,SRC,9.275,9.275,9.275,9.275,0.0
2017-04-18 18:55:00,SRC,9.275,9.275,9.275,9.275,0.0
2017-04-18 19:00:00,SRC,9.275,9.275,9.275,9.275,0.0
2017-04-18 19:05:00,SRC,9.275,9.275,9.275,9.275,0.0
2017-04-18 19:10:00,SRC,9.275,9.275,9.275,9.275,0.0
2017-04-18 19:15:00,SRC,9.275,9.275,9.275,9.275,0.0
2017-04-18 19:20:00,SRC,9.275,9.275,9.275,9.275,0.0
2017-04-18 19:25:00,SRC,9.275,9.275,9.275,9.275,0.0
2017-04-18 19:30:00,SRC,9.275,9.275,9.275,9.275,0.0
2017-04-18 19:35:00,SRC,9.275,9.275,9.275,9.275,0.0
2017-04-18 19:40:00,SRC,9.275,9.275,9.275,9.275,0.0
2017-04-18 19:45:00,SRC,9.275,9.275,9.275,9.275,0.0
2017-04-18 19:50:00,SRC,9.275,9.275,9.275,9.275,0.0
2017-04-18 19:55:00,SRC,9.275,9.275,9.275,9.275,0.0
2017-04-18 20:00:00,SRC,9.275,9.275,9.275,9.275,0.0
2017-04-18 20:05:00,SRC,9.275,9.275,9.275,9.275,0.0
2017-04-18 20:10:00,SRC,9.275,9.275,9.275,9.275,0.0
2017-04-18 20:15:00,SRC,9.275,9.275,9.275,9.275,0.0
2017-04-18 20:20:00,SRC,9.275,9.275,9.275,9.275,0.0
2017-04-18 20:25:00,SRC,9.275,9.275,9.275,9.275,0.0
2017-04-18 20:30:00,SRC,9.275,9.275,9.275,9.275,0.0
2017-04-18 20:35:00,SRC,9.275,9.275,9.275,9.275,0.0
2017-04-18 20:40:00,SRC,9.275,9.275,9.275,9.275,0.0
2017-04-18 20:45:00,SRC,9.275,9.275,9.275,9.275,0.0
2017-04-18 20:50:00,SRC,9.275,9.275,9.275,9.275,0.0
2017-04-18 20:55:00,SRC,9.275,9.275,9.275,9.275,0.0
2017-04-19 08:00:00,SRC,5.395,5.395,5.395,5.395,0.0
2017-04-19 08:05:00,SRC,5.395,9.425,5.395,9.425,0.0
2017-04-19 08:10:00,SRC,9.425,9.425,9.425,9.425,0.0
2017-04-19 08:15:00,SRC,9.425,9.425,9.425,9.425,0.0
2017-04-19 08:20:00,SRC,9.425,9.425,9.425,9.425,0.0
2017-04-19 08:25:00,SRC,9.425,9.425,9.425,9.425,0.0
2017-04-19 08:30:00,SRC,9.425,9.425,9.425,9.425,0.0
2017-04-19 08:35:00,SRC,9.425,9.425,9.425,9.425,0.0
2017-04-19 08:40:00,SRC,9.425,9.425,9.425,9.425,0.0
2017-04-19 08:45:00,SRC,9.425,9.425,9.425,9.425,0.0
2017-04-19 08:50:00,SRC,9.425,9.425,9.425,9.425,0.0
2017-04-19 08:55:00,SRC,9.425,9.425,9.425,9.425,0.0
2017-04-19 09:00:00,SRC,9.425,9.425,9.425,9.425,0.0
2017-04-19 09:05:00,SRC,9.425,9.425,9.425,9.425,0.0
2017-04-19 09:10:00,SRC,9.425,9.425,9.425,9.425,0.0
2017-04-19 09:15:00,SRC,9.425,9.425,9.425,9.425,0.0
2017-04-19 09:20:00,SRC,9.425,9.425,9.425,9.425,0.0
2017-04-19 09:25:00,SRC,9.425,10.585,9.42,10.485,0.0
2017-04-19 09:30:00,SRC,10.485,10.485,10.46,10.46,0.0
2017-04-19 09:35:00,SRC,10.46,10.47,10.415,10.435,64962.0
2017-04-19 09:40:00,SRC,10.435,10.435,10.425,10.425,33174.0
2017-04-19 09:45:00,SRC,10.425,10.435,10.405,10.405,92643.0
2017-04-19 09:50:00,SRC,10.405,10.405,10.395,10.395,35527.0
2017-04-19 09:55:00,SRC,10.395,10.395,10.385,10.395,234607.0
2017-04-19 10:00:00,SRC,10.395,10.395,10.385,10.395,116970.0
2017-04-19 10:05:00,SRC,10.395,10.415,10.395,10.415,131825.0
2017-04-19 10:10:00,SRC,10.415,10.425,10.415,10.415,92712.0
2017-04-19 10:15:00,SRC,10.415,10.415,10.405,10.415,61920.0
2017-04-19 10:20:00,SRC,10.415,10.425,10.415,10.415,81577.0
2017-04-19 10:25:00,SRC,10.415,10.415,10.405,10.415,93102.0
2017-04-19 10:30:00,SRC,10.415,10.415,10.385,10.395,253213.0
2017-04-19 10:35:00,SRC,10.395,10.405,10.395,10.395,94996.0
2017-04-19 10:40:00,SRC,10.395,10.395,10.385,10.385,87643.0
2017-04-19 10:45:00,SRC,10.385,10.385,10.375,10.375,25608.0
2017-04-19 10:50:00,SRC,10.375,10.385,10.365,10.365,59158.0
2017-04-19 10:55:00,SRC,10.365,10.375,10.365,10.365,58920.0
2017-04-19 11:00:00,SRC,10.365,10.375,10.365,10.375,35127.0
2017-04-19 11:05:00,SRC,10.375,10.375,10.375,10.375,5545.0
2017-04-19 11:10:00,SRC,10.375,10.375,10.355,10.355,48761.0
2017-04-19 11:15:00,SRC,10.355,10.355,10.355,10.355,81432.0
2017-04-19 11:20:00,SRC,10.355,10.355,10.355,10.355,6048.0
2017-04-19 11:25:00,SRC,10.355,10.355,10.355,10.355,16934.0
2017-04-19 11:30:00,SRC,10.355,10.355,10.355,10.355,13993.0
2017-04-19 11:35:00,SRC,10.355,10.355,10.355,10.355,6862.0
2017-04-19 11:40:00,SRC,10.355,10.355,10.355,10.355,16368.0
2017-04-19 11:45:00,SRC,10.355,10.365,10.355,10.365,58771.0
2017-04-19 11:50:00,SRC,10.365,10.365,10.365,10.365,5525.0
2017-04-19 11:55:00,SRC,10.365,10.365,10.365,10.365,7949.0
2017-04-19 12:10:00,SRC,10.365,10.385,10.355,10.385,150956.0
2017-04-19 12:15:00,SRC,10.385,10.385,10.375,10.385,40759.0
2017-04-19 12:20:00,SRC,10.385,10.385,10.385,10.385,3233.0
2017-04-19 12:25:00,SRC,10.385,10.385,10.375,10.375,27459.0
2017-04-19 12:30:00,SRC,10.375,10.375,10.365,10.365,25609.0
2017-04-19 12:35:00,SRC,10.365,10.365,10.365,10.365,8035.0
2017-04-19 12:40:00,SRC,10.365,10.375,10.365,10.375,17100.0
2017-04-19 12:45:00,SRC,10.375,10.375,10.365,10.365,23880.0
2017-04-19 12:50:00,SRC,10.365,10.365,10.365,10.365,3982.0
2017-04-19 12:55:00,SRC,10.365,10.365,10.365,10.365,5208.0
2017-04-19 13:00:00,SRC,10.365,10.365,10.365,10.365,5500.0
2017-04-19 13:05:00,SRC,10.365,10.365,10.365,10.365,11193.0
2017-04-19 13:10:00,SRC,10.365,10.365,10.365,10.365,6017.0
2017-04-19 13:15:00,SRC,10.365,10.375,10.365,10.375,48603.0
2017-04-19 13:20:00,SRC,10.375,10.375,10.375,10.375,10418.0
2017-04-19 13:25:00,SRC,10.375,10.385,10.375,10.385,46343.0
2017-04-19 13:30:00,SRC,10.385,10.385,10.385,10.385,12358.0
2017-04-19 13:35:00,SRC,10.385,10.385,10.385,10.385,14195.0
2017-04-19 13:40:00,SRC,10.385,10.385,10.385,10.385,13653.0
2017-04-19 13:45:00,SRC,10.385,10.385,10.385,10.385,8306.0
2017-04-19 13:50:00,SRC,10.385,10.385,10.375,10.375,55682.0
2017-04-19 13:55:00,SRC,10.375,10.375,10.375,10.375,12738.0
2017-04-19 14:00:00,SRC,10.375,10.375,10.375,10.375,7786.0
2017-04-19 14:05:00,SRC,10.375,10.385,10.375,10.385,49344.0
2017-04-19 14:10:00,SRC,10.385,10.385,10.385,10.385,10603.0
2017-04-19 14:15:00,SRC,10.385,10.385,10.385,10.385,84185.0
2017-04-19 14:20:00,SRC,10.385,10.385,10.385,10.385,9522.0
2017-04-19 14:25:00,SRC,10.385,10.385,10.385,10.385,19404.0
2017-04-19 14:30:00,SRC,10.385,10.385,10.385,10.385,50021.0
2017-04-19 14:35:00,SRC,10.385,10.385,10.385,10.385,65293.0
2017-04-19 14:40:00,SRC,10.385,10.385,10.385,10.385,8931.0
2017-04-19 14:45:00,SRC,10.385,10.385,10.385,10.385,120633.0
2017-04-19 14:50:00,SRC,10.385,10.385,10.375,10.375,58596.0
2017-04-19 14:55:00,SRC,10.375,10.375,10.375,10.375,15832.0
2017-04-19 15:00:00,SRC,10.375,10.375,10.375,10.375,8475.0
2017-04-19 15:05:00,SRC,10.375,10.375,10.375,10.375,23210.0
2017-04-19 15:10:00,SRC,10.375,10.385,10.375,10.385,104581.0
2017-04-19 15:15:00,SRC,10.385,10.385,10.375,10.375,139991.0
2017-04-19 15:20:00,SRC,10.375,10.385,10.375,10.385,58288.0
2017-04-19 15:25:00,SRC,10.385,10.385,10.385,10.385,26670.0
2017-04-19 15:30:00,SRC,10.385,10.385,10.385,10.385,46779.0
2017-04-19 15:35:00,SRC,10.385,10.385,10.375,10.375,86795.0
2017-04-19 15:40:00,SRC,10.375,10.375,10.375,10.375,75056.0
2017-04-19 15:45:00,SRC,10.375,10.375,10.375,10.375,121117.0
2017-04-19 15:50:00,SRC,10.375,10.375,10.355,10.355,288967.0
2017-04-19 15:55:00,SRC,10.355,10.355,10.355,10.355,282796.0
2017-04-19 16:00:00,SRC,10.355,10.385,10.355,10.385,493583.0
2017-04-19 16:05:00,SRC,10.385,10.385,10.385,10.385,172988.0
2017-04-19 16:10:00,SRC,10.385,10.385,10.38,10.385,0.0
2017-04-19 16:15:00,SRC,10.385,10.385,10.375,10.375,0.0
2017-04-19 16:20:00,SRC,10.375,10.38,10.375,10.38,0.0
2017-04-19 16:25:00,SRC,10.38,10.38,10.38,10.38,0.0
2017-04-19 16:30:00,SRC,10.38,10.38,10.38,10.38,17196.0
2017-04-19 16:35:00,SRC,10.38,10.38,10.38,10.38,0.0
2017-04-19 16:40:00,SRC,10.38,10.38,10.38,10.38,0.0
2017-04-19 16:45:00,SRC,10.38,10.38,10.38,10.38,0.0
2017-04-19 16:50:00,SRC,10.38,10.38,10.38,10.38,0.0
2017-04-19 16:55:00,SRC,10.38,10.38,10.38,10.38,0.0
2017-04-19 17:00:00,SRC,10.38,10.38,10.38,10.38,0.0
2017-04-19 17:05:00,SRC,10.38,10.38,10.38,10.38,0.0
2017-04-19 17:10:00,SRC,10.38,10.38,10.38,10.38,0.0
2017-04-19 17:15:00,SRC,10.38,10.38,10.38,10.38,0.0
2017-04-19 17:20:00,SRC,10.38,10.38,10.38,10.38,0.0
2017-04-19 17:25:00,SRC,10.38,10.38,10.38,10.38,0.0
2017-04-19 17:30:00,SRC,10.38,10.38,9.24,9.425,0.0
2017-04-19 17:35:00,SRC,9.425,9.425,9.425,9.425,0.0
2017-04-19 17:40:00,SRC,9.425,9.425,9.425,9.425,0.0
2017-04-19 17:45:00,SRC,9.425,9.425,9.425,9.425,0.0
2017-04-19 17:50:00,SRC,9.425,9.425,9.425,9.425,0.0
2017-04-19 17:55:00,SRC,9.425,9.425,9.425,9.425,0.0
2017-04-19 18:00:00,SRC,9.425,9.425,9.425,9.425,0.0
2017-04-19 18:05:00,SRC,9.425,9.425,9.425,9.425,0.0
2017-04-19 18:10:00,SRC,9.425,9.425,9.425,9.425,0.0
2017-04-19 18:15:00,SRC,9.425,9.425,9.425,9.425,0.0
2017-04-19 18:20:00,SRC,9.425,9.425,9.425,9.425,0.0
2017-04-19 18:25:00,SRC,9.425,9.425,9.425,9.425,0.0
2017-04-19 18:30:00,SRC,9.425,9.425,9.425,9.425,0.0
2017-04-19 18:35:00,SRC,9.425,9.425,9.425,9.425,0.0
2017-04-19 18:40:00,SRC,9.425,9.425,9.425,9.425,0.0
2017-04-19 18:45:00,SRC,9.425,9.425,9.425,9.425,0.0
2017-04-19 18:50:00,SRC,9.425,9.425,9.425,9.425,0.0
2017-04-19 18:55:00,SRC,9.425,9.425,9.425,9.425,0.0
2017-04-19 19:00:00,SRC,9.425,9.425,9.425,9.425,0.0
2017-04-19 19:05:00,SRC,9.425,9.425,9.425,9.425,0.0
2017-04-19 19:10:00,SRC,9.425,9.425,9.425,9.425,0.0
2017-04-19 19:15:00,SRC,9.425,9.425,9.425,9.425,0.0
2017-04-19 19:20:00,SRC,9.425,9.425,9.425,9.425,0.0
2017-04-19 19:25:00,SRC,9.425,9.425,9.425,9.425,0.0
2017-04-19 19:30:00,SRC,9.425,9.425,9.425,9.425,0.0
2017-04-19 19:35:00,SRC,9.425,9.425,9.425,9.425,0.0
2017-04-19 19:40:00,SRC,9.425,9.425,9.425,9.425,0.0
2017-04-19 19:45:00,SRC,9.425,9.425,9.425,9.425,0.0
2017-04-19 19:50:00,SRC,9.425,9.425,9.425,9.425,0.0
2017-04-19 19:55:00,SRC,9.425,9.425,9.425,9.425,0.0
2017-04-19 20:00:00,SRC,9.425,9.425,9.425,9.425,0.0
2017-04-19 20:05:00,SRC,9.425,9.425,9.425,9.425,0.0
2017-04-19 20:10:00,SRC,9.425,9.425,9.425,9.425,0.0
2017-04-19 20:15:00,SRC,9.425,9.425,9.425,9.425,0.0
2017-04-19 20:20:00,SRC,9.425,9.425,9.425,9.425,0.0
2017-04-19 20:25:00,SRC,9.425,9.425,9.425,9.425,0.0
2017-04-19 20:30:00,SRC,9.425,9.425,9.425,9.425,0.0
2017-04-19 20:35:00,SRC,9.425,9.425,9.425,9.425,0.0
2017-04-19 20:40:00,SRC,9.425,9.425,9.425,9.425,0.0
2017-04-19 20:45:00,SRC,9.425,9.425,9.425,9.425,0.0
2017-04-19 20:50:00,SRC,9.425,9.425,9.425,9.425,0.0
2017-04-19 20:55:00,SRC,9.425,9.425,9.425,9.425,0.0
2017-04-20 08:00:00,SRC,5.395,5.395,5.395,5.395,0.0
2017-04-20 08:05:00,SRC,5.395,9.425,5.395,9.425,1.0
2017-04-20 08:10:00,SRC,9.425,9.425,9.425,9.425,0.0
2017-04-20 08:15:00,SRC,9.425,9.425,9.425,9.425,0.0
2017-04-20 08:20:00,SRC,9.425,9.425,9.425,9.425,0.0
2017-04-20 08:25:00,SRC,9.425,9.425,9.425,9.425,0.0
2017-04-20 08:30:00,SRC,9.425,9.425,9.425,9.425,0.0
2017-04-20 08:35:00,SRC,9.425,9.425,9.425,9.425,0.0
2017-04-20 08:40:00,SRC,9.425,9.425,9.425,9.425,0.0
2017-04-20 08:45:00,SRC,9.425,9.425,9.425,9.425,0.0
2017-04-20 08:50:00,SRC,9.425,9.425,9.425,9.425,0.0
2017-04-20 08:55:00,SRC,9.425,9.425,9.425,9.425,0.0
2017-04-20 09:00:00,SRC,9.425,9.425,9.425,9.425,0.0
2017-04-20 09:05:00,SRC,9.425,9.425,9.425,9.425,0.0
2017-04-20 09:10:00,SRC,9.425,9.425,9.425,9.425,0.0
2017-04-20 09:15:00,SRC,9.425,9.425,9.425,9.425,0.0
2017-04-20 09:20:00,SRC,9.425,9.425,9.425,9.425,0.0
2017-04-20 09:25:00,SRC,9.425,10.435,9.355,10.375,0.0
2017-04-20 09:30:00,SRC,10.375,10.415,10.36,10.41,0.0
2017-04-20 09:35:00,SRC,10.41,10.42,10.345,10.355,127263.0
2017-04-20 09:40:00,SRC,10.355,10.355,10.335,10.335,148554.0
2017-04-20 09:45:00,SRC,10.335,10.345,10.335,10.345,133189.0
2017-04-20 09:50:00,SRC,10.345,10.365,10.345,10.365,114497.0
2017-04-20 09:55:00,SRC,10.365,10.375,10.345,10.345,91614.0
2017-04-20 10:00:00,SRC,10.345,10.345,10.335,10.345,114671.0
2017-04-20 10:05:00,SRC,10.345,10.355,10.345,10.345,154791.0
2017-04-20 10:10:00,SRC,10.345,10.375,10.345,10.375,60774.0
2017-04-20 10:15:00,SRC,10.375,10.385,10.375,10.375,81664.0
2017-04-20 10:20:00,SRC,10.375,10.375,10.375,10.375,25221.0
2017-04-20 10:25:00,SRC,10.375,10.395,10.375,10.395,58267.0
2017-04-20 10:30:00,SRC,10.395,10.405,10.395,10.405,29893.0
2017-04-20 10:35:00,SRC,10.405,10.415,10.385,10.385,158465.0
2017-04-20 10:40:00,SRC,10.385,10.395,10.375,10.375,58651.0
2017-04-20 10:45:00,SRC,10.375,10.375,10.375,10.375,38631.0
2017-04-20 10:50:00,SRC,10.375,10.375,10.375,10.375,31060.0
2017-04-20 10:55:00,SRC,10.375,10.375,10.375,10.375,40399.0
2017-04-20 11:00:00,SRC,10.375,10.375,10.375,10.375,79684.0
2017-04-20 11:05:00,SRC,10.375,10.375,10.365,10.365,196494.0
2017-04-20 11:10:00,SRC,10.365,10.375,10.36,10.365,465803.0
2017-04-20 11:15:00,SRC,10.365,10.365,10.365,10.365,11738.0
2017-04-20 11:20:00,SRC,10.365,10.365,10.365,10.365,30594.0
2017-04-20 11:25:00,SRC,10.365,10.365,10.365,10.365,19745.0
2017-04-20 11:30:00,SRC,10.365,10.365,10.355,10.355,234684.0
2017-04-20 11:35:00,SRC,10.355,10.355,10.345,10.355,223647.0
2017-04-20 11:40:00,SRC,10.355,10.365,10.355,10.365,73386.0
2017-04-20 11:45:00,SRC,10.365,10.365,10.355,10.355,109377.0
2017-04-20 11:50:00,SRC,10.355,10.385,10.355,10.385,202899.0
2017-04-20 11:55:00,SRC,10.385,10.395,10.385,10.395,80326.0
2017-04-20 12:00:00,SRC,10.395,10.405,10.395,10.405,21521.0
2017-04-20 12:05:00,SRC,10.405,10.405,10.395,10.395,141680.0
2017-04-20 12:10:00,SRC,10.395,10.395,10.395,10.395,32304.0
2017-04-20 12:15:00,SRC,10.395,10.395,10.395,10.395,14662.0
2017-04-20 12:20:00,SRC,10.395,10.395,10.385,10.385,92575.0
2017-04-20 12:25:00,SRC,10.385,10.385,10.385,10.385,30811.0
2017-04-20 12:30:00,SRC,10.385,10.385,10.385,10.385,16063.0
2017-04-20 12:35:00,SRC,10.385,10.385,10.385,10.385,20417.0
2017-04-20 12:40:00,SRC,10.385,10.385,10.385,10.385,27812.0
2017-04-20 12:45:00,SRC,10.385,10.385,10.375,10.375,255136.0
2017-04-20 12:50:00,SRC,10.375,10.375,10.375,10.375,197209.0
2017-04-20 12:55:00,SRC,10.375,10.375,10.375,10.375,23072.0
2017-04-20 13:00:00,SRC,10.375,10.375,10.375,10.375,37955.0
2017-04-20 13:05:00,SRC,10.375,10.375,10.375,10.375,30261.0
2017-04-20 13:10:00,SRC,10.375,10.375,10.365,10.375,116529.0
2017-04-20 13:15:00,SRC,10.375,10.375,10.375,10.375,43238.0
2017-04-20 13:20:00,SRC,10.375,10.375,10.375,10.375,22307.0
2017-04-20 13:25:00,SRC,10.375,10.375,10.375,10.375,30041.0
2017-04-20 13:30:00,SRC,10.375,10.375,10.375,10.375,73892.0
2017-04-20 13:35:00,SRC,10.375,10.385,10.375,10.385,52296.0
2017-04-20 13:40:00,SRC,10.385,10.385,10.375,10.375,118653.0
2017-04-20 13:45:00,SRC,10.375,10.375,10.375,10.375,179152.0
2017-04-20 13:50:00,SRC,10.375,10.375,10.365,10.365,123166.0
2017-04-20 13:55:00,SRC,10.365,10.365,10.365,10.365,21038.0
2017-04-20 14:00:00,SRC,10.365,10.365,10.365,10.365,47354.0
2017-04-20 14:05:00,SRC,10.365,10.365,10.365,10.365,59930.0
2017-04-20 14:10:00,SRC,10.365,10.365,10.36,10.365,191166.0
2017-04-20 14:15:00,SRC,10.365,10.365,10.365,10.365,29004.0
2017-04-20 14:20:00,SRC,10.365,10.365,10.365,10.365,30139.0
2017-04-20 14:25:00,SRC,10.365,10.365,10.365,10.365,16407.0
2017-04-20 14:30:00,SRC,10.365,10.365,10.365,10.365,27672.0
2017-04-20 14:35:00,SRC,10.365,10.365,10.365,10.365,32283.0
2017-04-20 14:40:00,SRC,10.365,10.365,10.365,10.365,35455.0
2017-04-20 14:45:00,SRC,10.365,10.365,10.365,10.365,24100.0
2017-04-20 14:50:00,SRC,10.365,10.365,10.365,10.365,216416.0
2017-04-20 14:55:00,SRC,10.365,10.365,10.365,10.365,111541.0
2017-04-20 15:00:00,SRC,10.365,10.365,10.355,10.355,181085.0
2017-04-20 15:05:00,SRC,10.355,10.365,10.355,10.365,41897.0
2017-04-20 15:10:00,SRC,10.365,10.365,10.365,10.365,28067.0
2017-04-20 15:15:00,SRC,10.365,10.375,10.365,10.365,161034.0
2017-04-20 15:20:00,SRC,10.365,10.365,10.365,10.365,18497.0
2017-04-20 15:25:00,SRC,10.365,10.365,10.365,10.365,20077.0
2017-04-20 15:30:00,SRC,10.365,10.365,10.365,10.365,29857.0
2017-04-20 15:35:00,SRC,10.365,10.385,10.365,10.38,377383.0
2017-04-20 15:40:00,SRC,10.38,10.395,10.38,10.395,115929.0
2017-04-20 15:45:00,SRC,10.395,10.395,10.395,10.395,151424.0
2017-04-20 15:50:00,SRC,10.395,10.395,10.395,10.395,66275.0
2017-04-20 15:55:00,SRC,10.395,10.425,10.395,10.425,305052.0
2017-04-20 16:00:00,SRC,10.425,10.445,10.425,10.445,570681.0
2017-04-20 16:05:00,SRC,10.445,10.445,10.445,10.445,129218.0
2017-04-20 16:10:00,SRC,10.445,10.445,10.44,10.44,0.0
2017-04-20 16:15:00,SRC,10.44,10.44,10.435,10.435,0.0
2017-04-20 16:20:00,SRC,10.435,10.435,9.26,9.26,64891.0
2017-04-20 16:25:00,SRC,9.26,9.26,9.26,9.26,0.0
2017-04-20 16:30:00,SRC,9.26,9.26,9.26,9.26,0.0
2017-04-20 16:35:00,SRC,9.26,9.26,9.26,9.26,0.0
2017-04-20 16:40:00,SRC,9.26,9.26,9.26,9.26,1723.0
2017-04-20 16:45:00,SRC,9.26,9.26,9.26,9.26,0.0
2017-04-20 16:50:00,SRC,9.26,9.26,9.26,9.26,0.0
2017-04-20 16:55:00,SRC,9.26,9.26,9.26,9.26,0.0
2017-04-20 17:00:00,SRC,9.26,9.26,9.26,9.26,0.0
2017-04-20 17:05:00,SRC,9.26,9.26,9.26,9.26,0.0
2017-04-20 17:10:00,SRC,9.26,9.26,9.26,9.26,0.0
2017-04-20 17:15:00,SRC,9.26,9.26,9.26,9.26,0.0
2017-04-20 17:20:00,SRC,9.26,9.26,9.26,9.26,0.0
2017-04-20 17:25:00,SRC,9.26,9.26,9.26,9.26,0.0
2017-04-20 17:30:00,SRC,9.26,9.26,9.26,9.26,0.0
2017-04-20 17:35:00,SRC,9.26,9.26,9.26,9.26,0.0
2017-04-20 17:40:00,SRC,9.26,9.26,9.26,9.26,0.0
2017-04-20 17:45:00,SRC,9.26,9.26,9.26,9.26,0.0
2017-04-20 17:50:00,SRC,9.26,9.26,9.26,9.26,0.0
2017-04-20 17:55:00,SRC,9.26,9.26,9.26,9.26,0.0
2017-04-20 18:00:00,SRC,9.26,9.26,9.26,9.26,0.0
2017-04-20 18:05:00,SRC,9.26,9.26,9.26,9.26,0.0
2017-04-20 18:10:00,SRC,9.26,9.26,9.26,9.26,0.0
2017-04-20 18:15:00,SRC,9.26,9.26,9.26,9.26,0.0
2017-04-20 18:20:00,SRC,9.26,9.26,9.26,9.26,0.0
2017-04-20 18:25:00,SRC,9.26,9.26,9.26,9.26,0.0
2017-04-20 18:30:00,SRC,9.26,9.26,9.26,9.26,0.0
2017-04-20 18:35:00,SRC,9.26,9.26,9.26,9.26,0.0
2017-04-20 18:40:00,SRC,9.26,9.26,9.26,9.26,0.0
2017-04-20 18:45:00,SRC,9.26,9.26,9.26,9.26,0.0
2017-04-20 18:50:00,SRC,9.26,9.26,9.26,9.26,0.0
2017-04-20 18:55:00,SRC,9.26,9.26,9.26,9.26,0.0
2017-04-20 19:00:00,SRC,9.26,9.26,9.26,9.26,0.0
2017-04-20 19:05:00,SRC,9.26,9.26,9.26,9.26,0.0
2017-04-20 19:10:00,SRC,9.26,9.26,9.26,9.26,0.0
2017-04-20 19:15:00,SRC,9.26,9.26,9.26,9.26,0.0
2017-04-20 19:20:00,SRC,9.26,9.26,9.26,9.26,0.0
2017-04-20 19:25:00,SRC,9.26,9.26,9.26,9.26,0.0
2017-04-20 19:30:00,SRC,9.26,9.26,9.26,9.26,0.0
2017-04-20 19:35:00,SRC,9.26,9.26,9.26,9.26,0.0
2017-04-20 19:40:00,SRC,9.26,9.26,9.26,9.26,0.0
2017-04-20 19:45:00,SRC,9.26,9.26,9.26,9.26,0.0
2017-04-20 19:50:00,SRC,9.26,9.26,9.26,9.26,0.0
2017-04-20 19:55:00,SRC,9.26,9.26,9.26,9.26,0.0
2017-04-20 20:00:00,SRC,9.26,9.26,9.26,9.26,0.0
2017-04-20 20:05:00,SRC,9.26,9.26,9.26,9.26,0.0
2017-04-20 20:10:00,SRC,9.26,9.26,9.26,9.26,0.0
2017-04-20 20:15:00,SRC,9.26,9.26,9.26,9.26,0.0
2017-04-20 20:20:00,SRC,9.26,9.26,9.26,9.26,0.0
2017-04-20 20:25:00,SRC,9.26,9.26,9.26,9.26,0.0
2017-04-20 20:30:00,SRC,9.26,9.26,9.26,9.26,0.0
2017-04-20 20:35:00,SRC,9.26,9.26,9.26,9.26,0.0
2017-04-20 20:40:00,SRC,9.26,9.26,9.26,9.26,0.0
2017-04-20 20:45:00,SRC,9.26,9.26,9.26,9.26,0.0
2017-04-20 20:50:00,SRC,9.26,9.26,9.26,9.26,0.0
2017-04-20 20:55:00,SRC,9.26,9.26,9.26,9.26,0.0
2017-04-21 08:00:00,SRC,5.395,5.395,5.395,5.395,0.0
2017-04-21 08:05:00,SRC,5.395,9.425,5.395,9.425,0.0
2017-04-21 08:10:00,SRC,9.425,9.425,9.425,9.425,0.0
2017-04-21 08:15:00,SRC,9.425,9.425,9.425,9.425,0.0
2017-04-21 08:20:00,SRC,9.425,9.425,9.425,9.425,1.0
2017-04-21 08:25:00,SRC,9.425,9.425,9.425,9.425,0.0
2017-04-21 08:30:00,SRC,9.425,9.425,9.425,9.425,0.0
2017-04-21 08:35:00,SRC,9.425,9.425,9.425,9.425,0.0
2017-04-21 08:40:00,SRC,9.425,9.425,9.425,9.425,0.0
2017-04-21 08:45:00,SRC,9.425,9.425,9.425,9.425,0.0
2017-04-21 08:50:00,SRC,9.425,9.425,9.425,9.425,0.0
2017-04-21 08:55:00,SRC,9.425,9.425,9.425,9.425,0.0
2017-04-21 09:00:00,SRC,9.425,9.425,9.425,9.425,0.0
2017-04-21 09:05:00,SRC,9.425,9.425,9.425,9.425,0.0
2017-04-21 09:10:00,SRC,9.425,9.425,9.425,9.425,0.0
2017-04-21 09:15:00,SRC,9.425,9.425,9.425,9.425,0.0
2017-04-21 09:20:00,SRC,9.425,9.425,9.425,9.425,0.0
2017-04-21 09:25:00,SRC,9.425,10.345,9.425,10.265,0.0
2017-04-21 09:30:00,SRC,10.265,10.485,10.265,10.445,0.0
2017-04-21 09:35:00,SRC,10.445,10.46,10.415,10.415,122128.0
2017-04-21 09:40:00,SRC,10.415,10.415,10.405,10.405,56758.0
2017-04-21 09:45:00,SRC,10.405,10.405,10.395,10.395,30278.0
2017-04-21 09:50:00,SRC,10.395,10.405,10.385,10.405,2500.0
2017-04-21 09:55:00,SRC,10.405,10.415,10.395,10.395,21671.0
2017-04-21 10:00:00,SRC,10.395,10.395,10.385,10.385,2965.0
2017-04-21 10:05:00,SRC,10.385,10.385,10.375,10.375,7047.0
2017-04-21 10:10:00,SRC,10.375,10.375,10.375,10.375,8243.0
2017-04-21 10:20:00,SRC,10.375,10.385,10.375,10.375,397936.0
2017-04-21 10:25:00,SRC,10.375,10.415,10.375,10.405,496799.0
2017-04-21 10:30:00,SRC,10.405,10.415,10.405,10.415,81905.0
2017-04-21 10:35:00,SRC,10.415,10.415,10.395,10.395,28115.0
2017-04-21 10:40:00,SRC,10.395,10.405,10.395,10.405,24793.0
2017-04-21 10:45:00,SRC,10.405,10.405,10.385,10.395,195837.0
2017-04-21 10:50:00,SRC,10.395,10.405,10.395,10.395,71078.0
2017-04-21 10:55:00,SRC,10.395,10.405,10.395,10.395,223123.0
2017-04-21 11:00:00,SRC,10.395,10.425,10.395,10.415,337803.0
2017-04-21 11:05:00,SRC,10.415,10.435,10.405,10.415,301505.0
2017-04-21 11:10:00,SRC,10.415,10.425,10.415,10.425,44248.0
2017-04-21 11:15:00,SRC,10.425,10.425,10.405,10.425,189926.0
2017-04-21 11:20:00,SRC,10.425,10.425,10.405,10.425,405810.0
2017-04-21 11:25:00,SRC,10.425,10.425,10.415,10.425,73364.0
2017-04-21 11:30:00,SRC,10.425,10.425,10.405,10.415,237507.0
2017-04-21 11:35:00,SRC,10.415,10.425,10.415,10.415,143839.0
2017-04-21 11:40:00,SRC,10.415,10.415,10.405,10.405,57820.0
2017-04-21 11:45:00,SRC,10.405,10.405,10.395,10.405,209536.0
2017-04-21 11:50:00,SRC,10.405,10.425,10.405,10.415,121321.0
2017-04-21 11:55:00,SRC,10.415,10.425,10.415,10.425,49655.0
2017-04-21 12:00:00,SRC,10.425,10.425,10.415,10.415,68323.0
2017-04-21 12:05:00,SRC,10.415,10.415,10.405,10.405,127059.0
2017-04-21 12:10:00,SRC,10.405,10.415,10.405,10.405,113906.0
2017-04-21 12:15:00,SRC,10.405,10.405,10.395,10.405,185990.0
2017-04-21 12:20:00,SRC,10.405,10.405,10.395,10.405,66501.0
2017-04-21 12:25:00,SRC,10.405,10.405,10.395,10.395,37439.0
2017-04-21 12:30:00,SRC,10.395,10.395,10.39,10.395,45216.0
2017-04-21 12:35:00,SRC,10.395,10.405,10.395,10.405,66685.0
2017-04-21 12:40:00,SRC,10.405,10.405,10.405,10.405,8537.0
2017-04-21 12:45:00,SRC,10.405,10.415,10.405,10.415,102471.0
2017-04-21 12:50:00,SRC,10.415,10.415,10.415,10.415,3640.0
2017-04-21 12:55:00,SRC,10.415,10.415,10.415,10.415,10724.0
2017-04-21 13:00:00,SRC,10.415,10.415,10.415,10.415,28067.0
2017-04-21 13:05:00,SRC,10.415,10.415,10.405,10.405,170540.0
2017-04-21 13:10:00,SRC,10.405,10.405,10.405,10.405,8418.0
2017-04-21 13:15:00,SRC,10.405,10.405,10.395,10.395,145949.0
2017-04-21 13:20:00,SRC,10.395,10.395,10.395,10.395,11341.0
2017-04-21 13:25:00,SRC,10.395,10.4,10.395,10.395,280637.0
2017-04-21 13:30:00,SRC,10.395,10.395,10.395,10.395,1994.0
2017-04-21 13:35:00,SRC,10.395,10.395,10.395,10.395,86110.0
2017-04-21 13:40:00,SRC,10.395,10.395,10.395,10.395,3175.0
2017-04-21 13:45:00,SRC,10.395,10.395,10.395,10.395,9344.0
2017-04-21 13:50:00,SRC,10.395,10.395,10.395,10.395,4527.0
2017-04-21 13:55:00,SRC,10.395,10.395,10.395,10.395,67670.0
2017-04-21 14:00:00,SRC,10.395,10.4,10.395,10.395,75234.0
2017-04-21 14:05:00,SRC,10.395,10.395,10.395,10.395,67442.0
2017-04-21 14:10:00,SRC,10.395,10.395,10.395,10.395,108336.0
2017-04-21 14:15:00,SRC,10.395,10.395,10.385,10.395,121974.0
2017-04-21 14:20:00,SRC,10.395,10.395,10.395,10.395,152929.0
2017-04-21 14:25:00,SRC,10.395,10.395,10.395,10.395,9050.0
2017-04-21 14:30:00,SRC,10.395,10.405,10.395,10.405,208075.0
2017-04-21 14:35:00,SRC,10.405,10.405,10.405,10.405,4035.0
2017-04-21 14:40:00,SRC,10.405,10.405,10.405,10.405,37588.0
2017-04-21 14:45:00,SRC,10.405,10.405,10.4,10.405,151723.0
2017-04-21 14:50:00,SRC,10.405,10.405,10.405,10.405,8434.0
2017-04-21 14:55:00,SRC,10.405,10.405,10.405,10.405,14791.0
2017-04-21 15:00:00,SRC,10.405,10.405,10.395,10.395,130486.0
2017-04-21 15:05:00,SRC,10.395,10.405,10.395,10.405,128549.0
2017-04-21 15:10:00,SRC,10.405,10.405,10.405,10.405,9271.0
2017-04-21 15:15:00,SRC,10.405,10.405,10.405,10.405,9499.0
2017-04-21 15:20:00,SRC,10.405,10.405,10.405,10.405,23555.0
2017-04-21 15:25:00,SRC,10.405,10.405,10.405,10.405,13153.0
2017-04-21 15:30:00,SRC,10.405,10.405,10.405,10.405,149296.0
2017-04-21 15:35:00,SRC,10.405,10.405,10.405,10.405,19177.0
2017-04-21 15:40:00,SRC,10.405,10.425,10.405,10.425,211307.0
2017-04-21 15:45:00,SRC,10.425,10.445,10.425,10.445,75470.0
2017-04-21 15:50:00,SRC,10.445,10.445,10.445,10.445,148664.0
2017-04-21 15:55:00,SRC,10.445,10.445,10.445,10.445,71273.0
2017-04-21 16:00:00,SRC,10.445,10.445,10.435,10.445,445820.0
2017-04-21 16:05:00,SRC,10.445,10.445,10.445,10.445,213583.0
2017-04-21 16:10:00,SRC,10.445,10.445,10.445,10.445,0.0
2017-04-21 16:15:00,SRC,10.445,10.445,10.445,10.445,0.0
2017-04-21 16:20:00,SRC,10.445,10.445,10.445,10.445,0.0
2017-04-21 16:25:00,SRC,10.445,10.445,10.445,10.445,0.0
2017-04-21 16:30:00,SRC,10.445,10.445,10.445,10.445,94653.0
2017-04-21 16:35:00,SRC,10.445,10.595,9.425,9.425,0.0
2017-04-21 16:40:00,SRC,9.425,9.425,9.425,9.425,0.0
2017-04-21 16:45:00,SRC,9.425,9.425,9.425,9.425,0.0
2017-04-21 16:50:00,SRC,9.425,9.425,9.425,9.425,0.0
2017-04-21 16:55:00,SRC,9.425,9.425,9.425,9.425,0.0
2017-04-21 17:00:00,SRC,9.425,9.425,9.425,9.425,0.0
2017-04-21 17:05:00,SRC,9.425,9.425,9.425,9.425,0.0
2017-04-21 17:10:00,SRC,9.425,9.425,9.425,9.425,0.0
2017-04-21 17:15:00,SRC,9.425,9.425,9.425,9.425,0.0
2017-04-21 17:20:00,SRC,9.425,9.425,9.425,9.425,0.0
2017-04-21 17:25:00,SRC,9.425,9.425,9.425,9.425,0.0
2017-04-21 17:30:00,SRC,9.425,9.425,9.425,9.425,0.0
2017-04-21 17:35:00,SRC,9.425,9.425,9.425,9.425,0.0
2017-04-21 17:40:00,SRC,9.425,9.425,9.425,9.425,0.0
2017-04-21 17:45:00,SRC,9.425,9.425,9.425,9.425,0.0
2017-04-21 17:50:00,SRC,9.425,9.425,9.425,9.425,0.0
2017-04-21 17:55:00,SRC,9.425,9.425,9.425,9.425,0.0
2017-04-21 18:00:00,SRC,9.425,9.425,9.425,9.425,0.0
2017-04-21 18:05:00,SRC,9.425,9.425,9.425,9.425,0.0
2017-04-21 18:10:00,SRC,9.425,9.425,9.425,9.425,0.0
2017-04-21 18:15:00,SRC,9.425,9.425,9.425,9.425,0.0
2017-04-21 18:20:00,SRC,9.425,9.425,9.425,9.425,0.0
2017-04-21 18:25:00,SRC,9.425,9.425,9.425,9.425,0.0
2017-04-21 18:30:00,SRC,9.425,9.425,9.425,9.425,0.0
2017-04-21 18:35:00,SRC,9.425,9.425,9.425,9.425,0.0
2017-04-21 18:40:00,SRC,9.425,9.425,9.425,9.425,0.0
2017-04-21 18:45:00,SRC,9.425,9.425,9.425,9.425,0.0
2017-04-21 18:50:00,SRC,9.425,9.425,9.425,9.425,0.0
2017-04-21 18:55:00,SRC,9.425,9.425,9.425,9.425,0.0
2017-04-21 19:00:00,SRC,9.425,9.425,9.425,9.425,0.0
2017-04-21 19:05:00,SRC,9.425,9.425,9.425,9.425,0.0
2017-04-21 19:10:00,SRC,9.425,9.425,9.425,9.425,0.0
2017-04-21 19:15:00,SRC,9.425,9.425,9.425,9.425,0.0
2017-04-21 19:20:00,SRC,9.425,9.425,9.425,9.425,0.0
2017-04-21 19:25:00,SRC,9.425,9.425,9.425,9.425,0.0
2017-04-21 19:30:00,SRC,9.425,9.425,9.425,9.425,0.0
2017-04-21 19:35:00,SRC,9.425,9.425,9.425,9.425,0.0
2017-04-21 19:40:00,SRC,9.425,9.425,9.425,9.425,0.0
2017-04-21 19:45:00,SRC,9.425,9.425,9.425,9.425,0.0
2017-04-21 19:50:00,SRC,9.425,9.425,9.425,9.425,0.0
2017-04-21 19:55:00,SRC,9.425,9.425,9.425,9.425,0.0
2017-04-21 20:00:00,SRC,9.425,9.425,9.425,9.425,0.0
2017-04-21 20:05:00,SRC,9.425,9.425,9.425,9.425,0.0
2017-04-21 20:10:00,SRC,9.425,9.425,9.425,9.425,0.0
2017-04-21 20:15:00,SRC,9.425,9.425,9.425,9.425,0.0
2017-04-21 20:20:00,SRC,9.425,9.425,9.425,9.425,0.0
2017-04-21 20:25:00,SRC,9.425,9.425,9.425,9.425,0.0
2017-04-21 20:30:00,SRC,9.425,9.425,9.425,9.425,0.0
2017-04-21 20:35:00,SRC,9.425,9.425,9.425,9.425,0.0
2017-04-21 20:40:00,SRC,9.425,9.425,9.425,9.425,0.0
2017-04-21 20:45:00,SRC,9.425,9.425,9.425,9.425,0.0
2017-04-21 20:50:00,SRC,9.425,9.425,9.425,9.425,0.0
2017-04-21 20:55:00,SRC,9.425,9.425,9.425,9.425,0.0
2017-04-22 08:00:00,SRC,9.425,9.425,9.425,9.425,0.0
2017-04-22 08:05:00,SRC,9.425,9.425,9.425,9.425,0.0
2017-04-22 08:10:00,SRC,9.425,9.425,9.425,9.425,0.0
2017-04-22 08:15:00,SRC,9.425,9.425,9.425,9.425,0.0
2017-04-22 08:20:00,SRC,9.425,9.425,9.425,9.425,0.0
2017-04-22 08:25:00,SRC,9.425,9.425,9.425,9.425,0.0
2017-04-22 08:30:00,SRC,9.425,9.425,9.425,9.425,0.0
2017-04-22 08:35:00,SRC,9.425,9.425,9.425,9.425,0.0
2017-04-22 08:40:00,SRC,9.425,9.425,9.425,9.425,0.0
2017-04-22 08:45:00,SRC,9.425,9.425,9.425,9.425,0.0
2017-04-22 08:50:00,SRC,9.425,9.425,9.425,9.425,0.0
2017-04-22 08:55:00,SRC,9.425,9.425,9.425,9.425,0.0
2017-04-22 09:00:00,SRC,9.425,9.425,9.425,9.425,0.0
2017-04-22 09:05:00,SRC,9.425,9.425,9.425,9.425,0.0
2017-04-22 09:10:00,SRC,9.425,9.425,9.425,9.425,0.0
2017-04-22 09:15:00,SRC,9.425,9.425,9.425,9.425,0.0
2017-04-22 09:20:00,SRC,9.425,9.425,9.425,9.425,0.0
2017-04-22 09:25:00,SRC,9.425,9.425,9.425,9.425,0.0
2017-04-22 09:30:00,SRC,9.425,9.425,9.425,9.425,0.0
2017-04-22 09:35:00,SRC,9.425,9.425,9.425,9.425,0.0
2017-04-22 09:40:00,SRC,9.425,9.425,9.425,9.425,0.0
2017-04-22 09:45:00,SRC,9.425,9.425,9.425,9.425,0.0
2017-04-22 09:50:00,SRC,9.425,9.425,9.425,9.425,0.0
2017-04-22 09:55:00,SRC,9.425,9.425,9.425,9.425,0.0
2017-04-22 10:00:00,SRC,9.425,9.425,9.425,9.425,0.0
2017-04-22 10:05:00,SRC,9.425,9.425,9.425,9.425,0.0
2017-04-22 10:10:00,SRC,9.425,9.425,9.425,9.425,0.0
2017-04-22 10:15:00,SRC,9.425,9.425,9.425,9.425,0.0
2017-04-22 10:20:00,SRC,9.425,9.425,9.425,9.425,0.0
2017-04-22 10:25:00,SRC,9.425,9.425,9.425,9.425,0.0
2017-04-22 10:30:00,SRC,9.425,9.425,9.425,9.425,0.0
2017-04-22 10:35:00,SRC,9.425,9.425,9.425,9.425,0.0
2017-04-22 10:40:00,SRC,9.425,9.425,9.425,9.425,0.0
2017-04-22 10:45:00,SRC,9.425,9.425,9.425,9.425,0.0
2017-04-22 10:50:00,SRC,9.425,9.425,9.425,9.425,0.0
2017-04-22 10:55:00,SRC,9.425,9.425,9.425,9.425,0.0
2017-04-22 11:00:00,SRC,9.425,9.425,9.425,9.425,0.0
2017-04-22 11:05:00,SRC,9.425,9.425,9.425,9.425,0.0
2017-04-22 11:10:00,SRC,9.425,9.425,9.425,9.425,0.0
2017-04-22 11:15:00,SRC,9.425,9.425,9.425,9.425,0.0
2017-04-22 11:20:00,SRC,9.425,9.425,9.425,9.425,0.0
2017-04-22 11:25:00,SRC,9.425,9.425,9.425,9.425,0.0
2017-04-22 11:30:00,SRC,9.425,9.425,9.425,9.425,0.0
2017-04-22 11:35:00,SRC,9.425,9.425,9.425,9.425,0.0
2017-04-22 11:40:00,SRC,9.425,9.425,9.425,9.425,0.0
2017-04-22 11:45:00,SRC,9.425,9.425,9.425,9.425,0.0
2017-04-22 11:50:00,SRC,9.425,9.425,9.425,9.425,0.0
2017-04-22 11:55:00,SRC,9.425,9.425,9.425,9.425,0.0
2017-04-22 12:00:00,SRC,9.425,9.425,9.425,9.425,0.0
2017-04-22 12:05:00,SRC,9.425,9.425,9.425,9.425,0.0
2017-04-22 12:10:00,SRC,9.425,9.425,9.425,9.425,0.0
2017-04-22 12:15:00,SRC,9.425,9.425,9.425,9.425,0.0
2017-04-22 12:20:00,SRC,9.425,9.425,9.425,9.425,0.0
2017-04-22 12:25:00,SRC,9.425,9.425,9.425,9.425,0.0
2017-04-22 12:30:00,SRC,9.425,9.425,9.425,9.425,0.0
2017-04-22 12:35:00,SRC,9.425,9.425,9.425,9.425,0.0
2017-04-22 12:40:00,SRC,9.425,9.425,9.425,9.425,0.0
2017-04-22 12:45:00,SRC,9.425,9.425,9.425,9.425,0.0
2017-04-22 12:50:00,SRC,9.425,9.425,9.425,9.425,0.0
2017-04-22 12:55:00,SRC,9.425,9.425,9.425,9.425,0.0
2017-04-22 13:00:00,SRC,9.425,9.425,9.425,9.425,0.0
2017-04-22 13:05:00,SRC,9.425,9.425,9.425,9.425,0.0
2017-04-22 13:10:00,SRC,9.425,9.425,9.425,9.425,0.0
2017-04-22 13:15:00,SRC,9.425,9.425,9.425,9.425,0.0
2017-04-22 13:20:00,SRC,9.425,9.425,9.425,9.425,0.0
2017-04-22 13:25:00,SRC,9.425,9.425,9.425,9.425,0.0
2017-04-22 13:30:00,SRC,9.425,9.425,9.425,9.425,0.0
2017-04-22 13:35:00,SRC,9.425,9.425,9.425,9.425,0.0
2017-04-22 13:40:00,SRC,9.425,9.425,9.425,9.425,0.0
2017-04-22 13:45:00,SRC,9.425,9.425,9.425,9.425,0.0
2017-04-22 13:50:00,SRC,9.425,9.425,9.425,9.425,0.0
2017-04-22 13:55:00,SRC,9.425,9.425,9.425,9.425,0.0
2017-04-22 14:00:00,SRC,9.425,9.425,9.425,9.425,0.0
2017-04-22 14:05:00,SRC,9.425,9.425,9.425,9.425,0.0
2017-04-22 14:10:00,SRC,9.425,9.425,9.425,9.425,0.0
2017-04-22 14:15:00,SRC,9.425,9.425,9.425,9.425,0.0
2017-04-22 14:20:00,SRC,9.425,9.425,9.425,9.425,0.0
2017-04-22 14:25:00,SRC,9.425,9.425,9.425,9.425,0.0
2017-04-22 14:30:00,SRC,9.425,9.425,9.425,9.425,0.0
2017-04-22 14:35:00,SRC,9.425,9.425,9.425,9.425,0.0
2017-04-22 14:40:00,SRC,9.425,9.425,9.425,9.425,0.0
2017-04-22 14:45:00,SRC,9.425,9.425,9.425,9.425,0.0
2017-04-22 14:50:00,SRC,9.425,9.425,9.425,9.425,0.0
2017-04-22 14:55:00,SRC,9.425,9.425,9.425,9.425,0.0
2017-04-22 15:00:00,SRC,9.425,9.425,9.425,9.425,0.0
2017-04-22 15:05:00,SRC,9.425,9.425,9.425,9.425,0.0
2017-04-22 15:10:00,SRC,9.425,9.425,9.425,9.425,0.0
2017-04-22 15:15:00,SRC,9.425,9.425,9.425,9.425,0.0
2017-04-22 15:20:00,SRC,9.425,9.425,9.425,9.425,0.0
2017-04-22 15:25:00,SRC,9.425,9.425,9.425,9.425,0.0
2017-04-22 15:30:00,SRC,9.425,9.425,9.425,9.425,0.0
2017-04-22 15:35:00,SRC,9.425,9.425,9.425,9.425,0.0
2017-04-22 15:40:00,SRC,9.425,9.425,9.425,9.425,0.0
2017-04-22 15:45:00,SRC,9.425,9.425,9.425,9.425,0.0
2017-04-22 15:50:00,SRC,9.425,9.425,9.425,9.425,0.0
2017-04-22 15:55:00,SRC,9.425,9.425,9.425,9.425,0.0
2017-04-22 16:00:00,SRC,9.425,9.425,9.425,9.425,0.0
2017-04-22 16:05:00,SRC,9.425,9.425,9.425,9.425,0.0
2017-04-22 16:10:00,SRC,9.425,9.425,9.425,9.425,0.0
2017-04-22 16:15:00,SRC,9.425,9.425,9.425,9.425,0.0
2017-04-22 16:20:00,SRC,9.425,9.425,9.425,9.425,0.0
2017-04-22 16:25:00,SRC,9.425,9.425,9.425,9.425,0.0
2017-04-22 16:30:00,SRC,9.425,9.425,9.425,9.425,0.0
2017-04-22 16:35:00,SRC,9.425,9.425,9.425,9.425,0.0
2017-04-22 16:40:00,SRC,9.425,9.425,9.425,9.425,0.0
2017-04-22 16:45:00,SRC,9.425,9.425,9.425,9.425,0.0
2017-04-22 16:50:00,SRC,9.425,9.425,9.425,9.425,0.0
2017-04-22 16:55:00,SRC,9.425,9.425,9.425,9.425,0.0
2017-04-22 17:00:00,SRC,9.425,9.425,9.425,9.425,0.0
2017-04-22 17:05:00,SRC,9.425,9.425,9.425,9.425,0.0
2017-04-22 17:10:00,SRC,9.425,9.425,9.425,9.425,0.0
2017-04-22 17:15:00,SRC,9.425,9.425,9.425,9.425,0.0
2017-04-22 17:20:00,SRC,9.425,9.425,9.425,9.425,0.0
2017-04-22 17:25:00,SRC,9.425,9.425,9.425,9.425,0.0
2017-04-22 17:30:00,SRC,9.425,9.425,9.425,9.425,0.0
2017-04-22 17:35:00,SRC,9.425,9.425,9.425,9.425,0.0
2017-04-22 17:40:00,SRC,9.425,9.425,9.425,9.425,0.0
2017-04-22 17:45:00,SRC,9.425,9.425,9.425,9.425,0.0
2017-04-22 17:50:00,SRC,9.425,9.425,9.425,9.425,0.0
2017-04-22 17:55:00,SRC,9.425,9.425,9.425,9.425,0.0
2017-04-22 18:00:00,SRC,9.425,9.425,9.425,9.425,0.0
2017-04-22 18:05:00,SRC,9.425,9.425,9.425,9.425,0.0
2017-04-22 18:10:00,SRC,9.425,9.425,9.425,9.425,0.0
2017-04-22 18:15:00,SRC,9.425,9.425,9.425,9.425,0.0
2017-04-22 18:20:00,SRC,9.425,9.425,9.425,9.425,0.0
2017-04-22 18:25:00,SRC,9.425,9.425,9.425,9.425,0.0
2017-04-22 18:30:00,SRC,9.425,9.425,9.425,9.425,0.0
2017-04-22 18:35:00,SRC,9.425,9.425,9.425,9.425,0.0
2017-04-22 18:40:00,SRC,9.425,9.425,9.425,9.425,0.0
2017-04-22 18:45:00,SRC,9.425,9.425,9.425,9.425,0.0
2017-04-22 18:50:00,SRC,9.425,9.425,9.425,9.425,0.0
2017-04-22 18:55:00,SRC,9.425,9.425,9.425,9.425,0.0
2017-04-22 19:00:00,SRC,9.425,9.425,9.425,9.425,0.0
2017-04-22 19:05:00,SRC,9.425,9.425,9.425,9.425,0.0
2017-04-22 19:10:00,SRC,9.425,9.425,9.425,9.425,0.0
2017-04-22 19:15:00,SRC,9.425,9.425,9.425,9.425,0.0
2017-04-22 19:20:00,SRC,9.425,9.425,9.425,9.425,0.0
2017-04-22 19:25:00,SRC,9.425,9.425,9.425,9.425,0.0
2017-04-22 19:30:00,SRC,9.425,9.425,9.425,9.425,0.0
2017-04-22 19:35:00,SRC,9.425,9.425,9.425,9.425,0.0
2017-04-22 19:40:00,SRC,9.425,9.425,9.425,9.425,0.0
2017-04-22 19:45:00,SRC,9.425,9.425,9.425,9.425,0.0
2017-04-22 19:50:00,SRC,9.425,9.425,9.425,9.425,0.0
2017-04-22 19:55:00,SRC,9.425,9.425,9.425,9.425,0.0
2017-04-22 20:00:00,SRC,9.425,9.425,9.425,9.425,0.0
2017-04-22 20:05:00,SRC,9.425,9.425,9.425,9.425,0.0
2017-04-22 20:10:00,SRC,9.425,9.425,9.425,9.425,0.0
2017-04-22 20:15:00,SRC,9.425,9.425,9.425,9.425,0.0
2017-04-22 20:20:00,SRC,9.425,9.425,9.425,9.425,0.0
2017-04-22 20:25:00,SRC,9.425,9.425,9.425,9.425,0.0
2017-04-22 20:30:00,SRC,9.425,9.425,9.425,9.425,0.0
2017-04-22 20:35:00,SRC,9.425,9.425,9.425,9.425,0.0
2017-04-22 20:40:00,SRC,9.425,9.425,9.425,9.425,0.0
2017-04-22 20:45:00,SRC,9.425,9.425,9.425,9.425,0.0
2017-04-22 20:50:00,SRC,9.425,9.425,9.425,9.425,0.0
2017-04-22 20:55:00,SRC,9.425,9.425,9.425,9.425,0.0
2017-04-23 08:00:00,SRC,9.425,9.425,9.425,9.425,0.0
2017-04-23 08:05:00,SRC,9.425,9.425,9.425,9.425,0.0
2017-04-23 08:10:00,SRC,9.425,9.425,9.425,9.425,0.0
2017-04-23 08:15:00,SRC,9.425,9.425,9.425,9.425,0.0
2017-04-23 08:20:00,SRC,9.425,9.425,9.425,9.425,0.0
2017-04-23 08:25:00,SRC,9.425,9.425,9.425,9.425,0.0
2017-04-23 08:30:00,SRC,9.425,9.425,9.425,9.425,0.0
2017-04-23 08:35:00,SRC,9.425,9.425,9.425,9.425,0.0
2017-04-23 08:40:00,SRC,9.425,9.425,9.425,9.425,0.0
2017-04-23 08:45:00,SRC,9.425,9.425,9.425,9.425,0.0
2017-04-23 08:50:00,SRC,9.425,9.425,9.425,9.425,0.0
2017-04-23 08:55:00,SRC,9.425,9.425,9.425,9.425,0.0
2017-04-23 09:00:00,SRC,9.425,9.425,9.425,9.425,0.0
2017-04-23 09:05:00,SRC,9.425,9.425,9.425,9.425,0.0
2017-04-23 09:10:00,SRC,9.425,9.425,9.425,9.425,0.0
2017-04-23 09:15:00,SRC,9.425,9.425,9.425,9.425,0.0
2017-04-23 09:20:00,SRC,9.425,9.425,9.425,9.425,0.0
2017-04-23 09:25:00,SRC,9.425,9.425,9.425,9.425,0.0
2017-04-23 09:30:00,SRC,9.425,9.425,9.425,9.425,0.0
2017-04-23 09:35:00,SRC,9.425,9.425,9.425,9.425,0.0
2017-04-23 09:40:00,SRC,9.425,9.425,9.425,9.425,0.0
2017-04-23 09:45:00,SRC,9.425,9.425,9.425,9.425,0.0
2017-04-23 09:50:00,SRC,9.425,9.425,9.425,9.425,0.0
2017-04-23 09:55:00,SRC,9.425,9.425,9.425,9.425,0.0
2017-04-23 10:00:00,SRC,9.425,9.425,9.425,9.425,0.0
2017-04-23 10:05:00,SRC,9.425,9.425,9.425,9.425,0.0
2017-04-23 10:10:00,SRC,9.425,9.425,9.425,9.425,0.0
2017-04-23 10:15:00,SRC,9.425,9.425,9.425,9.425,0.0
2017-04-23 10:20:00,SRC,9.425,9.425,9.425,9.425,0.0
2017-04-23 10:25:00,SRC,9.425,9.425,9.425,9.425,0.0
2017-04-23 10:30:00,SRC,9.425,9.425,9.425,9.425,0.0
2017-04-23 10:35:00,SRC,9.425,9.425,9.425,9.425,0.0
2017-04-23 10:40:00,SRC,9.425,9.425,9.425,9.425,0.0
2017-04-23 10:45:00,SRC,9.425,9.425,9.425,9.425,0.0
2017-04-23 10:50:00,SRC,9.425,9.425,9.425,9.425,0.0
2017-04-23 10:55:00,SRC,9.425,9.425,9.425,9.425,0.0
2017-04-23 11:00:00,SRC,9.425,9.425,9.425,9.425,0.0
2017-04-23 11:05:00,SRC,9.425,9.425,9.425,9.425,0.0
2017-04-23 11:10:00,SRC,9.425,9.425,9.425,9.425,0.0
2017-04-23 11:15:00,SRC,9.425,9.425,9.425,9.425,0.0
2017-04-23 11:20:00,SRC,9.425,9.425,9.425,9.425,0.0
2017-04-23 11:25:00,SRC,9.425,9.425,9.425,9.425,0.0
2017-04-23 11:30:00,SRC,9.425,9.425,9.425,9.425,0.0
2017-04-23 11:35:00,SRC,9.425,9.425,9.425,9.425,0.0
2017-04-23 11:40:00,SRC,9.425,9.425,9.425,9.425,0.0
2017-04-23 11:45:00,SRC,9.425,9.425,9.425,9.425,0.0
2017-04-23 11:50:00,SRC,9.425,9.425,9.425,9.425,0.0
2017-04-23 11:55:00,SRC,9.425,9.425,9.425,9.425,0.0
2017-04-23 12:00:00,SRC,9.425,9.425,9.425,9.425,0.0
2017-04-23 12:05:00,SRC,9.425,9.425,9.425,9.425,0.0
2017-04-23 12:10:00,SRC,9.425,9.425,9.425,9.425,0.0
2017-04-23 12:15:00,SRC,9.425,9.425,9.425,9.425,0.0
2017-04-23 12:20:00,SRC,9.425,9.425,9.425,9.425,0.0
2017-04-23 12:25:00,SRC,9.425,9.425,9.425,9.425,0.0
2017-04-23 12:30:00,SRC,9.425,9.425,9.425,9.425,0.0
2017-04-23 12:35:00,SRC,9.425,9.425,9.425,9.425,0.0
2017-04-23 12:40:00,SRC,9.425,9.425,9.425,9.425,0.0
2017-04-23 12:45:00,SRC,9.425,9.425,9.425,9.425,0.0
2017-04-23 12:50:00,SRC,9.425,9.425,9.425,9.425,0.0
2017-04-23 12:55:00,SRC,9.425,9.425,9.425,9.425,0.0
2017-04-23 13:00:00,SRC,9.425,9.425,9.425,9.425,0.0
2017-04-23 13:05:00,SRC,9.425,9.425,9.425,9.425,0.0
2017-04-23 13:10:00,SRC,9.425,9.425,9.425,9.425,0.0
2017-04-23 13:15:00,SRC,9.425,9.425,9.425,9.425,0.0
2017-04-23 13:20:00,SRC,9.425,9.425,9.425,9.425,0.0
2017-04-23 13:25:00,SRC,9.425,9.425,9.425,9.425,0.0
2017-04-23 13:30:00,SRC,9.425,9.425,9.425,9.425,0.0
2017-04-23 13:35:00,SRC,9.425,9.425,9.425,9.425,0.0
2017-04-23 13:40:00,SRC,9.425,9.425,9.425,9.425,0.0
2017-04-23 13:45:00,SRC,9.425,9.425,9.425,9.425,0.0
2017-04-23 13:50:00,SRC,9.425,9.425,9.425,9.425,0.0
2017-04-23 13:55:00,SRC,9.425,9.425,9.425,9.425,0.0
2017-04-23 14:00:00,SRC,9.425,9.425,9.425,9.425,0.0
2017-04-23 14:05:00,SRC,9.425,9.425,9.425,9.425,0.0
2017-04-23 14:10:00,SRC,9.425,9.425,9.425,9.425,0.0
2017-04-23 14:15:00,SRC,9.425,9.425,9.425,9.425,0.0
2017-04-23 14:20:00,SRC,9.425,9.425,9.425,9.425,0.0
2017-04-23 14:25:00,SRC,9.425,9.425,9.425,9.425,0.0
2017-04-23 14:30:00,SRC,9.425,9.425,9.425,9.425,0.0
2017-04-23 14:35:00,SRC,9.425,9.425,9.425,9.425,0.0
2017-04-23 14:40:00,SRC,9.425,9.425,9.425,9.425,0.0
2017-04-23 14:45:00,SRC,9.425,9.425,9.425,9.425,0.0
2017-04-23 14:50:00,SRC,9.425,9.425,9.425,9.425,0.0
2017-04-23 14:55:00,SRC,9.425,9.425,9.425,9.425,0.0
2017-04-23 15:00:00,SRC,9.425,9.425,9.425,9.425,0.0
2017-04-23 15:05:00,SRC,9.425,9.425,9.425,9.425,0.0
2017-04-23 15:10:00,SRC,9.425,9.425,9.425,9.425,0.0
2017-04-23 15:15:00,SRC,9.425,9.425,9.425,9.425,0.0
2017-04-23 15:20:00,SRC,9.425,9.425,9.425,9.425,0.0
2017-04-23 15:25:00,SRC,9.425,9.425,9.425,9.425,0.0
2017-04-23 15:30:00,SRC,9.425,9.425,9.425,9.425,0.0
2017-04-23 15:35:00,SRC,9.425,9.425,9.425,9.425,0.0
2017-04-23 15:40:00,SRC,9.425,9.425,9.425,9.425,0.0
2017-04-23 15:45:00,SRC,9.425,9.425,9.425,9.425,0.0
2017-04-23 15:50:00,SRC,9.425,9.425,9.425,9.425,0.0
2017-04-23 15:55:00,SRC,9.425,9.425,9.425,9.425,0.0
2017-04-23 16:00:00,SRC,9.425,9.425,9.425,9.425,0.0
2017-04-23 16:05:00,SRC,9.425,9.425,9.425,9.425,0.0
2017-04-23 16:10:00,SRC,9.425,9.425,9.425,9.425,0.0
2017-04-23 16:15:00,SRC,9.425,9.425,9.425,9.425,0.0
2017-04-23 16:20:00,SRC,9.425,9.425,9.425,9.425,0.0
2017-04-23 16:25:00,SRC,9.425,9.425,9.425,9.425,0.0
2017-04-23 16:30:00,SRC,9.425,9.425,9.425,9.425,0.0
2017-04-23 16:35:00,SRC,9.425,9.425,9.425,9.425,0.0
2017-04-23 16:40:00,SRC,9.425,9.425,9.425,9.425,0.0
2017-04-23 16:45:00,SRC,9.425,9.425,9.425,9.425,0.0
2017-04-23 16:50:00,SRC,9.425,9.425,9.425,9.425,0.0
2017-04-23 16:55:00,SRC,9.425,9.425,9.425,9.425,0.0
2017-04-23 17:00:00,SRC,9.425,9.425,9.425,9.425,0.0
2017-04-23 17:05:00,SRC,9.425,9.425,9.425,9.425,0.0
2017-04-23 17:10:00,SRC,9.425,9.425,9.425,9.425,0.0
2017-04-23 17:15:00,SRC,9.425,9.425,9.425,9.425,0.0
2017-04-23 17:20:00,SRC,9.425,9.425,9.425,9.425,0.0
2017-04-23 17:25:00,SRC,9.425,9.425,9.425,9.425,0.0
2017-04-23 17:30:00,SRC,9.425,9.425,9.425,9.425,0.0
2017-04-23 17:35:00,SRC,9.425,9.425,9.425,9.425,0.0
2017-04-23 17:40:00,SRC,9.425,9.425,9.425,9.425,0.0
2017-04-23 17:45:00,SRC,9.425,9.425,9.425,9.425,0.0
2017-04-23 17:50:00,SRC,9.425,9.425,9.425,9.425,0.0
2017-04-23 17:55:00,SRC,9.425,9.425,9.425,9.425,0.0
2017-04-23 18:00:00,SRC,9.425,9.425,9.425,9.425,0.0
2017-04-23 18:05:00,SRC,9.425,9.425,9.425,9.425,0.0
2017-04-23 18:10:00,SRC,9.425,9.425,9.425,9.425,0.0
2017-04-23 18:15:00,SRC,9.425,9.425,9.425,9.425,0.0
2017-04-23 18:20:00,SRC,9.425,9.425,9.425,9.425,0.0
2017-04-23 18:25:00,SRC,9.425,9.425,9.425,9.425,0.0
2017-04-23 18:30:00,SRC,9.425,9.425,9.425,9.425,0.0
2017-04-23 18:35:00,SRC,9.425,9.425,9.425,9.425,0.0
2017-04-23 18:40:00,SRC,9.425,9.425,9.425,9.425,0.0
2017-04-23 18:45:00,SRC,9.425,9.425,9.425,9.425,0.0
2017-04-23 18:50:00,SRC,9.425,9.425,9.425,9.425,0.0
2017-04-23 18:55:00,SRC,9.425,9.425,9.425,9.425,0.0
2017-04-23 19:00:00,SRC,9.425,9.425,9.425,9.425,0.0
2017-04-23 19:05:00,SRC,9.425,9.425,9.425,9.425,0.0
2017-04-23 19:10:00,SRC,9.425,9.425,9.425,9.425,0.0
2017-04-23 19:15:00,SRC,9.425,9.425,9.425,9.425,0.0
2017-04-23 19:20:00,SRC,9.425,9.425,9.425,9.425,0.0
2017-04-23 19:25:00,SRC,9.425,9.425,9.425,9.425,0.0
2017-04-23 19:30:00,SRC,9.425,9.425,9.425,9.425,0.0
2017-04-23 19:35:00,SRC,9.425,9.425,9.425,9.425,0.0
2017-04-23 19:40:00,SRC,9.425,9.425,9.425,9.425,0.0
2017-04-23 19:45:00,SRC,9.425,9.425,9.425,9.425,0.0
2017-04-23 19:50:00,SRC,9.425,9.425,9.425,9.425,0.0
2017-04-23 19:55:00,SRC,9.425,9.425,9.425,9.425,0.0
2017-04-23 20:00:00,SRC,9.425,9.425,9.425,9.425,0.0
2017-04-23 20:05:00,SRC,9.425,9.425,9.425,9.425,0.0
2017-04-23 20:10:00,SRC,9.425,9.425,9.425,9.425,0.0
2017-04-23 20:15:00,SRC,9.425,9.425,9.425,9.425,0.0
2017-04-23 20:20:00,SRC,9.425,9.425,9.425,9.425,0.0
2017-04-23 20:25:00,SRC,9.425,9.425,9.425,9.425,0.0
2017-04-23 20:30:00,SRC,9.425,9.425,9.425,9.425,0.0
2017-04-23 20:35:00,SRC,9.425,9.425,9.425,9.425,0.0
2017-04-23 20:40:00,SRC,9.425,9.425,9.425,9.425,0.0
2017-04-23 20:45:00,SRC,9.425,9.425,9.425,9.425,0.0
2017-04-23 20:50:00,SRC,9.425,9.425,9.425,9.425,0.0
2017-04-23 20:55:00,SRC,9.425,9.425,9.425,9.425,0.0
