2017-04-18 15:00:00,YNDX,23.905,23.945,23.905,23.935,29248.0
2017-04-18 15:05:00,YNDX,23.935,23.945,23.925,23.925,18866.0
2017-04-18 15:10:00,YNDX,23.925,23.965,23.925,23.965,43345.0
2017-04-18 15:15:00,YNDX,23.965,23.965,23.945,23.945,69831.0
2017-04-18 15:20:00,YNDX,23.945,23.955,23.935,23.945,44724.0
2017-04-18 15:25:00,YNDX,23.945,23.975,23.945,23.975,31115.0
2017-04-18 15:30:00,YNDX,23.975,23.975,23.965,23.965,21048.0
2017-04-18 15:35:00,YNDX,23.965,23.975,23.965,23.975,12700.0
2017-04-18 15:40:00,YNDX,23.975,23.975,23.975,23.975,33399.0
2017-04-18 15:45:00,YNDX,23.975,23.985,23.955,23.975,55130.0
2017-04-18 15:50:00,YNDX,23.975,24.025,23.975,24.015,81669.0
2017-04-18 15:55:00,YNDX,24.015,24.025,23.975,24.005,217979.0
2017-04-18 16:00:00,YNDX,24.005,24.055,23.995,24.005,361427.0
2017-04-18 16:05:00,YNDX,24.005,24.005,23.97,23.97,45872.0
2017-04-18 16:10:00,YNDX,23.97,23.97,23.855,23.855,16900.0
2017-04-18 16:15:00,YNDX,23.855,23.855,22.96,23.355,0.0
2017-04-18 16:20:00,YNDX,23.355,23.36,23.35,23.355,0.0
2017-04-18 16:25:00,YNDX,23.355,23.36,23.35,23.355,0.0
2017-04-18 16:30:00,YNDX,23.355,23.36,23.35,23.355,0.0
2017-04-18 16:35:00,YNDX,23.355,23.36,23.35,23.355,2112.0
2017-04-18 16:40:00,YNDX,23.355,23.36,23.35,23.355,0.0
2017-04-18 16:45:00,YNDX,23.355,23.36,23.35,23.355,0.0
2017-04-18 16:50:00,YNDX,23.355,23.36,23.35,23.355,0.0
2017-04-18 16:55:00,YNDX,23.355,23.36,23.35,23.355,0.0
2017-04-18 17:00:00,YNDX,23.355,23.36,23.35,23.355,0.0
2017-04-18 17:05:00,YNDX,23.355,23.36,23.35,23.355,0.0
2017-04-18 17:10:00,YNDX,23.355,23.36,23.35,23.355,0.0
2017-04-18 17:15:00,YNDX,23.355,23.36,23.35,23.355,0.0
2017-04-18 17:20:00,YNDX,23.355,23.355,23.355,23.355,0.0
2017-04-18 17:25:00,YNDX,23.355,23.355,23.355,23.355,0.0
2017-04-18 17:30:00,YNDX,23.355,23.355,23.355,23.355,0.0
2017-04-18 17:35:00,YNDX,23.355,23.355,23.355,23.355,0.0
2017-04-18 17:40:00,YNDX,23.355,23.355,23.355,23.355,0.0
2017-04-18 17:45:00,YNDX,23.355,23.355,23.355,23.355,0.0
2017-04-18 17:50:00,YNDX,23.355,23.355,23.355,23.355,0.0
2017-04-18 17:55:00,YNDX,23.355,23.355,23.355,23.355,0.0
2017-04-18 18:00:00,YNDX,23.355,23.355,23.355,23.355,0.0
2017-04-18 18:05:00,YNDX,23.355,23.355,23.355,23.355,0.0
2017-04-18 18:10:00,YNDX,23.355,23.355,23.355,23.355,0.0
2017-04-18 18:15:00,YNDX,23.355,23.355,23.355,23.355,0.0
2017-04-18 18:20:00,YNDX,23.355,23.355,23.355,23.355,0.0
2017-04-18 18:25:00,YNDX,23.355,23.355,23.355,23.355,0.0
2017-04-18 18:30:00,YNDX,23.355,23.355,23.355,23.355,0.0
2017-04-18 18:35:00,YNDX,23.355,23.355,23.355,23.355,0.0
2017-04-18 18:40:00,YNDX,23.355,23.355,23.355,23.355,0.0
2017-04-18 18:45:00,YNDX,23.355,23.355,23.355,23.355,0.0
2017-04-18 18:50:00,YNDX,23.355,23.355,23.355,23.355,0.0
2017-04-18 18:55:00,YNDX,23.355,23.355,23.355,23.355,0.0
2017-04-18 19:00:00,YNDX,23.355,23.355,23.355,23.355,0.0
2017-04-18 19:05:00,YNDX,23.355,23.355,23.355,23.355,0.0
2017-04-18 19:10:00,YNDX,23.355,23.355,23.355,23.355,0.0
2017-04-18 19:15:00,YNDX,23.355,23.355,23.355,23.355,0.0
2017-04-18 19:20:00,YNDX,23.355,23.355,23.355,23.355,0.0
2017-04-18 19:25:00,YNDX,23.355,23.355,23.355,23.355,0.0
2017-04-18 19:30:00,YNDX,23.355,23.355,23.355,23.355,0.0
2017-04-18 19:35:00,YNDX,23.355,23.355,23.355,23.355,0.0
2017-04-18 19:40:00,YNDX,23.355,23.355,23.355,23.355,0.0
2017-04-18 19:45:00,YNDX,23.355,23.355,23.355,23.355,0.0
2017-04-18 19:50:00,YNDX,23.355,23.355,23.355,23.355,0.0
2017-04-18 19:55:00,YNDX,23.355,23.355,23.355,23.355,0.0
2017-04-18 20:00:00,YNDX,23.355,23.355,23.355,23.355,0.0
2017-04-18 20:05:00,YNDX,23.355,35.575,22.955,35.575,0.0
2017-04-18 20:10:00,YNDX,35.575,35.575,35.575,35.575,0.0
2017-04-18 20:15:00,YNDX,35.575,35.575,35.575,35.575,0.0
2017-04-18 20:20:00,YNDX,35.575,35.575,35.575,35.575,0.0
2017-04-18 20:25:00,YNDX,35.575,35.575,35.575,35.575,0.0
2017-04-18 20:30:00,YNDX,35.575,35.575,35.575,35.575,0.0
2017-04-18 20:35:00,YNDX,35.575,35.575,35.575,35.575,0.0
2017-04-18 20:40:00,YNDX,35.575,35.575,35.575,35.575,0.0
2017-04-18 20:45:00,YNDX,35.575,35.575,35.575,35.575,0.0
2017-04-18 20:50:00,YNDX,35.575,35.575,35.575,35.575,0.0
2017-04-18 20:55:00,YNDX,35.575,35.575,35.575,35.575,0.0
2017-04-19 08:00:00,YNDX,23.85,23.865,23.835,23.85,0.0
2017-04-19 08:05:00,YNDX,23.85,23.86,23.825,23.825,0.0
2017-04-19 08:10:00,YNDX,23.825,23.93,23.79,23.885,0.0
2017-04-19 08:15:00,YNDX,23.885,23.925,23.78,23.81,0.0
2017-04-19 08:20:00,YNDX,23.81,23.885,23.775,23.84,0.0
2017-04-19 08:25:00,YNDX,23.84,23.9,23.78,23.875,0.0
2017-04-19 08:30:00,YNDX,23.875,23.95,23.785,23.905,0.0
2017-04-19 08:35:00,YNDX,23.905,23.945,23.79,23.915,0.0
2017-04-19 08:40:00,YNDX,23.915,23.94,23.865,23.92,0.0
2017-04-19 08:45:00,YNDX,23.92,23.935,23.885,23.9,0.0
2017-04-19 08:50:00,YNDX,23.9,23.935,23.875,23.89,0.0
2017-04-19 08:55:00,YNDX,23.89,23.94,23.875,23.935,0.0
2017-04-19 09:00:00,YNDX,23.935,23.945,23.87,23.89,0.0
2017-04-19 09:05:00,YNDX,23.89,23.905,23.875,23.875,0.0
2017-04-19 09:10:00,YNDX,23.875,23.905,23.875,23.875,0.0
2017-04-19 09:15:00,YNDX,23.875,23.9,23.875,23.885,0.0
2017-04-19 09:20:00,YNDX,23.885,23.95,23.875,23.93,0.0
2017-04-19 09:25:00,YNDX,23.93,23.955,23.925,23.925,0.0
2017-04-19 09:30:00,YNDX,23.925,24.14,23.925,24.06,4405.0
2017-04-19 09:35:00,YNDX,24.06,24.165,23.96,24.06,29098.0
2017-04-19 09:40:00,YNDX,24.06,24.085,23.97,23.995,16899.0
2017-04-19 09:45:00,YNDX,23.995,24.015,23.905,23.945,26231.0
2017-04-19 09:50:00,YNDX,23.945,23.985,23.86,23.88,35946.0
2017-04-19 09:55:00,YNDX,23.88,23.995,23.875,23.965,13369.0
2017-04-19 10:00:00,YNDX,23.965,23.975,23.905,23.935,31045.0
2017-04-19 10:05:00,YNDX,23.935,23.985,23.935,23.955,17709.0
2017-04-19 10:10:00,YNDX,23.955,23.995,23.945,23.955,19477.0
2017-04-19 10:15:00,YNDX,23.955,23.995,23.915,23.925,15008.0
2017-04-19 10:20:00,YNDX,23.925,23.935,23.835,23.875,8864.0
2017-04-19 10:25:00,YNDX,23.875,23.885,23.795,23.825,11360.0
2017-04-19 10:30:00,YNDX,23.825,23.855,23.805,23.815,9959.0
2017-04-19 10:35:00,YNDX,23.815,23.845,23.785,23.805,15992.0
2017-04-19 10:40:00,YNDX,23.805,23.815,23.755,23.765,20183.0
2017-04-19 10:45:00,YNDX,23.765,23.765,23.715,23.725,13718.0
2017-04-19 10:50:00,YNDX,23.725,23.735,23.655,23.665,23354.0
2017-04-19 10:55:00,YNDX,23.665,23.665,23.625,23.635,37856.0
2017-04-19 11:00:00,YNDX,23.635,23.655,23.625,23.635,20346.0
2017-04-19 11:05:00,YNDX,23.635,23.685,23.635,23.655,19597.0
2017-04-19 11:10:00,YNDX,23.655,23.67,23.645,23.665,13841.0
2017-04-19 11:15:00,YNDX,23.665,23.665,23.645,23.645,81245.0
2017-04-19 11:20:00,YNDX,23.645,23.655,23.625,23.625,23055.0
2017-04-19 11:25:00,YNDX,23.625,23.655,23.625,23.655,14577.0
2017-04-19 11:30:00,YNDX,23.655,23.655,23.635,23.645,31485.0
2017-04-19 11:35:00,YNDX,23.645,23.685,23.645,23.645,14621.0
2017-04-19 11:40:00,YNDX,23.645,23.645,23.605,23.605,17422.0
2017-04-19 11:45:00,YNDX,23.605,23.615,23.56,23.565,23234.0
2017-04-19 11:50:00,YNDX,23.565,23.575,23.545,23.545,11179.0
2017-04-19 11:55:00,YNDX,23.545,23.555,23.525,23.535,9061.0
2017-04-19 12:10:00,YNDX,23.535,23.535,23.445,23.465,38993.0
2017-04-19 12:15:00,YNDX,23.465,23.465,23.415,23.435,14160.0
2017-04-19 12:20:00,YNDX,23.435,23.445,23.425,23.425,8627.0
2017-04-19 12:25:00,YNDX,23.425,23.435,23.405,23.415,26736.0
2017-04-19 12:30:00,YNDX,23.415,23.425,23.4,23.415,13291.0
2017-04-19 12:35:00,YNDX,23.415,23.435,23.405,23.405,16017.0
2017-04-19 12:40:00,YNDX,23.405,23.405,23.355,23.365,41708.0
2017-04-19 12:45:00,YNDX,23.365,23.375,23.335,23.335,20203.0
2017-04-19 12:50:00,YNDX,23.335,23.355,23.335,23.335,16367.0
2017-04-19 12:55:00,YNDX,23.335,23.345,23.295,23.305,38567.0
2017-04-19 13:00:00,YNDX,23.305,23.335,23.305,23.315,8407.0
2017-04-19 13:05:00,YNDX,23.315,23.315,23.265,23.275,12685.0
2017-04-19 13:10:00,YNDX,23.275,23.285,23.255,23.265,10198.0
2017-04-19 13:15:00,YNDX,23.265,23.275,23.245,23.265,15163.0
2017-04-19 13:20:00,YNDX,23.265,23.275,23.235,23.235,11602.0
2017-04-19 13:25:00,YNDX,23.235,23.275,23.235,23.275,32171.0
2017-04-19 13:30:00,YNDX,23.275,23.275,23.235,23.235,101138.0
2017-04-19 13:35:00,YNDX,23.235,23.235,23.205,23.215,18207.0
2017-04-19 13:40:00,YNDX,23.215,23.215,23.165,23.185,24765.0
2017-04-19 13:45:00,YNDX,23.185,23.185,23.155,23.165,19016.0
2017-04-19 13:50:00,YNDX,23.165,23.175,23.135,23.175,24655.0
2017-04-19 13:55:00,YNDX,23.175,23.245,23.175,23.235,12322.0
2017-04-19 14:00:00,YNDX,23.235,23.235,23.185,23.185,16389.0
2017-04-19 14:05:00,YNDX,23.185,23.215,23.185,23.215,9041.0
2017-04-19 14:10:00,YNDX,23.215,23.215,23.205,23.205,5692.0
2017-04-19 14:15:00,YNDX,23.205,23.205,23.175,23.175,8375.0
2017-04-19 14:20:00,YNDX,23.175,23.175,23.125,23.135,20640.0
2017-04-19 14:25:00,YNDX,23.135,23.145,23.135,23.145,4405.0
2017-04-19 14:30:00,YNDX,23.145,23.165,23.145,23.165,4491.0
2017-04-19 14:35:00,YNDX,23.165,23.175,23.125,23.165,24033.0
2017-04-19 14:40:00,YNDX,23.165,23.195,23.165,23.175,13329.0
2017-04-19 14:45:00,YNDX,23.175,23.225,23.175,23.195,59552.0
2017-04-19 14:50:00,YNDX,23.195,23.235,23.195,23.225,24289.0
2017-04-19 14:55:00,YNDX,23.225,23.295,23.225,23.275,65362.0
2017-04-19 15:00:00,YNDX,23.275,23.285,23.255,23.26,19237.0
2017-04-19 15:05:00,YNDX,23.26,23.285,23.235,23.285,19846.0
2017-04-19 15:10:00,YNDX,23.285,23.285,23.255,23.275,26203.0
2017-04-19 15:15:00,YNDX,23.275,23.325,23.275,23.305,30996.0
2017-04-19 15:20:00,YNDX,23.305,23.315,23.295,23.305,16787.0
2017-04-19 15:25:00,YNDX,23.305,23.315,23.295,23.305,50850.0
2017-04-19 15:30:00,YNDX,23.305,23.315,23.255,23.255,35948.0
2017-04-19 15:35:00,YNDX,23.255,23.295,23.255,23.275,37973.0
2017-04-19 15:40:00,YNDX,23.275,23.305,23.275,23.305,40027.0
2017-04-19 15:45:00,YNDX,23.305,23.365,23.285,23.335,217491.0
2017-04-19 15:50:00,YNDX,23.335,23.335,23.295,23.295,46495.0
2017-04-19 15:55:00,YNDX,23.295,23.355,23.265,23.355,236125.0
2017-04-19 16:00:00,YNDX,23.355,23.375,23.335,23.335,348483.0
2017-04-19 16:05:00,YNDX,23.335,23.36,23.325,23.335,88286.0
2017-04-19 16:10:00,YNDX,23.335,23.74,23.335,23.65,2651.0
2017-04-19 16:15:00,YNDX,23.65,23.655,23.395,23.4,0.0
2017-04-19 16:20:00,YNDX,23.4,23.405,23.395,23.4,0.0
2017-04-19 16:25:00,YNDX,23.4,23.405,23.395,23.4,0.0
2017-04-19 16:30:00,YNDX,23.4,23.405,23.395,23.4,0.0
2017-04-19 16:35:00,YNDX,23.4,23.405,23.395,23.4,2729.0
2017-04-19 16:40:00,YNDX,23.4,23.405,23.395,23.4,0.0
2017-04-19 16:45:00,YNDX,23.4,23.65,23.395,23.65,0.0
2017-04-19 16:50:00,YNDX,23.65,23.655,23.65,23.65,0.0
2017-04-19 16:55:00,YNDX,23.65,23.655,23.65,23.65,0.0
2017-04-19 17:00:00,YNDX,23.65,23.655,23.65,23.65,0.0
2017-04-19 17:05:00,YNDX,23.65,23.65,23.055,23.055,0.0
2017-04-19 17:10:00,YNDX,23.055,23.055,23.055,23.055,0.0
2017-04-19 17:15:00,YNDX,23.055,23.055,23.055,23.055,0.0
2017-04-19 17:20:00,YNDX,23.055,23.055,23.055,23.055,0.0
2017-04-19 17:25:00,YNDX,23.055,23.055,23.055,23.055,0.0
2017-04-19 17:30:00,YNDX,23.055,23.055,23.055,23.055,0.0
2017-04-19 17:35:00,YNDX,23.055,23.055,23.055,23.055,0.0
2017-04-19 17:40:00,YNDX,23.055,23.055,23.055,23.055,0.0
2017-04-19 17:45:00,YNDX,23.055,23.055,23.055,23.055,0.0
2017-04-19 17:50:00,YNDX,23.055,23.055,23.055,23.055,0.0
2017-04-19 17:55:00,YNDX,23.055,23.055,23.055,23.055,0.0
2017-04-19 18:00:00,YNDX,23.055,23.055,23.055,23.055,0.0
2017-04-19 18:05:00,YNDX,23.055,23.055,23.055,23.055,0.0
2017-04-19 18:10:00,YNDX,23.055,23.055,23.055,23.055,0.0
2017-04-19 18:15:00,YNDX,23.055,23.055,23.055,23.055,0.0
2017-04-19 18:20:00,YNDX,23.055,23.055,23.055,23.055,0.0
2017-04-19 18:25:00,YNDX,23.055,23.055,23.055,23.055,0.0
2017-04-19 18:30:00,YNDX,23.055,23.055,23.055,23.055,0.0
2017-04-19 18:35:00,YNDX,23.055,23.055,23.055,23.055,0.0
2017-04-19 18:40:00,YNDX,23.055,23.055,23.055,23.055,0.0
2017-04-19 18:45:00,YNDX,23.055,23.055,23.055,23.055,0.0
2017-04-19 18:50:00,YNDX,23.055,23.055,23.055,23.055,0.0
2017-04-19 18:55:00,YNDX,23.055,23.055,23.055,23.055,0.0
2017-04-19 19:00:00,YNDX,23.055,23.055,23.055,23.055,0.0
2017-04-19 19:05:00,YNDX,23.055,23.055,23.055,23.055,0.0
2017-04-19 19:10:00,YNDX,23.055,23.055,23.055,23.055,0.0
2017-04-19 19:15:00,YNDX,23.055,23.055,23.055,23.055,0.0
2017-04-19 19:20:00,YNDX,23.055,23.055,23.055,23.055,0.0
2017-04-19 19:25:00,YNDX,23.055,23.055,23.055,23.055,0.0
2017-04-19 19:30:00,YNDX,23.055,23.055,23.055,23.055,0.0
2017-04-19 19:35:00,YNDX,23.055,23.055,23.055,23.055,0.0
2017-04-19 19:40:00,YNDX,23.055,23.055,23.055,23.055,0.0
2017-04-19 19:45:00,YNDX,23.055,23.055,23.055,23.055,0.0
2017-04-19 19:50:00,YNDX,23.055,23.055,23.055,23.055,0.0
2017-04-19 19:55:00,YNDX,23.055,23.055,23.055,23.055,0.0
2017-04-19 20:00:00,YNDX,23.055,23.055,23.055,23.055,0.0
2017-04-19 20:05:00,YNDX,23.055,35.02,22.4,35.02,0.0
2017-04-19 20:10:00,YNDX,35.02,35.02,35.02,35.02,0.0
2017-04-19 20:15:00,YNDX,35.02,35.02,35.02,35.02,0.0
2017-04-19 20:20:00,YNDX,35.02,35.02,35.02,35.02,0.0
2017-04-19 20:25:00,YNDX,35.02,35.02,35.02,35.02,0.0
2017-04-19 20:30:00,YNDX,35.02,35.02,35.02,35.02,0.0
2017-04-19 20:35:00,YNDX,35.02,35.02,35.02,35.02,0.0
2017-04-19 20:40:00,YNDX,35.02,35.02,35.02,35.02,0.0
2017-04-19 20:45:00,YNDX,35.02,35.02,35.02,35.02,0.0
2017-04-19 20:50:00,YNDX,35.02,35.02,35.02,35.02,0.0
2017-04-19 20:55:00,YNDX,35.02,35.02,35.02,35.02,0.0
2017-04-20 08:00:00,YNDX,23.315,23.365,23.315,23.355,0.0
2017-04-20 08:05:00,YNDX,23.355,23.365,23.325,23.335,0.0
2017-04-20 08:10:00,YNDX,23.335,23.355,23.31,23.315,0.0
2017-04-20 08:15:00,YNDX,23.315,23.4,23.315,23.36,2100.0
2017-04-20 08:20:00,YNDX,23.36,23.4,23.315,23.36,300.0
2017-04-20 08:25:00,YNDX,23.36,23.465,23.315,23.37,100.0
2017-04-20 08:30:00,YNDX,23.37,23.37,23.255,23.34,0.0
2017-04-20 08:35:00,YNDX,23.34,23.385,23.255,23.385,0.0
2017-04-20 08:40:00,YNDX,23.385,23.395,23.325,23.365,400.0
2017-04-20 08:45:00,YNDX,23.365,23.44,23.31,23.355,2000.0
2017-04-20 08:50:00,YNDX,23.355,23.555,23.335,23.54,600.0
2017-04-20 08:55:00,YNDX,23.54,23.555,23.5,23.54,0.0
2017-04-20 09:00:00,YNDX,23.54,23.56,23.455,23.52,300.0
2017-04-20 09:05:00,YNDX,23.52,23.56,23.455,23.56,0.0
2017-04-20 09:10:00,YNDX,23.56,23.56,23.43,23.495,100.0
2017-04-20 09:15:00,YNDX,23.495,23.515,23.39,23.45,0.0
2017-04-20 09:20:00,YNDX,23.45,23.475,23.425,23.44,0.0
2017-04-20 09:25:00,YNDX,23.44,23.495,23.38,23.46,0.0
2017-04-20 09:30:00,YNDX,23.46,23.515,23.42,23.485,0.0
2017-04-20 09:35:00,YNDX,23.485,23.645,23.44,23.57,39897.0
2017-04-20 09:40:00,YNDX,23.57,23.6,23.51,23.525,26370.0
2017-04-20 09:45:00,YNDX,23.525,23.585,23.405,23.585,18733.0
2017-04-20 09:50:00,YNDX,23.585,23.685,23.565,23.68,27075.0
2017-04-20 09:55:00,YNDX,23.68,23.695,23.595,23.635,31297.0
2017-04-20 10:00:00,YNDX,23.635,23.645,23.545,23.58,38681.0
2017-04-20 10:05:00,YNDX,23.58,23.695,23.58,23.675,23979.0
2017-04-20 10:10:00,YNDX,23.675,23.765,23.665,23.745,45856.0
2017-04-20 10:15:00,YNDX,23.745,23.835,23.745,23.785,33979.0
2017-04-20 10:20:00,YNDX,23.785,23.785,23.725,23.745,10047.0
2017-04-20 10:25:00,YNDX,23.745,23.745,23.705,23.705,11652.0
2017-04-20 10:30:00,YNDX,23.705,23.705,23.675,23.685,20089.0
2017-04-20 10:35:00,YNDX,23.685,23.695,23.665,23.665,8820.0
2017-04-20 10:40:00,YNDX,23.665,23.685,23.625,23.665,30403.0
2017-04-20 10:45:00,YNDX,23.665,23.695,23.66,23.695,11848.0
2017-04-20 10:50:00,YNDX,23.695,23.705,23.645,23.645,16128.0
2017-04-20 10:55:00,YNDX,23.645,23.645,23.615,23.625,28627.0
2017-04-20 11:00:00,YNDX,23.625,23.635,23.615,23.635,9139.0
2017-04-20 11:05:00,YNDX,23.635,23.635,23.625,23.625,9681.0
2017-04-20 11:10:00,YNDX,23.625,23.625,23.585,23.595,24394.0
2017-04-20 11:15:00,YNDX,23.595,23.595,23.565,23.565,15277.0
2017-04-20 11:20:00,YNDX,23.565,23.565,23.495,23.545,49087.0
2017-04-20 11:25:00,YNDX,23.545,23.595,23.545,23.595,15983.0
2017-04-20 11:30:00,YNDX,23.595,23.615,23.585,23.605,14434.0
2017-04-20 11:35:00,YNDX,23.605,23.625,23.605,23.605,11390.0
2017-04-20 11:40:00,YNDX,23.605,23.635,23.605,23.615,25613.0
2017-04-20 11:45:00,YNDX,23.615,23.615,23.595,23.595,7752.0
2017-04-20 11:50:00,YNDX,23.595,23.615,23.595,23.615,8173.0
2017-04-20 11:55:00,YNDX,23.615,23.615,23.565,23.615,21913.0
2017-04-20 12:00:00,YNDX,23.615,23.615,23.555,23.555,20488.0
2017-04-20 12:05:00,YNDX,23.555,23.575,23.555,23.565,16678.0
2017-04-20 12:10:00,YNDX,23.565,23.565,23.545,23.555,20739.0
2017-04-20 12:15:00,YNDX,23.555,23.575,23.555,23.575,8835.0
2017-04-20 12:20:00,YNDX,23.575,23.585,23.565,23.565,5395.0
2017-04-20 12:25:00,YNDX,23.565,23.565,23.535,23.535,29259.0
2017-04-20 12:30:00,YNDX,23.535,23.535,23.495,23.495,22790.0
2017-04-20 12:35:00,YNDX,23.495,23.525,23.495,23.525,28765.0
2017-04-20 12:40:00,YNDX,23.525,23.525,23.525,23.525,1201.0
2017-04-20 12:45:00,YNDX,23.525,23.535,23.515,23.525,18951.0
2017-04-20 12:50:00,YNDX,23.525,23.525,23.525,23.525,1732.0
2017-04-20 12:55:00,YNDX,23.525,23.535,23.515,23.515,17013.0
2017-04-20 13:00:00,YNDX,23.515,23.515,23.475,23.495,24660.0
2017-04-20 13:05:00,YNDX,23.495,23.565,23.495,23.565,49928.0
2017-04-20 13:10:00,YNDX,23.565,23.615,23.555,23.575,50387.0
2017-04-20 13:15:00,YNDX,23.575,23.585,23.555,23.555,27061.0
2017-04-20 13:20:00,YNDX,23.555,23.585,23.535,23.545,51515.0
2017-04-20 13:25:00,YNDX,23.545,23.575,23.545,23.555,9203.0
2017-04-20 13:30:00,YNDX,23.555,23.555,23.555,23.555,5011.0
2017-04-20 13:35:00,YNDX,23.555,23.555,23.555,23.555,2120.0
2017-04-20 13:40:00,YNDX,23.555,23.555,23.495,23.495,43077.0
2017-04-20 13:45:00,YNDX,23.495,23.505,23.485,23.495,24739.0
2017-04-20 13:50:00,YNDX,23.495,23.525,23.495,23.515,12829.0
2017-04-20 13:55:00,YNDX,23.515,23.515,23.505,23.505,5725.0
2017-04-20 14:00:00,YNDX,23.505,23.515,23.475,23.485,18801.0
2017-04-20 14:05:00,YNDX,23.485,23.485,23.485,23.485,1809.0
2017-04-20 14:10:00,YNDX,23.485,23.485,23.465,23.465,8174.0
2017-04-20 14:15:00,YNDX,23.465,23.465,23.425,23.445,20837.0
2017-04-20 14:20:00,YNDX,23.445,23.445,23.445,23.445,1911.0
2017-04-20 14:25:00,YNDX,23.445,23.445,23.425,23.425,11746.0
2017-04-20 14:30:00,YNDX,23.425,23.425,23.425,23.425,2843.0
2017-04-20 14:35:00,YNDX,23.425,23.425,23.425,23.425,4477.0
2017-04-20 14:40:00,YNDX,23.425,23.425,23.425,23.425,3930.0
2017-04-20 14:45:00,YNDX,23.425,23.425,23.405,23.405,34056.0
2017-04-20 14:50:00,YNDX,23.405,23.415,23.405,23.405,19810.0
2017-04-20 14:55:00,YNDX,23.405,23.405,23.4,23.405,25198.0
2017-04-20 15:00:00,YNDX,23.405,23.435,23.405,23.415,25285.0
2017-04-20 15:05:00,YNDX,23.415,23.485,23.415,23.465,40666.0
2017-04-20 15:10:00,YNDX,23.465,23.475,23.465,23.465,9956.0
2017-04-20 15:15:00,YNDX,23.465,23.465,23.455,23.455,12093.0
2017-04-20 15:20:00,YNDX,23.455,23.455,23.415,23.425,27552.0
2017-04-20 15:25:00,YNDX,23.425,23.435,23.405,23.405,30534.0
2017-04-20 15:30:00,YNDX,23.405,23.415,23.405,23.405,23124.0
2017-04-20 15:35:00,YNDX,23.405,23.405,23.405,23.405,26541.0
2017-04-20 15:40:00,YNDX,23.405,23.405,23.375,23.385,85969.0
2017-04-20 15:45:00,YNDX,23.385,23.385,23.375,23.375,46115.0
2017-04-20 15:50:00,YNDX,23.375,23.375,23.335,23.345,81395.0
2017-04-20 15:55:00,YNDX,23.345,23.345,23.345,23.345,55952.0
2017-04-20 16:00:00,YNDX,23.345,23.345,23.315,23.315,207110.0
2017-04-20 16:05:00,YNDX,23.315,23.335,23.31,23.335,52278.0
2017-04-20 16:10:00,YNDX,23.335,23.705,23.335,23.705,0.0
2017-04-20 16:15:00,YNDX,23.705,23.705,23.7,23.705,0.0
2017-04-20 16:20:00,YNDX,23.705,23.705,23.7,23.705,1842.0
2017-04-20 16:25:00,YNDX,23.705,23.705,23.7,23.705,0.0
2017-04-20 16:30:00,YNDX,23.705,23.705,23.7,23.705,0.0
2017-04-20 16:35:00,YNDX,23.705,23.705,23.7,23.705,2350.0
2017-04-20 16:40:00,YNDX,23.705,23.705,23.7,23.705,0.0
2017-04-20 16:45:00,YNDX,23.705,23.705,23.7,23.705,0.0
2017-04-20 16:50:00,YNDX,23.705,23.705,23.7,23.705,0.0
2017-04-20 16:55:00,YNDX,23.705,23.705,23.7,23.705,0.0
2017-04-20 17:00:00,YNDX,23.705,23.705,23.7,23.705,0.0
2017-04-20 17:05:00,YNDX,23.705,23.705,23.7,23.705,0.0
2017-04-20 17:10:00,YNDX,23.705,23.705,23.705,23.705,0.0
2017-04-20 17:15:00,YNDX,23.705,23.705,23.705,23.705,0.0
2017-04-20 17:20:00,YNDX,23.705,23.705,23.705,23.705,0.0
2017-04-20 17:25:00,YNDX,23.705,23.705,23.705,23.705,0.0
2017-04-20 17:30:00,YNDX,23.705,23.705,23.705,23.705,0.0
2017-04-20 17:35:00,YNDX,23.705,23.705,23.005,23.005,0.0
2017-04-20 17:40:00,YNDX,23.005,23.005,23.005,23.005,0.0
2017-04-20 17:45:00,YNDX,23.005,23.005,23.005,23.005,0.0
2017-04-20 17:50:00,YNDX,23.005,23.005,23.005,23.005,0.0
2017-04-20 17:55:00,YNDX,23.005,23.005,23.005,23.005,0.0
2017-04-20 18:00:00,YNDX,23.005,23.005,23.005,23.005,0.0
2017-04-20 18:05:00,YNDX,23.005,23.005,23.005,23.005,0.0
2017-04-20 18:10:00,YNDX,23.005,23.005,23.005,23.005,0.0
2017-04-20 18:15:00,YNDX,23.005,23.005,23.005,23.005,0.0
2017-04-20 18:20:00,YNDX,23.005,23.005,23.005,23.005,0.0
2017-04-20 18:25:00,YNDX,23.005,23.005,23.005,23.005,0.0
2017-04-20 18:30:00,YNDX,23.005,23.005,23.005,23.005,0.0
2017-04-20 18:35:00,YNDX,23.005,23.005,23.005,23.005,0.0
2017-04-20 18:40:00,YNDX,23.005,23.005,23.005,23.005,0.0
2017-04-20 18:45:00,YNDX,23.005,23.005,23.005,23.005,0.0
2017-04-20 18:50:00,YNDX,23.005,23.005,23.005,23.005,0.0
2017-04-20 18:55:00,YNDX,23.005,23.005,23.005,23.005,0.0
2017-04-20 19:00:00,YNDX,23.005,23.005,23.005,23.005,0.0
2017-04-20 19:05:00,YNDX,23.005,23.005,23.005,23.005,0.0
2017-04-20 19:10:00,YNDX,23.005,23.005,23.005,23.005,0.0
2017-04-20 19:15:00,YNDX,23.005,23.005,23.005,23.005,0.0
2017-04-20 19:20:00,YNDX,23.005,23.005,23.005,23.005,0.0
2017-04-20 19:25:00,YNDX,23.005,23.005,23.005,23.005,0.0
2017-04-20 19:30:00,YNDX,23.005,23.005,23.005,23.005,0.0
2017-04-20 19:35:00,YNDX,23.005,23.005,23.005,23.005,0.0
2017-04-20 19:40:00,YNDX,23.005,23.005,23.005,23.005,0.0
2017-04-20 19:45:00,YNDX,23.005,23.005,23.005,23.005,0.0
2017-04-20 19:50:00,YNDX,23.005,23.005,23.005,23.005,0.0
2017-04-20 19:55:00,YNDX,23.005,23.005,23.005,23.005,0.0
2017-04-20 20:00:00,YNDX,23.005,23.005,23.005,23.005,0.0
2017-04-20 20:05:00,YNDX,23.005,35.015,22.05,35.015,0.0
2017-04-20 20:10:00,YNDX,35.015,35.015,35.015,35.015,0.0
2017-04-20 20:15:00,YNDX,35.015,35.015,35.015,35.015,0.0
2017-04-20 20:20:00,YNDX,35.015,35.015,35.015,35.015,0.0
2017-04-20 20:25:00,YNDX,35.015,35.015,35.015,35.015,0.0
2017-04-20 20:30:00,YNDX,35.015,35.015,35.015,35.015,0.0
2017-04-20 20:35:00,YNDX,35.015,35.015,35.015,35.015,0.0
2017-04-20 20:40:00,YNDX,35.015,35.015,35.015,35.015,0.0
2017-04-20 20:45:00,YNDX,35.015,35.015,35.015,35.015,0.0
2017-04-20 20:50:00,YNDX,35.015,35.015,35.015,35.015,0.0
2017-04-20 20:55:00,YNDX,35.015,35.015,35.015,35.015,0.0
2017-04-21 08:00:00,YNDX,23.605,23.64,23.5,23.595,0.0
2017-04-21 08:05:00,YNDX,23.595,23.595,23.5,23.52,0.0
2017-04-21 08:10:00,YNDX,23.52,23.57,23.515,23.515,0.0
2017-04-21 08:15:00,YNDX,23.515,23.555,23.515,23.555,0.0
2017-04-21 08:20:00,YNDX,23.555,23.57,23.515,23.565,0.0
2017-04-21 08:25:00,YNDX,23.565,23.575,23.515,23.57,0.0
2017-04-21 08:30:00,YNDX,23.57,23.595,23.515,23.595,0.0
2017-04-21 08:35:00,YNDX,23.595,23.595,23.515,23.565,0.0
2017-04-21 08:40:00,YNDX,23.565,23.59,23.515,23.565,0.0
2017-04-21 08:45:00,YNDX,23.565,23.57,23.515,23.57,0.0
2017-04-21 08:50:00,YNDX,23.57,23.61,23.515,23.61,0.0
2017-04-21 08:55:00,YNDX,23.61,23.61,23.61,23.61,0.0
2017-04-21 09:00:00,YNDX,23.61,23.61,23.61,23.61,0.0
2017-04-21 09:05:00,YNDX,23.61,23.61,23.49,23.52,100.0
2017-04-21 09:10:00,YNDX,23.52,23.52,23.49,23.515,0.0
2017-04-21 09:15:00,YNDX,23.515,23.52,23.49,23.495,0.0
2017-04-21 09:20:00,YNDX,23.495,23.495,23.485,23.495,0.0
2017-04-21 09:25:00,YNDX,23.495,23.495,23.49,23.495,0.0
2017-04-21 09:30:00,YNDX,23.495,23.52,23.355,23.395,300.0
2017-04-21 09:35:00,YNDX,23.395,23.415,23.3,23.33,32952.0
2017-04-21 09:40:00,YNDX,23.33,23.395,23.295,23.38,21682.0
2017-04-21 09:45:00,YNDX,23.38,23.445,23.37,23.445,10605.0
2017-04-21 09:50:00,YNDX,23.445,23.445,23.365,23.39,4851.0
2017-04-21 09:55:00,YNDX,23.39,23.405,23.335,23.345,14748.0
2017-04-21 10:00:00,YNDX,23.345,23.365,23.325,23.355,6564.0
2017-04-21 10:05:00,YNDX,23.355,23.375,23.265,23.31,13256.0
2017-04-21 10:10:00,YNDX,23.31,23.355,23.305,23.345,2397.0
2017-04-21 10:20:00,YNDX,23.345,23.365,23.325,23.335,13457.0
2017-04-21 10:25:00,YNDX,23.335,23.355,23.335,23.355,61021.0
2017-04-21 10:30:00,YNDX,23.355,23.405,23.355,23.405,11009.0
2017-04-21 10:35:00,YNDX,23.405,23.405,23.375,23.395,10110.0
2017-04-21 10:40:00,YNDX,23.395,23.405,23.365,23.365,17431.0
2017-04-21 10:45:00,YNDX,23.365,23.415,23.365,23.395,12291.0
2017-04-21 10:50:00,YNDX,23.395,23.395,23.325,23.325,10160.0
2017-04-21 10:55:00,YNDX,23.325,23.335,23.285,23.285,28811.0
2017-04-21 11:00:00,YNDX,23.285,23.285,23.235,23.265,34707.0
2017-04-21 11:05:00,YNDX,23.265,23.265,23.255,23.265,7794.0
2017-04-21 11:10:00,YNDX,23.265,23.275,23.265,23.265,14848.0
2017-04-21 11:15:00,YNDX,23.265,23.265,23.195,23.205,51526.0
2017-04-21 11:20:00,YNDX,23.205,23.225,23.205,23.225,15936.0
2017-04-21 11:25:00,YNDX,23.225,23.235,23.215,23.215,25151.0
2017-04-21 11:30:00,YNDX,23.215,23.215,23.175,23.185,32032.0
2017-04-21 11:35:00,YNDX,23.185,23.185,23.105,23.125,28907.0
2017-04-21 11:40:00,YNDX,23.125,23.125,23.125,23.125,3453.0
2017-04-21 11:45:00,YNDX,23.125,23.135,23.115,23.125,21534.0
2017-04-21 11:50:00,YNDX,23.125,23.125,23.035,23.055,65951.0
2017-04-21 11:55:00,YNDX,23.055,23.055,23.005,23.015,64308.0
2017-04-21 12:00:00,YNDX,23.015,23.05,23.015,23.035,49532.0
2017-04-21 12:05:00,YNDX,23.035,23.09,23.035,23.08,28370.0
2017-04-21 12:10:00,YNDX,23.08,23.085,23.065,23.085,15095.0
2017-04-21 12:15:00,YNDX,23.085,23.115,23.085,23.115,14810.0
2017-04-21 12:20:00,YNDX,23.115,23.115,23.095,23.105,12563.0
2017-04-21 12:25:00,YNDX,23.105,23.115,23.095,23.115,22278.0
2017-04-21 12:30:00,YNDX,23.115,23.145,23.115,23.145,11939.0
2017-04-21 12:35:00,YNDX,23.145,23.145,23.135,23.145,6395.0
2017-04-21 12:40:00,YNDX,23.145,23.145,23.115,23.125,9153.0
2017-04-21 12:45:00,YNDX,23.125,23.125,23.105,23.105,9331.0
2017-04-21 12:50:00,YNDX,23.105,23.125,23.105,23.125,15893.0
2017-04-21 12:55:00,YNDX,23.125,23.125,23.125,23.125,2439.0
2017-04-21 13:00:00,YNDX,23.125,23.125,23.105,23.105,24141.0
2017-04-21 13:05:00,YNDX,23.105,23.105,23.105,23.105,8696.0
2017-04-21 13:10:00,YNDX,23.105,23.105,23.065,23.075,49714.0
2017-04-21 13:15:00,YNDX,23.075,23.075,23.055,23.065,19660.0
2017-04-21 13:20:00,YNDX,23.065,23.075,23.065,23.075,10787.0
2017-04-21 13:25:00,YNDX,23.075,23.115,23.075,23.115,22697.0
2017-04-21 13:30:00,YNDX,23.115,23.145,23.115,23.125,7367.0
2017-04-21 13:35:00,YNDX,23.125,23.135,23.105,23.125,13239.0
2017-04-21 13:40:00,YNDX,23.125,23.125,23.115,23.115,2484.0
2017-04-21 13:45:00,YNDX,23.115,23.125,23.115,23.125,1945.0
2017-04-21 13:50:00,YNDX,23.125,23.135,23.125,23.135,4221.0
2017-04-21 13:55:00,YNDX,23.135,23.155,23.135,23.155,7410.0
2017-04-21 14:00:00,YNDX,23.155,23.205,23.155,23.205,17337.0
2017-04-21 14:05:00,YNDX,23.205,23.205,23.185,23.185,3451.0
2017-04-21 14:10:00,YNDX,23.185,23.195,23.185,23.185,4687.0
2017-04-21 14:15:00,YNDX,23.185,23.195,23.185,23.195,7005.0
2017-04-21 14:20:00,YNDX,23.195,23.195,23.185,23.185,7087.0
2017-04-21 14:25:00,YNDX,23.185,23.215,23.165,23.165,31742.0
2017-04-21 14:30:00,YNDX,23.165,23.185,23.165,23.175,7726.0
2017-04-21 14:35:00,YNDX,23.175,23.185,23.175,23.175,7345.0
2017-04-21 14:40:00,YNDX,23.175,23.175,23.175,23.175,5947.0
2017-04-21 14:45:00,YNDX,23.175,23.175,23.175,23.175,3941.0
2017-04-21 14:50:00,YNDX,23.175,23.175,23.105,23.105,26555.0
2017-04-21 14:55:00,YNDX,23.105,23.115,23.105,23.115,5795.0
2017-04-21 15:00:00,YNDX,23.115,23.125,23.115,23.125,8139.0
2017-04-21 15:05:00,YNDX,23.125,23.125,23.115,23.115,6979.0
2017-04-21 15:10:00,YNDX,23.115,23.115,23.085,23.095,17296.0
2017-04-21 15:15:00,YNDX,23.095,23.105,23.095,23.095,3787.0
2017-04-21 15:20:00,YNDX,23.095,23.115,23.095,23.115,9298.0
2017-04-21 15:25:00,YNDX,23.115,23.115,23.095,23.105,14518.0
2017-04-21 15:30:00,YNDX,23.105,23.115,23.105,23.105,16374.0
2017-04-21 15:35:00,YNDX,23.105,23.105,23.085,23.085,18930.0
2017-04-21 15:40:00,YNDX,23.085,23.085,23.075,23.085,21144.0
2017-04-21 15:45:00,YNDX,23.085,23.105,23.085,23.105,31976.0
2017-04-21 15:50:00,YNDX,23.105,23.105,23.075,23.085,39354.0
2017-04-21 15:55:00,YNDX,23.085,23.105,23.065,23.105,87664.0
2017-04-21 16:00:00,YNDX,23.105,23.105,23.075,23.075,123373.0
2017-04-21 16:05:00,YNDX,23.075,23.09,23.04,23.09,69992.0
2017-04-21 16:10:00,YNDX,23.09,23.185,23.09,23.18,1416.0
2017-04-21 16:15:00,YNDX,23.18,23.18,23.14,23.15,0.0
2017-04-21 16:20:00,YNDX,23.15,23.155,23.15,23.15,0.0
2017-04-21 16:25:00,YNDX,23.15,23.155,23.15,23.15,0.0
2017-04-21 16:30:00,YNDX,23.15,23.155,23.15,23.15,0.0
2017-04-21 16:35:00,YNDX,23.15,23.155,23.15,23.15,1596.0
2017-04-21 16:40:00,YNDX,23.15,23.155,23.15,23.15,0.0
2017-04-21 16:45:00,YNDX,23.15,23.155,23.15,23.15,0.0
2017-04-21 16:50:00,YNDX,23.15,23.155,23.15,23.15,0.0
2017-04-21 16:55:00,YNDX,23.15,23.155,23.15,23.15,0.0
2017-04-21 17:00:00,YNDX,23.15,23.155,23.15,23.15,0.0
2017-04-21 17:05:00,YNDX,23.15,23.46,22.605,23.455,0.0
2017-04-21 17:10:00,YNDX,23.455,23.46,23.455,23.455,0.0
2017-04-21 17:15:00,YNDX,23.455,23.46,23.455,23.455,0.0
2017-04-21 17:20:00,YNDX,23.455,23.455,23.455,23.455,0.0
2017-04-21 17:25:00,YNDX,23.455,23.455,23.455,23.455,0.0
2017-04-21 17:30:00,YNDX,23.455,23.455,23.455,23.455,0.0
2017-04-21 17:35:00,YNDX,23.455,23.455,23.455,23.455,0.0
2017-04-21 17:40:00,YNDX,23.455,23.455,23.455,23.455,0.0
2017-04-21 17:45:00,YNDX,23.455,23.455,23.455,23.455,0.0
2017-04-21 17:50:00,YNDX,23.455,23.455,23.455,23.455,0.0
2017-04-21 17:55:00,YNDX,23.455,23.455,23.455,23.455,0.0
2017-04-21 18:00:00,YNDX,23.455,23.455,23.455,23.455,0.0
2017-04-21 18:05:00,YNDX,23.455,23.455,23.455,23.455,0.0
2017-04-21 18:10:00,YNDX,23.455,23.455,23.455,23.455,0.0
2017-04-21 18:15:00,YNDX,23.455,23.455,23.455,23.455,0.0
2017-04-21 18:20:00,YNDX,23.455,23.455,23.455,23.455,0.0
2017-04-21 18:25:00,YNDX,23.455,23.455,23.455,23.455,0.0
2017-04-21 18:30:00,YNDX,23.455,23.455,23.455,23.455,0.0
2017-04-21 18:35:00,YNDX,23.455,23.455,23.455,23.455,0.0
2017-04-21 18:40:00,YNDX,23.455,23.455,23.455,23.455,0.0
2017-04-21 18:45:00,YNDX,23.455,23.455,23.455,23.455,0.0
2017-04-21 18:50:00,YNDX,23.455,23.455,23.455,23.455,0.0
2017-04-21 18:55:00,YNDX,23.455,23.455,23.455,23.455,0.0
2017-04-21 19:00:00,YNDX,23.455,23.455,23.455,23.455,0.0
2017-04-21 19:05:00,YNDX,23.455,23.455,23.455,23.455,0.0
2017-04-21 19:10:00,YNDX,23.455,23.455,23.455,23.455,0.0
2017-04-21 19:15:00,YNDX,23.455,23.455,23.455,23.455,0.0
2017-04-21 19:20:00,YNDX,23.455,23.455,23.455,23.455,0.0
2017-04-21 19:25:00,YNDX,23.455,23.455,23.455,23.455,0.0
2017-04-21 19:30:00,YNDX,23.455,23.455,23.455,23.455,0.0
2017-04-21 19:35:00,YNDX,23.455,23.455,23.455,23.455,0.0
2017-04-21 19:40:00,YNDX,23.455,23.455,23.455,23.455,0.0
2017-04-21 19:45:00,YNDX,23.455,23.455,23.455,23.455,0.0
2017-04-21 19:50:00,YNDX,23.455,23.455,23.455,23.455,0.0
2017-04-21 19:55:00,YNDX,23.455,23.455,23.455,23.455,0.0
2017-04-21 20:00:00,YNDX,23.455,24.035,23.455,24.035,0.0
2017-04-21 20:05:00,YNDX,24.035,36.55,24.035,35.59,0.0
2017-04-21 20:10:00,YNDX,35.59,35.59,35.59,35.59,0.0
2017-04-21 20:15:00,YNDX,35.59,35.59,35.59,35.59,0.0
2017-04-21 20:20:00,YNDX,35.59,35.59,35.59,35.59,0.0
2017-04-21 20:25:00,YNDX,35.59,35.59,35.59,35.59,0.0
2017-04-21 20:30:00,YNDX,35.59,35.59,35.59,35.59,0.0
2017-04-21 20:35:00,YNDX,35.59,35.59,35.59,35.59,0.0
2017-04-21 20:40:00,YNDX,35.59,35.59,35.59,35.59,0.0
2017-04-21 20:45:00,YNDX,35.59,35.59,35.59,35.59,0.0
2017-04-21 20:50:00,YNDX,35.59,35.59,35.59,35.59,0.0
2017-04-21 20:55:00,YNDX,35.59,35.59,35.59,35.59,0.0
2017-04-22 08:00:00,YNDX,35.59,35.59,35.59,35.59,0.0
2017-04-22 08:05:00,YNDX,35.59,35.59,35.59,35.59,0.0
2017-04-22 08:10:00,YNDX,35.59,35.59,35.59,35.59,0.0
2017-04-22 08:15:00,YNDX,35.59,35.59,35.59,35.59,0.0
2017-04-22 08:20:00,YNDX,35.59,35.59,35.59,35.59,0.0
2017-04-22 08:25:00,YNDX,35.59,35.59,35.59,35.59,0.0
2017-04-22 08:30:00,YNDX,35.59,35.59,35.59,35.59,0.0
2017-04-22 08:35:00,YNDX,35.59,35.59,35.59,35.59,0.0
2017-04-22 08:40:00,YNDX,35.59,35.59,35.59,35.59,0.0
2017-04-22 08:45:00,YNDX,35.59,35.59,35.59,35.59,0.0
2017-04-22 08:50:00,YNDX,35.59,35.59,35.59,35.59,0.0
2017-04-22 08:55:00,YNDX,35.59,35.59,35.59,35.59,0.0
2017-04-22 09:00:00,YNDX,35.59,35.59,35.59,35.59,0.0
2017-04-22 09:05:00,YNDX,35.59,35.59,35.59,35.59,0.0
2017-04-22 09:10:00,YNDX,35.59,35.59,35.59,35.59,0.0
2017-04-22 09:15:00,YNDX,35.59,35.59,35.59,35.59,0.0
2017-04-22 09:20:00,YNDX,35.59,35.59,35.59,35.59,0.0
2017-04-22 09:25:00,YNDX,35.59,35.59,35.59,35.59,0.0
2017-04-22 09:30:00,YNDX,35.59,35.59,35.59,35.59,0.0
2017-04-22 09:35:00,YNDX,35.59,35.59,35.59,35.59,0.0
2017-04-22 09:40:00,YNDX,35.59,35.59,35.59,35.59,0.0
2017-04-22 09:45:00,YNDX,35.59,35.59,35.59,35.59,0.0
2017-04-22 09:50:00,YNDX,35.59,35.59,35.59,35.59,0.0
2017-04-22 09:55:00,YNDX,35.59,35.59,35.59,35.59,0.0
2017-04-22 10:00:00,YNDX,35.59,35.59,35.59,35.59,0.0
2017-04-22 10:05:00,YNDX,35.59,35.59,35.59,35.59,0.0
2017-04-22 10:10:00,YNDX,35.59,35.59,35.59,35.59,0.0
2017-04-22 10:15:00,YNDX,35.59,35.59,35.59,35.59,0.0
2017-04-22 10:20:00,YNDX,35.59,35.59,35.59,35.59,0.0
2017-04-22 10:25:00,YNDX,35.59,35.59,35.59,35.59,0.0
2017-04-22 10:30:00,YNDX,35.59,35.59,35.59,35.59,0.0
2017-04-22 10:35:00,YNDX,35.59,35.59,35.59,35.59,0.0
2017-04-22 10:40:00,YNDX,35.59,35.59,35.59,35.59,0.0
2017-04-22 10:45:00,YNDX,35.59,35.59,35.59,35.59,0.0
2017-04-22 10:50:00,YNDX,35.59,35.59,35.59,35.59,0.0
2017-04-22 10:55:00,YNDX,35.59,35.59,35.59,35.59,0.0
2017-04-22 11:00:00,YNDX,35.59,35.59,35.59,35.59,0.0
2017-04-22 11:05:00,YNDX,35.59,35.59,35.59,35.59,0.0
2017-04-22 11:10:00,YNDX,35.59,35.59,35.59,35.59,0.0
2017-04-22 11:15:00,YNDX,35.59,35.59,35.59,35.59,0.0
2017-04-22 11:20:00,YNDX,35.59,35.59,35.59,35.59,0.0
2017-04-22 11:25:00,YNDX,35.59,35.59,35.59,35.59,0.0
2017-04-22 11:30:00,YNDX,35.59,35.59,35.59,35.59,0.0
2017-04-22 11:35:00,YNDX,35.59,35.59,35.59,35.59,0.0
2017-04-22 11:40:00,YNDX,35.59,35.59,35.59,35.59,0.0
2017-04-22 11:45:00,YNDX,35.59,35.59,35.59,35.59,0.0
2017-04-22 11:50:00,YNDX,35.59,35.59,35.59,35.59,0.0
2017-04-22 11:55:00,YNDX,35.59,35.59,35.59,35.59,0.0
2017-04-22 12:00:00,YNDX,35.59,35.59,35.59,35.59,0.0
2017-04-22 12:05:00,YNDX,35.59,35.59,35.59,35.59,0.0
2017-04-22 12:10:00,YNDX,35.59,35.59,35.59,35.59,0.0
2017-04-22 12:15:00,YNDX,35.59,35.59,35.59,35.59,0.0
2017-04-22 12:20:00,YNDX,35.59,35.59,35.59,35.59,0.0
2017-04-22 12:25:00,YNDX,35.59,35.59,35.59,35.59,0.0
2017-04-22 12:30:00,YNDX,35.59,35.59,35.59,35.59,0.0
2017-04-22 12:35:00,YNDX,35.59,35.59,35.59,35.59,0.0
2017-04-22 12:40:00,YNDX,35.59,35.59,35.59,35.59,0.0
2017-04-22 12:45:00,YNDX,35.59,35.59,35.59,35.59,0.0
2017-04-22 12:50:00,YNDX,35.59,35.59,35.59,35.59,0.0
2017-04-22 12:55:00,YNDX,35.59,35.59,35.59,35.59,0.0
2017-04-22 13:00:00,YNDX,35.59,35.59,35.59,35.59,0.0
2017-04-22 13:05:00,YNDX,35.59,35.59,35.59,35.59,0.0
2017-04-22 13:10:00,YNDX,35.59,35.59,35.59,35.59,0.0
2017-04-22 13:15:00,YNDX,35.59,35.59,35.59,35.59,0.0
2017-04-22 13:20:00,YNDX,35.59,35.59,35.59,35.59,0.0
2017-04-22 13:25:00,YNDX,35.59,35.59,35.59,35.59,0.0
2017-04-22 13:30:00,YNDX,35.59,35.59,35.59,35.59,0.0
2017-04-22 13:35:00,YNDX,35.59,35.59,35.59,35.59,0.0
2017-04-22 13:40:00,YNDX,35.59,35.59,35.59,35.59,0.0
2017-04-22 13:45:00,YNDX,35.59,35.59,35.59,35.59,0.0
2017-04-22 13:50:00,YNDX,35.59,35.59,35.59,35.59,0.0
2017-04-22 13:55:00,YNDX,35.59,35.59,35.59,35.59,0.0
2017-04-22 14:00:00,YNDX,35.59,35.59,35.59,35.59,0.0
2017-04-22 14:05:00,YNDX,35.59,35.59,35.59,35.59,0.0
2017-04-22 14:10:00,YNDX,35.59,35.59,35.59,35.59,0.0
2017-04-22 14:15:00,YNDX,35.59,35.59,35.59,35.59,0.0
2017-04-22 14:20:00,YNDX,35.59,35.59,35.59,35.59,0.0
2017-04-22 14:25:00,YNDX,35.59,35.59,35.59,35.59,0.0
2017-04-22 14:30:00,YNDX,35.59,35.59,35.59,35.59,0.0
2017-04-22 14:35:00,YNDX,35.59,35.59,35.59,35.59,0.0
2017-04-22 14:40:00,YNDX,35.59,35.59,35.59,35.59,0.0
2017-04-22 14:45:00,YNDX,35.59,35.59,35.59,35.59,0.0
2017-04-22 14:50:00,YNDX,35.59,35.59,35.59,35.59,0.0
2017-04-22 14:55:00,YNDX,35.59,35.59,35.59,35.59,0.0
2017-04-22 15:00:00,YNDX,35.59,35.59,35.59,35.59,0.0
2017-04-22 15:05:00,YNDX,35.59,35.59,35.59,35.59,0.0
2017-04-22 15:10:00,YNDX,35.59,35.59,35.59,35.59,0.0
2017-04-22 15:15:00,YNDX,35.59,35.59,35.59,35.59,0.0
2017-04-22 15:20:00,YNDX,35.59,35.59,35.59,35.59,0.0
2017-04-22 15:25:00,YNDX,35.59,35.59,35.59,35.59,0.0
2017-04-22 15:30:00,YNDX,35.59,35.59,35.59,35.59,0.0
2017-04-22 15:35:00,YNDX,35.59,35.59,35.59,35.59,0.0
2017-04-22 15:40:00,YNDX,35.59,35.59,35.59,35.59,0.0
2017-04-22 15:45:00,YNDX,35.59,35.59,35.59,35.59,0.0
2017-04-22 15:50:00,YNDX,35.59,35.59,35.59,35.59,0.0
2017-04-22 15:55:00,YNDX,35.59,35.59,35.59,35.59,0.0
2017-04-22 16:00:00,YNDX,35.59,35.59,35.59,35.59,0.0
2017-04-22 16:05:00,YNDX,35.59,35.59,35.59,35.59,0.0
2017-04-22 16:10:00,YNDX,35.59,35.59,35.59,35.59,0.0
2017-04-22 16:15:00,YNDX,35.59,35.59,35.59,35.59,0.0
2017-04-22 16:20:00,YNDX,35.59,35.59,35.59,35.59,0.0
2017-04-22 16:25:00,YNDX,35.59,35.59,35.59,35.59,0.0
2017-04-22 16:30:00,YNDX,35.59,35.59,35.59,35.59,0.0
2017-04-22 16:35:00,YNDX,35.59,35.59,35.59,35.59,0.0
2017-04-22 16:40:00,YNDX,35.59,35.59,35.59,35.59,0.0
2017-04-22 16:45:00,YNDX,35.59,35.59,35.59,35.59,0.0
2017-04-22 16:50:00,YNDX,35.59,35.59,35.59,35.59,0.0
2017-04-22 16:55:00,YNDX,35.59,35.59,35.59,35.59,0.0
2017-04-22 17:00:00,YNDX,35.59,35.59,35.59,35.59,0.0
2017-04-22 17:05:00,YNDX,35.59,35.59,35.59,35.59,0.0
2017-04-22 17:10:00,YNDX,35.59,35.59,35.59,35.59,0.0
2017-04-22 17:15:00,YNDX,35.59,35.59,35.59,35.59,0.0
2017-04-22 17:20:00,YNDX,35.59,35.59,35.59,35.59,0.0
2017-04-22 17:25:00,YNDX,35.59,35.59,35.59,35.59,0.0
2017-04-22 17:30:00,YNDX,35.59,35.59,35.59,35.59,0.0
2017-04-22 17:35:00,YNDX,35.59,35.59,35.59,35.59,0.0
2017-04-22 17:40:00,YNDX,35.59,35.59,35.59,35.59,0.0
2017-04-22 17:45:00,YNDX,35.59,35.59,35.59,35.59,0.0
2017-04-22 17:50:00,YNDX,35.59,35.59,35.59,35.59,0.0
2017-04-22 17:55:00,YNDX,35.59,35.59,35.59,35.59,0.0
2017-04-22 18:00:00,YNDX,35.59,35.59,35.59,35.59,0.0
2017-04-22 18:05:00,YNDX,35.59,35.59,35.59,35.59,0.0
2017-04-22 18:10:00,YNDX,35.59,35.59,35.59,35.59,0.0
2017-04-22 18:15:00,YNDX,35.59,35.59,35.59,35.59,0.0
2017-04-22 18:20:00,YNDX,35.59,35.59,35.59,35.59,0.0
2017-04-22 18:25:00,YNDX,35.59,35.59,35.59,35.59,0.0
2017-04-22 18:30:00,YNDX,35.59,35.59,35.59,35.59,0.0
2017-04-22 18:35:00,YNDX,35.59,35.59,35.59,35.59,0.0
2017-04-22 18:40:00,YNDX,35.59,35.59,35.59,35.59,0.0
2017-04-22 18:45:00,YNDX,35.59,35.59,35.59,35.59,0.0
2017-04-22 18:50:00,YNDX,35.59,35.59,35.59,35.59,0.0
2017-04-22 18:55:00,YNDX,35.59,35.59,35.59,35.59,0.0
2017-04-22 19:00:00,YNDX,35.59,35.59,35.59,35.59,0.0
2017-04-22 19:05:00,YNDX,35.59,35.59,35.59,35.59,0.0
2017-04-22 19:10:00,YNDX,35.59,35.59,35.59,35.59,0.0
2017-04-22 19:15:00,YNDX,35.59,35.59,35.59,35.59,0.0
2017-04-22 19:20:00,YNDX,35.59,35.59,35.59,35.59,0.0
2017-04-22 19:25:00,YNDX,35.59,35.59,35.59,35.59,0.0
2017-04-22 19:30:00,YNDX,35.59,35.59,35.59,35.59,0.0
2017-04-22 19:35:00,YNDX,35.59,35.59,35.59,35.59,0.0
2017-04-22 19:40:00,YNDX,35.59,35.59,35.59,35.59,0.0
2017-04-22 19:45:00,YNDX,35.59,35.59,35.59,35.59,0.0
2017-04-22 19:50:00,YNDX,35.59,35.59,35.59,35.59,0.0
2017-04-22 19:55:00,YNDX,35.59,35.59,35.59,35.59,0.0
2017-04-22 20:00:00,YNDX,35.59,35.59,35.59,35.59,0.0
2017-04-22 20:05:00,YNDX,35.59,35.59,35.59,35.59,0.0
2017-04-22 20:10:00,YNDX,35.59,35.59,35.59,35.59,0.0
2017-04-22 20:15:00,YNDX,35.59,35.59,35.59,35.59,0.0
2017-04-22 20:20:00,YNDX,35.59,35.59,35.59,35.59,0.0
2017-04-22 20:25:00,YNDX,35.59,35.59,35.59,35.59,0.0
2017-04-22 20:30:00,YNDX,35.59,35.59,35.59,35.59,0.0
2017-04-22 20:35:00,YNDX,35.59,35.59,35.59,35.59,0.0
2017-04-22 20:40:00,YNDX,35.59,35.59,35.59,35.59,0.0
2017-04-22 20:45:00,YNDX,35.59,35.59,35.59,35.59,0.0
2017-04-22 20:50:00,YNDX,35.59,35.59,35.59,35.59,0.0
2017-04-22 20:55:00,YNDX,35.59,35.59,35.59,35.59,0.0
2017-04-23 08:00:00,YNDX,35.59,35.59,35.59,35.59,0.0
2017-04-23 08:05:00,YNDX,35.59,35.59,35.59,35.59,0.0
2017-04-23 08:10:00,YNDX,35.59,35.59,35.59,35.59,0.0
2017-04-23 08:15:00,YNDX,35.59,35.59,35.59,35.59,0.0
2017-04-23 08:20:00,YNDX,35.59,35.59,35.59,35.59,0.0
2017-04-23 08:25:00,YNDX,35.59,35.59,35.59,35.59,0.0
2017-04-23 08:30:00,YNDX,35.59,35.59,35.59,35.59,0.0
2017-04-23 08:35:00,YNDX,35.59,35.59,35.59,35.59,0.0
2017-04-23 08:40:00,YNDX,35.59,35.59,35.59,35.59,0.0
2017-04-23 08:45:00,YNDX,35.59,35.59,35.59,35.59,0.0
2017-04-23 08:50:00,YNDX,35.59,35.59,35.59,35.59,0.0
2017-04-23 08:55:00,YNDX,35.59,35.59,35.59,35.59,0.0
2017-04-23 09:00:00,YNDX,35.59,35.59,35.59,35.59,0.0
2017-04-23 09:05:00,YNDX,35.59,35.59,35.59,35.59,0.0
2017-04-23 09:10:00,YNDX,35.59,35.59,35.59,35.59,0.0
2017-04-23 09:15:00,YNDX,35.59,35.59,35.59,35.59,0.0
2017-04-23 09:20:00,YNDX,35.59,35.59,35.59,35.59,0.0
2017-04-23 09:25:00,YNDX,35.59,35.59,35.59,35.59,0.0
2017-04-23 09:30:00,YNDX,35.59,35.59,35.59,35.59,0.0
2017-04-23 09:35:00,YNDX,35.59,35.59,35.59,35.59,0.0
2017-04-23 09:40:00,YNDX,35.59,35.59,35.59,35.59,0.0
2017-04-23 09:45:00,YNDX,35.59,35.59,35.59,35.59,0.0
2017-04-23 09:50:00,YNDX,35.59,35.59,35.59,35.59,0.0
2017-04-23 09:55:00,YNDX,35.59,35.59,35.59,35.59,0.0
2017-04-23 10:00:00,YNDX,35.59,35.59,35.59,35.59,0.0
2017-04-23 10:05:00,YNDX,35.59,35.59,35.59,35.59,0.0
2017-04-23 10:10:00,YNDX,35.59,35.59,35.59,35.59,0.0
2017-04-23 10:15:00,YNDX,35.59,35.59,35.59,35.59,0.0
2017-04-23 10:20:00,YNDX,35.59,35.59,35.59,35.59,0.0
2017-04-23 10:25:00,YNDX,35.59,35.59,35.59,35.59,0.0
2017-04-23 10:30:00,YNDX,35.59,35.59,35.59,35.59,0.0
2017-04-23 10:35:00,YNDX,35.59,35.59,35.59,35.59,0.0
2017-04-23 10:40:00,YNDX,35.59,35.59,35.59,35.59,0.0
2017-04-23 10:45:00,YNDX,35.59,35.59,35.59,35.59,0.0
2017-04-23 10:50:00,YNDX,35.59,35.59,35.59,35.59,0.0
2017-04-23 10:55:00,YNDX,35.59,35.59,35.59,35.59,0.0
2017-04-23 11:00:00,YNDX,35.59,35.59,35.59,35.59,0.0
2017-04-23 11:05:00,YNDX,35.59,35.59,35.59,35.59,0.0
2017-04-23 11:10:00,YNDX,35.59,35.59,35.59,35.59,0.0
2017-04-23 11:15:00,YNDX,35.59,35.59,35.59,35.59,0.0
2017-04-23 11:20:00,YNDX,35.59,35.59,35.59,35.59,0.0
2017-04-23 11:25:00,YNDX,35.59,35.59,35.59,35.59,0.0
2017-04-23 11:30:00,YNDX,35.59,35.59,35.59,35.59,0.0
2017-04-23 11:35:00,YNDX,35.59,35.59,35.59,35.59,0.0
2017-04-23 11:40:00,YNDX,35.59,35.59,35.59,35.59,0.0
2017-04-23 11:45:00,YNDX,35.59,35.59,35.59,35.59,0.0
2017-04-23 11:50:00,YNDX,35.59,35.59,35.59,35.59,0.0
2017-04-23 11:55:00,YNDX,35.59,35.59,35.59,35.59,0.0
2017-04-23 12:00:00,YNDX,35.59,35.59,35.59,35.59,0.0
2017-04-23 12:05:00,YNDX,35.59,35.59,35.59,35.59,0.0
2017-04-23 12:10:00,YNDX,35.59,35.59,35.59,35.59,0.0
2017-04-23 12:15:00,YNDX,35.59,35.59,35.59,35.59,0.0
2017-04-23 12:20:00,YNDX,35.59,35.59,35.59,35.59,0.0
2017-04-23 12:25:00,YNDX,35.59,35.59,35.59,35.59,0.0
2017-04-23 12:30:00,YNDX,35.59,35.59,35.59,35.59,0.0
2017-04-23 12:35:00,YNDX,35.59,35.59,35.59,35.59,0.0
2017-04-23 12:40:00,YNDX,35.59,35.59,35.59,35.59,0.0
2017-04-23 12:45:00,YNDX,35.59,35.59,35.59,35.59,0.0
2017-04-23 12:50:00,YNDX,35.59,35.59,35.59,35.59,0.0
2017-04-23 12:55:00,YNDX,35.59,35.59,35.59,35.59,0.0
2017-04-23 13:00:00,YNDX,35.59,35.59,35.59,35.59,0.0
2017-04-23 13:05:00,YNDX,35.59,35.59,35.59,35.59,0.0
2017-04-23 13:10:00,YNDX,35.59,35.59,35.59,35.59,0.0
2017-04-23 13:15:00,YNDX,35.59,35.59,35.59,35.59,0.0
2017-04-23 13:20:00,YNDX,35.59,35.59,35.59,35.59,0.0
2017-04-23 13:25:00,YNDX,35.59,35.59,35.59,35.59,0.0
2017-04-23 13:30:00,YNDX,35.59,35.59,35.59,35.59,0.0
2017-04-23 13:35:00,YNDX,35.59,35.59,35.59,35.59,0.0
2017-04-23 13:40:00,YNDX,35.59,35.59,35.59,35.59,0.0
2017-04-23 13:45:00,YNDX,35.59,35.59,35.59,35.59,0.0
2017-04-23 13:50:00,YNDX,35.59,35.59,35.59,35.59,0.0
2017-04-23 13:55:00,YNDX,35.59,35.59,35.59,35.59,0.0
2017-04-23 14:00:00,YNDX,35.59,35.59,35.59,35.59,0.0
2017-04-23 14:05:00,YNDX,35.59,35.59,35.59,35.59,0.0
2017-04-23 14:10:00,YNDX,35.59,35.59,35.59,35.59,0.0
2017-04-23 14:15:00,YNDX,35.59,35.59,35.59,35.59,0.0
2017-04-23 14:20:00,YNDX,35.59,35.59,35.59,35.59,0.0
2017-04-23 14:25:00,YNDX,35.59,35.59,35.59,35.59,0.0
2017-04-23 14:30:00,YNDX,35.59,35.59,35.59,35.59,0.0
2017-04-23 14:35:00,YNDX,35.59,35.59,35.59,35.59,0.0
2017-04-23 14:40:00,YNDX,35.59,35.59,35.59,35.59,0.0
2017-04-23 14:45:00,YNDX,35.59,35.59,35.59,35.59,0.0
2017-04-23 14:50:00,YNDX,35.59,35.59,35.59,35.59,0.0
2017-04-23 14:55:00,YNDX,35.59,35.59,35.59,35.59,0.0
2017-04-23 15:00:00,YNDX,35.59,35.59,35.59,35.59,0.0
2017-04-23 15:05:00,YNDX,35.59,35.59,35.59,35.59,0.0
2017-04-23 15:10:00,YNDX,35.59,35.59,35.59,35.59,0.0
2017-04-23 15:15:00,YNDX,35.59,35.59,35.59,35.59,0.0
2017-04-23 15:20:00,YNDX,35.59,35.59,35.59,35.59,0.0
2017-04-23 15:25:00,YNDX,35.59,35.59,35.59,35.59,0.0
2017-04-23 15:30:00,YNDX,35.59,35.59,35.59,35.59,0.0
2017-04-23 15:35:00,YNDX,35.59,35.59,35.59,35.59,0.0
2017-04-23 15:40:00,YNDX,35.59,35.59,35.59,35.59,0.0
2017-04-23 15:45:00,YNDX,35.59,35.59,35.59,35.59,0.0
2017-04-23 15:50:00,YNDX,35.59,35.59,35.59,35.59,0.0
2017-04-23 15:55:00,YNDX,35.59,35.59,35.59,35.59,0.0
2017-04-23 16:00:00,YNDX,35.59,35.59,35.59,35.59,0.0
2017-04-23 16:05:00,YNDX,35.59,35.59,35.59,35.59,0.0
2017-04-23 16:10:00,YNDX,35.59,35.59,35.59,35.59,0.0
2017-04-23 16:15:00,YNDX,35.59,35.59,35.59,35.59,0.0
2017-04-23 16:20:00,YNDX,35.59,35.59,35.59,35.59,0.0
2017-04-23 16:25:00,YNDX,35.59,35.59,35.59,35.59,0.0
2017-04-23 16:30:00,YNDX,35.59,35.59,35.59,35.59,0.0
2017-04-23 16:35:00,YNDX,35.59,35.59,35.59,35.59,0.0
2017-04-23 16:40:00,YNDX,35.59,35.59,35.59,35.59,0.0
2017-04-23 16:45:00,YNDX,35.59,35.59,35.59,35.59,0.0
2017-04-23 16:50:00,YNDX,35.59,35.59,35.59,35.59,0.0
2017-04-23 16:55:00,YNDX,35.59,35.59,35.59,35.59,0.0
2017-04-23 17:00:00,YNDX,35.59,35.59,35.59,35.59,0.0
2017-04-23 17:05:00,YNDX,35.59,35.59,35.59,35.59,0.0
2017-04-23 17:10:00,YNDX,35.59,35.59,35.59,35.59,0.0
2017-04-23 17:15:00,YNDX,35.59,35.59,35.59,35.59,0.0
2017-04-23 17:20:00,YNDX,35.59,35.59,35.59,35.59,0.0
2017-04-23 17:25:00,YNDX,35.59,35.59,35.59,35.59,0.0
2017-04-23 17:30:00,YNDX,35.59,35.59,35.59,35.59,0.0
2017-04-23 17:35:00,YNDX,35.59,35.59,35.59,35.59,0.0
2017-04-23 17:40:00,YNDX,35.59,35.59,35.59,35.59,0.0
2017-04-23 17:45:00,YNDX,35.59,35.59,35.59,35.59,0.0
2017-04-23 17:50:00,YNDX,35.59,35.59,35.59,35.59,0.0
2017-04-23 17:55:00,YNDX,35.59,35.59,35.59,35.59,0.0
2017-04-23 18:00:00,YNDX,35.59,35.59,35.59,35.59,0.0
2017-04-23 18:05:00,YNDX,35.59,35.59,35.59,35.59,0.0
2017-04-23 18:10:00,YNDX,35.59,35.59,35.59,35.59,0.0
2017-04-23 18:15:00,YNDX,35.59,35.59,35.59,35.59,0.0
2017-04-23 18:20:00,YNDX,35.59,35.59,35.59,35.59,0.0
2017-04-23 18:25:00,YNDX,35.59,35.59,35.59,35.59,0.0
2017-04-23 18:30:00,YNDX,35.59,35.59,35.59,35.59,0.0
2017-04-23 18:35:00,YNDX,35.59,35.59,35.59,35.59,0.0
2017-04-23 18:40:00,YNDX,35.59,35.59,35.59,35.59,0.0
2017-04-23 18:45:00,YNDX,35.59,35.59,35.59,35.59,0.0
2017-04-23 18:50:00,YNDX,35.59,35.59,35.59,35.59,0.0
2017-04-23 18:55:00,YNDX,35.59,35.59,35.59,35.59,0.0
2017-04-23 19:00:00,YNDX,35.59,35.59,35.59,35.59,0.0
2017-04-23 19:05:00,YNDX,35.59,35.59,35.59,35.59,0.0
2017-04-23 19:10:00,YNDX,35.59,35.59,35.59,35.59,0.0
2017-04-23 19:15:00,YNDX,35.59,35.59,35.59,35.59,0.0
2017-04-23 19:20:00,YNDX,35.59,35.59,35.59,35.59,0.0
2017-04-23 19:25:00,YNDX,35.59,35.59,35.59,35.59,0.0
2017-04-23 19:30:00,YNDX,35.59,35.59,35.59,35.59,0.0
2017-04-23 19:35:00,YNDX,35.59,35.59,35.59,35.59,0.0
2017-04-23 19:40:00,YNDX,35.59,35.59,35.59,35.59,0.0
2017-04-23 19:45:00,YNDX,35.59,35.59,35.59,35.59,0.0
2017-04-23 19:50:00,YNDX,35.59,35.59,35.59,35.59,0.0
2017-04-23 19:55:00,YNDX,35.59,35.59,35.59,35.59,0.0
2017-04-23 20:00:00,YNDX,35.59,35.59,35.59,35.59,0.0
2017-04-23 20:05:00,YNDX,35.59,35.59,35.59,35.59,0.0
2017-04-23 20:10:00,YNDX,35.59,35.59,35.59,35.59,0.0
2017-04-23 20:15:00,YNDX,35.59,35.59,35.59,35.59,0.0
2017-04-23 20:20:00,YNDX,35.59,35.59,35.59,35.59,0.0
2017-04-23 20:25:00,YNDX,35.59,35.59,35.59,35.59,0.0
2017-04-23 20:30:00,YNDX,35.59,35.59,35.59,35.59,0.0
2017-04-23 20:35:00,YNDX,35.59,35.59,35.59,35.59,0.0
2017-04-23 20:40:00,YNDX,35.59,35.59,35.59,35.59,0.0
2017-04-23 20:45:00,YNDX,35.59,35.59,35.59,35.59,0.0
2017-04-23 20:50:00,YNDX,35.59,35.59,35.59,35.59,0.0
2017-04-23 20:55:00,YNDX,35.59,35.59,35.59,35.59,0.0
2017-04-24 08:00:00,YNDX,23.565,23.57,23.565,23.57,0.0
2017-04-24 08:05:00,YNDX,23.57,23.57,23.57,23.57,0.0
2017-04-24 08:10:00,YNDX,23.57,23.57,23.57,23.57,0.0
2017-04-24 08:15:00,YNDX,23.57,23.57,23.565,23.57,0.0
2017-04-24 08:20:00,YNDX,23.57,23.575,23.56,23.57,0.0
2017-04-24 08:25:00,YNDX,23.57,23.625,23.57,23.575,0.0
2017-04-24 08:30:00,YNDX,23.575,23.6,23.575,23.575,0.0
2017-04-24 08:35:00,YNDX,23.575,23.61,23.57,23.605,0.0
2017-04-24 08:40:00,YNDX,23.605,23.615,23.575,23.595,0.0
2017-04-24 08:45:00,YNDX,23.595,23.615,23.575,23.59,400.0
2017-04-24 08:50:00,YNDX,23.59,23.61,23.575,23.605,0.0
2017-04-24 08:55:00,YNDX,23.605,23.61,23.57,23.595,0.0
2017-04-24 09:00:00,YNDX,23.595,23.595,23.575,23.585,0.0
2017-04-24 09:05:00,YNDX,23.585,23.59,23.575,23.59,0.0
2017-04-24 09:10:00,YNDX,23.59,23.595,23.565,23.565,0.0
2017-04-24 09:15:00,YNDX,23.565,23.575,23.56,23.57,0.0
2017-04-24 09:20:00,YNDX,23.57,23.59,23.52,23.57,100.0
2017-04-24 09:25:00,YNDX,23.57,23.585,23.505,23.56,0.0
2017-04-24 09:30:00,YNDX,23.56,23.585,23.515,23.56,0.0
2017-04-24 09:35:00,YNDX,23.56,23.57,23.415,23.46,35700.0
2017-04-24 09:40:00,YNDX,23.46,23.51,23.365,23.375,57388.0
2017-04-24 09:45:00,YNDX,23.375,23.475,23.325,23.445,68156.0
2017-04-24 09:50:00,YNDX,23.445,23.465,23.365,23.37,39911.0
2017-04-24 09:55:00,YNDX,23.37,23.375,23.305,23.355,62043.0
2017-04-24 10:00:00,YNDX,23.355,23.38,23.345,23.355,29150.0
2017-04-24 10:05:00,YNDX,23.355,23.375,23.355,23.375,11572.0
2017-04-24 10:10:00,YNDX,23.375,23.375,23.335,23.335,29611.0
2017-04-24 10:15:00,YNDX,23.335,23.375,23.315,23.365,27620.0
2017-04-24 10:20:00,YNDX,23.365,23.505,23.355,23.505,36524.0
2017-04-24 10:25:00,YNDX,23.505,23.545,23.505,23.525,12480.0
2017-04-24 10:30:00,YNDX,23.525,23.655,23.505,23.635,35095.0
2017-04-24 10:35:00,YNDX,23.635,23.635,23.555,23.585,22639.0
2017-04-24 10:40:00,YNDX,23.585,23.605,23.555,23.555,69604.0
2017-04-24 10:45:00,YNDX,23.555,23.595,23.555,23.555,33718.0
2017-04-24 10:50:00,YNDX,23.555,23.605,23.525,23.595,83428.0
2017-04-24 10:55:00,YNDX,23.595,23.605,23.585,23.585,18290.0
2017-04-24 11:00:00,YNDX,23.585,23.595,23.585,23.595,10575.0
2017-04-24 11:05:00,YNDX,23.595,23.595,23.545,23.545,10605.0
2017-04-24 11:10:00,YNDX,23.545,23.545,23.505,23.505,10297.0
2017-04-24 11:15:00,YNDX,23.505,23.535,23.475,23.485,6856.0
2017-04-24 11:20:00,YNDX,23.485,23.485,23.445,23.465,6124.0
2017-04-24 11:25:00,YNDX,23.465,23.485,23.445,23.485,15576.0
2017-04-24 11:30:00,YNDX,23.485,23.525,23.485,23.515,8307.0
2017-04-24 11:35:00,YNDX,23.515,23.545,23.505,23.545,6812.0
2017-04-24 11:40:00,YNDX,23.545,23.545,23.525,23.535,11409.0
2017-04-24 11:45:00,YNDX,23.535,23.535,23.495,23.525,5950.0
2017-04-24 11:50:00,YNDX,23.525,23.555,23.525,23.555,7129.0
2017-04-24 11:55:00,YNDX,23.555,23.575,23.535,23.545,11019.0
2017-04-24 12:00:00,YNDX,23.545,23.545,23.515,23.515,7554.0
2017-04-24 12:05:00,YNDX,23.515,23.525,23.515,23.525,3664.0
2017-04-24 12:10:00,YNDX,23.525,23.525,23.495,23.495,8212.0
2017-04-24 12:15:00,YNDX,23.495,23.495,23.485,23.495,10363.0
2017-04-24 12:20:00,YNDX,23.495,23.495,23.475,23.485,11973.0
2017-04-24 12:25:00,YNDX,23.485,23.485,23.475,23.485,10321.0
2017-04-24 12:30:00,YNDX,23.485,23.505,23.485,23.495,8349.0
2017-04-24 12:35:00,YNDX,23.495,23.505,23.485,23.485,5004.0
2017-04-24 12:40:00,YNDX,23.485,23.505,23.485,23.505,9194.0
2017-04-24 12:45:00,YNDX,23.505,23.515,23.495,23.515,10256.0
2017-04-24 12:50:00,YNDX,23.515,23.515,23.455,23.465,16487.0
2017-04-24 12:55:00,YNDX,23.465,23.485,23.465,23.475,4930.0
2017-04-24 13:00:00,YNDX,23.475,23.475,23.435,23.455,15331.0
2017-04-24 13:05:00,YNDX,23.455,23.465,23.445,23.465,9733.0
2017-04-24 13:10:00,YNDX,23.465,23.475,23.465,23.475,3461.0
2017-04-24 13:15:00,YNDX,23.475,23.485,23.455,23.465,14435.0
2017-04-24 13:20:00,YNDX,23.465,23.465,23.455,23.465,7085.0
2017-04-24 13:25:00,YNDX,23.465,23.465,23.425,23.455,37512.0
2017-04-24 13:30:00,YNDX,23.455,23.495,23.455,23.495,8575.0
2017-04-24 13:35:00,YNDX,23.495,23.505,23.495,23.505,5519.0
2017-04-24 13:40:00,YNDX,23.505,23.505,23.485,23.505,11934.0
2017-04-24 13:45:00,YNDX,23.505,23.515,23.495,23.515,73505.0
2017-04-24 13:50:00,YNDX,23.515,23.525,23.515,23.525,2626.0
2017-04-24 13:55:00,YNDX,23.525,23.525,23.5,23.505,7816.0
2017-04-24 14:00:00,YNDX,23.505,23.515,23.495,23.505,11828.0
2017-04-24 14:05:00,YNDX,23.505,23.505,23.495,23.495,6843.0
2017-04-24 14:10:00,YNDX,23.495,23.495,23.465,23.465,9156.0
2017-04-24 14:15:00,YNDX,23.465,23.465,23.435,23.435,13496.0
2017-04-24 14:20:00,YNDX,23.435,23.475,23.435,23.455,9644.0
2017-04-24 14:25:00,YNDX,23.455,23.475,23.455,23.475,28637.0
2017-04-24 14:30:00,YNDX,23.475,23.485,23.465,23.465,9627.0
2017-04-24 14:35:00,YNDX,23.465,23.475,23.455,23.455,8397.0
2017-04-24 14:40:00,YNDX,23.455,23.455,23.425,23.425,13271.0
2017-04-24 14:45:00,YNDX,23.425,23.435,23.425,23.425,13264.0
2017-04-24 14:50:00,YNDX,23.425,23.455,23.425,23.445,9667.0
2017-04-24 14:55:00,YNDX,23.445,23.455,23.405,23.405,33697.0
2017-04-24 15:00:00,YNDX,23.405,23.405,23.375,23.375,32973.0
2017-04-24 15:05:00,YNDX,23.375,23.465,23.375,23.465,41914.0
2017-04-24 15:10:00,YNDX,23.465,23.485,23.465,23.475,41521.0
2017-04-24 15:15:00,YNDX,23.475,23.475,23.455,23.455,16562.0
2017-04-24 15:20:00,YNDX,23.455,23.455,23.425,23.425,11398.0
2017-04-24 15:25:00,YNDX,23.425,23.425,23.415,23.425,14031.0
2017-04-24 15:30:00,YNDX,23.425,23.425,23.42,23.425,25816.0
2017-04-24 15:35:00,YNDX,23.425,23.425,23.415,23.415,15636.0
2017-04-24 15:40:00,YNDX,23.415,23.475,23.415,23.455,68980.0
2017-04-24 15:45:00,YNDX,23.455,23.455,23.445,23.445,16342.0
2017-04-24 15:50:00,YNDX,23.445,23.455,23.405,23.405,92941.0
2017-04-24 15:55:00,YNDX,23.405,23.425,23.365,23.395,101974.0
2017-04-24 16:00:00,YNDX,23.395,23.395,23.375,23.375,175932.0
2017-04-24 16:05:00,YNDX,23.375,23.4,23.365,23.395,77531.0
2017-04-24 16:10:00,YNDX,23.395,23.68,23.395,23.425,1130.0
2017-04-24 16:15:00,YNDX,23.425,23.43,23.425,23.43,0.0
2017-04-24 16:20:00,YNDX,23.43,23.43,23.425,23.43,0.0
2017-04-24 16:25:00,YNDX,23.43,23.43,23.425,23.43,0.0
2017-04-24 16:30:00,YNDX,23.43,23.43,23.425,23.425,0.0
2017-04-24 16:35:00,YNDX,23.425,23.43,23.425,23.43,2089.0
2017-04-24 16:40:00,YNDX,23.43,23.535,23.28,23.53,0.0
2017-04-24 16:45:00,YNDX,23.53,23.535,23.53,23.53,0.0
2017-04-24 16:50:00,YNDX,23.53,23.535,23.53,23.53,0.0
2017-04-24 16:55:00,YNDX,23.53,23.535,23.53,23.53,0.0
2017-04-24 17:00:00,YNDX,23.53,23.535,23.53,23.535,0.0
2017-04-24 17:05:00,YNDX,23.535,23.535,23.53,23.53,0.0
2017-04-24 17:10:00,YNDX,23.53,23.535,23.53,23.53,0.0
2017-04-24 17:15:00,YNDX,23.53,23.535,23.53,23.535,0.0
2017-04-24 17:20:00,YNDX,23.535,23.535,23.53,23.53,0.0
2017-04-24 17:25:00,YNDX,23.53,23.53,23.53,23.53,0.0
2017-04-24 17:30:00,YNDX,23.53,23.53,23.53,23.53,0.0
2017-04-24 17:35:00,YNDX,23.53,23.53,23.53,23.53,0.0
2017-04-24 17:40:00,YNDX,23.53,23.53,23.53,23.53,0.0
2017-04-24 17:45:00,YNDX,23.53,23.53,23.53,23.53,0.0
2017-04-24 17:50:00,YNDX,23.53,23.53,23.53,23.53,0.0
2017-04-24 17:55:00,YNDX,23.53,23.53,23.53,23.53,0.0
2017-04-24 18:00:00,YNDX,23.53,23.53,23.53,23.53,0.0
2017-04-24 18:05:00,YNDX,23.53,23.53,23.53,23.53,0.0
2017-04-24 18:10:00,YNDX,23.53,23.53,23.53,23.53,0.0
2017-04-24 18:15:00,YNDX,23.53,23.53,23.53,23.53,0.0
2017-04-24 18:20:00,YNDX,23.53,23.53,23.53,23.53,0.0
2017-04-24 18:25:00,YNDX,23.53,23.53,23.53,23.53,0.0
2017-04-24 18:30:00,YNDX,23.53,23.53,23.53,23.53,0.0
2017-04-24 18:35:00,YNDX,23.53,23.53,23.53,23.53,0.0
2017-04-24 18:40:00,YNDX,23.53,23.53,23.53,23.53,0.0
2017-04-24 18:45:00,YNDX,23.53,23.53,23.53,23.53,0.0
2017-04-24 18:50:00,YNDX,23.53,23.53,23.53,23.53,0.0
2017-04-24 18:55:00,YNDX,23.53,23.53,23.53,23.53,0.0
2017-04-24 19:00:00,YNDX,23.53,23.53,23.53,23.53,0.0
2017-04-24 19:05:00,YNDX,23.53,23.53,23.53,23.53,0.0
2017-04-24 19:10:00,YNDX,23.53,23.53,23.53,23.53,0.0
2017-04-24 19:15:00,YNDX,23.53,23.53,23.53,23.53,0.0
2017-04-24 19:20:00,YNDX,23.53,23.53,23.53,23.53,0.0
2017-04-24 19:25:00,YNDX,23.53,23.53,23.53,23.53,0.0
2017-04-24 19:30:00,YNDX,23.53,23.53,23.53,23.53,0.0
2017-04-24 19:35:00,YNDX,23.53,23.53,23.53,23.53,0.0
2017-04-24 19:40:00,YNDX,23.53,23.53,23.53,23.53,0.0
2017-04-24 19:45:00,YNDX,23.53,23.53,23.53,23.53,0.0
2017-04-24 19:50:00,YNDX,23.53,23.53,23.53,23.53,0.0
2017-04-24 19:55:00,YNDX,23.53,23.53,23.53,23.53,0.0
2017-04-24 20:00:00,YNDX,23.53,23.53,23.53,23.53,0.0
2017-04-24 20:05:00,YNDX,23.53,36.55,23.53,36.55,0.0
2017-04-24 20:10:00,YNDX,36.55,36.55,36.55,36.55,0.0
2017-04-24 20:15:00,YNDX,36.55,36.55,36.55,36.55,0.0
2017-04-24 20:20:00,YNDX,36.55,36.55,36.55,36.55,0.0
2017-04-24 20:25:00,YNDX,36.55,36.55,36.55,36.55,0.0
2017-04-24 20:30:00,YNDX,36.55,36.55,36.55,36.55,0.0
2017-04-24 20:35:00,YNDX,36.55,36.55,36.55,36.55,0.0
2017-04-24 20:40:00,YNDX,36.55,36.55,36.55,36.55,0.0
2017-04-24 20:45:00,YNDX,36.55,36.55,36.55,36.55,0.0
2017-04-24 20:50:00,YNDX,36.55,36.55,36.55,36.55,0.0
2017-04-24 20:55:00,YNDX,36.55,36.55,36.55,36.55,0.0
2017-04-25 08:00:00,YNDX,23.56,23.56,23.56,23.56,0.0
2017-04-25 08:05:00,YNDX,23.56,23.56,23.56,23.56,0.0
2017-04-25 08:10:00,YNDX,23.56,23.825,23.56,23.82,200.0
2017-04-25 08:15:00,YNDX,23.82,23.825,23.675,23.69,0.0
2017-04-25 08:20:00,YNDX,23.69,23.69,23.67,23.685,0.0
2017-04-25 08:25:00,YNDX,23.685,23.69,23.67,23.69,0.0
2017-04-25 08:30:00,YNDX,23.69,23.705,23.685,23.7,0.0
2017-04-25 08:35:00,YNDX,23.7,23.7,23.63,23.63,1406.0
2017-04-25 08:40:00,YNDX,23.63,23.645,23.63,23.645,0.0
2017-04-25 08:45:00,YNDX,23.645,23.645,23.645,23.645,0.0
2017-04-25 08:50:00,YNDX,23.645,23.645,23.625,23.625,0.0
2017-04-25 08:55:00,YNDX,23.625,23.625,23.625,23.625,0.0
2017-04-25 09:00:00,YNDX,23.625,23.625,23.62,23.62,0.0
2017-04-25 09:05:00,YNDX,23.62,23.62,23.62,23.62,0.0
2017-04-25 09:10:00,YNDX,23.62,23.62,23.62,23.62,0.0
2017-04-25 09:15:00,YNDX,23.62,23.625,23.62,23.625,0.0
2017-04-25 09:20:00,YNDX,23.625,23.625,23.61,23.61,0.0
2017-04-25 09:25:00,YNDX,23.61,23.615,23.61,23.61,0.0
2017-04-25 09:30:00,YNDX,23.61,23.63,23.61,23.63,0.0
2017-04-25 09:35:00,YNDX,23.63,23.635,23.53,23.535,39515.0
2017-04-25 09:40:00,YNDX,23.535,23.535,23.375,23.44,41811.0
2017-04-25 09:45:00,YNDX,23.44,23.48,23.32,23.345,70522.0
2017-04-25 09:50:00,YNDX,23.345,23.55,23.345,23.545,90459.0
2017-04-25 09:55:00,YNDX,23.545,23.615,23.54,23.595,30530.0
2017-04-25 10:00:00,YNDX,23.595,23.645,23.585,23.625,26544.0
2017-04-25 10:05:00,YNDX,23.625,23.675,23.625,23.645,35407.0
2017-04-25 10:10:00,YNDX,23.645,23.705,23.645,23.695,46364.0
2017-04-25 10:15:00,YNDX,23.695,23.705,23.675,23.695,30943.0
2017-04-25 10:20:00,YNDX,23.695,23.705,23.655,23.655,72927.0
2017-04-25 10:25:00,YNDX,23.655,23.665,23.625,23.625,27908.0
2017-04-25 10:30:00,YNDX,23.625,23.645,23.605,23.625,58414.0
2017-04-25 10:35:00,YNDX,23.625,23.625,23.595,23.625,18739.0
2017-04-25 10:40:00,YNDX,23.625,23.655,23.605,23.625,34726.0
2017-04-25 10:45:00,YNDX,23.625,23.645,23.615,23.615,29741.0
2017-04-25 10:50:00,YNDX,23.615,23.625,23.595,23.625,18796.0
2017-04-25 10:55:00,YNDX,23.625,23.625,23.595,23.595,25966.0
2017-04-25 11:00:00,YNDX,23.595,23.615,23.585,23.595,26695.0
2017-04-25 11:05:00,YNDX,23.595,23.6,23.575,23.575,29489.0
2017-04-25 11:10:00,YNDX,23.575,23.595,23.575,23.595,12683.0
2017-04-25 11:15:00,YNDX,23.595,23.645,23.595,23.615,34715.0
2017-04-25 11:20:00,YNDX,23.615,23.745,23.615,23.735,36304.0
2017-04-25 11:25:00,YNDX,23.735,23.785,23.735,23.745,37394.0
2017-04-25 11:30:00,YNDX,23.745,23.765,23.715,23.725,29509.0
2017-04-25 11:35:00,YNDX,23.725,23.825,23.725,23.825,24018.0
2017-04-25 11:40:00,YNDX,23.825,23.845,23.785,23.825,38803.0
2017-04-25 11:45:00,YNDX,23.825,23.855,23.815,23.815,17842.0
2017-04-25 11:50:00,YNDX,23.815,23.835,23.815,23.835,3628.0
2017-04-25 11:55:00,YNDX,23.835,23.865,23.825,23.865,18735.0
2017-04-25 12:00:00,YNDX,23.865,23.865,23.835,23.845,22670.0
2017-04-25 12:05:00,YNDX,23.845,23.855,23.835,23.855,14069.0
2017-04-25 12:10:00,YNDX,23.855,23.885,23.835,23.845,43798.0
2017-04-25 12:15:00,YNDX,23.845,23.845,23.835,23.845,13835.0
2017-04-25 12:20:00,YNDX,23.845,23.845,23.825,23.845,17619.0
2017-04-25 12:25:00,YNDX,23.845,23.875,23.835,23.865,25105.0
2017-04-25 12:30:00,YNDX,23.865,23.875,23.865,23.875,9709.0
2017-04-25 12:35:00,YNDX,23.875,23.875,23.815,23.815,93562.0
2017-04-25 12:40:00,YNDX,23.815,23.825,23.815,23.815,10652.0
2017-04-25 12:45:00,YNDX,23.815,23.815,23.785,23.785,40448.0
2017-04-25 12:50:00,YNDX,23.785,23.805,23.785,23.805,23298.0
2017-04-25 12:55:00,YNDX,23.805,23.845,23.79,23.815,93408.0
2017-04-25 13:00:00,YNDX,23.815,23.835,23.805,23.815,12607.0
2017-04-25 13:05:00,YNDX,23.815,23.815,23.815,23.815,7472.0
2017-04-25 13:10:00,YNDX,23.815,23.845,23.815,23.845,17575.0
2017-04-25 13:15:00,YNDX,23.845,23.845,23.845,23.845,5974.0
2017-04-25 13:20:00,YNDX,23.845,23.845,23.815,23.815,10465.0
2017-04-25 13:25:00,YNDX,23.815,23.815,23.695,23.695,196461.0
2017-04-25 13:30:00,YNDX,23.695,23.715,23.685,23.695,14557.0
2017-04-25 13:35:00,YNDX,23.695,23.705,23.665,23.675,20176.0
2017-04-25 13:40:00,YNDX,23.675,23.775,23.675,23.775,22783.0
2017-04-25 13:45:00,YNDX,23.775,23.775,23.725,23.725,13990.0
2017-04-25 13:50:00,YNDX,23.725,23.745,23.725,23.735,10785.0
2017-04-25 13:55:00,YNDX,23.735,23.735,23.735,23.735,3811.0
2017-04-25 14:00:00,YNDX,23.735,23.735,23.705,23.715,14849.0
2017-04-25 14:05:00,YNDX,23.715,23.725,23.695,23.725,21180.0
2017-04-25 14:10:00,YNDX,23.725,23.745,23.715,23.715,16875.0
2017-04-25 14:15:00,YNDX,23.715,23.715,23.715,23.715,5748.0
2017-04-25 14:20:00,YNDX,23.715,23.715,23.695,23.695,11561.0
2017-04-25 14:25:00,YNDX,23.695,23.695,23.685,23.695,15150.0
2017-04-25 14:30:00,YNDX,23.695,23.695,23.695,23.695,6081.0
2017-04-25 14:35:00,YNDX,23.695,23.695,23.665,23.665,31680.0
2017-04-25 14:40:00,YNDX,23.665,23.675,23.665,23.665,77523.0
2017-04-25 14:45:00,YNDX,23.665,23.675,23.665,23.665,36176.0
2017-04-25 14:50:00,YNDX,23.665,23.755,23.665,23.745,44364.0
2017-04-25 14:55:00,YNDX,23.745,23.765,23.745,23.765,11476.0
2017-04-25 15:00:00,YNDX,23.765,23.765,23.705,23.715,25393.0
2017-04-25 15:05:00,YNDX,23.715,23.755,23.715,23.755,18728.0
2017-04-25 15:10:00,YNDX,23.755,23.765,23.735,23.755,25839.0
2017-04-25 15:15:00,YNDX,23.755,23.795,23.755,23.795,25658.0
2017-04-25 15:20:00,YNDX,23.795,23.825,23.795,23.825,44697.0
2017-04-25 15:25:00,YNDX,23.825,23.825,23.825,23.825,20771.0
2017-04-25 15:30:00,YNDX,23.825,23.825,23.815,23.815,76306.0
2017-04-25 15:35:00,YNDX,23.815,23.825,23.775,23.775,66474.0
2017-04-25 15:40:00,YNDX,23.775,23.775,23.765,23.765,30204.0
2017-04-25 15:45:00,YNDX,23.765,23.775,23.745,23.775,111970.0
2017-04-25 15:50:00,YNDX,23.775,23.915,23.775,23.855,199135.0
2017-04-25 15:55:00,YNDX,23.855,23.905,23.855,23.885,180992.0
2017-04-25 16:00:00,YNDX,23.885,23.945,23.885,23.925,217975.0
2017-04-25 16:05:00,YNDX,23.925,23.935,23.885,23.885,59473.0
2017-04-25 16:10:00,YNDX,23.885,23.885,23.57,23.65,12100.0
2017-04-25 16:15:00,YNDX,23.65,23.88,23.595,23.875,0.0
2017-04-25 16:20:00,YNDX,23.875,23.88,23.87,23.875,0.0
2017-04-25 16:25:00,YNDX,23.875,23.88,23.87,23.875,0.0
2017-04-25 16:30:00,YNDX,23.875,23.88,23.87,23.875,0.0
2017-04-25 16:35:00,YNDX,23.875,23.88,23.87,23.875,5367.0
2017-04-25 16:40:00,YNDX,23.875,23.88,23.87,23.875,0.0
2017-04-25 16:45:00,YNDX,23.875,23.88,23.87,23.875,0.0
2017-04-25 16:50:00,YNDX,23.875,23.88,23.87,23.875,0.0
2017-04-25 16:55:00,YNDX,23.875,23.88,23.845,23.85,0.0
2017-04-25 17:00:00,YNDX,23.85,23.855,23.845,23.85,0.0
2017-04-25 17:05:00,YNDX,23.85,23.855,23.845,23.85,0.0
2017-04-25 17:10:00,YNDX,23.85,23.855,23.845,23.85,0.0
2017-04-25 17:15:00,YNDX,23.85,23.855,23.845,23.85,0.0
2017-04-25 17:20:00,YNDX,23.85,23.85,23.85,23.85,0.0
2017-04-25 17:25:00,YNDX,23.85,23.85,23.85,23.85,0.0
2017-04-25 17:30:00,YNDX,23.85,23.85,23.85,23.85,0.0
2017-04-25 17:35:00,YNDX,23.85,23.85,23.85,23.85,0.0
2017-04-25 17:40:00,YNDX,23.85,23.85,23.85,23.85,0.0
2017-04-25 17:45:00,YNDX,23.85,23.85,23.85,23.85,0.0
2017-04-25 17:50:00,YNDX,23.85,23.85,23.85,23.85,0.0
2017-04-25 17:55:00,YNDX,23.85,23.85,23.85,23.85,0.0
2017-04-25 18:00:00,YNDX,23.85,23.85,23.85,23.85,0.0
2017-04-25 18:05:00,YNDX,23.85,23.85,23.85,23.85,0.0
2017-04-25 18:10:00,YNDX,23.85,23.85,23.85,23.85,0.0
2017-04-25 18:15:00,YNDX,23.85,23.85,23.85,23.85,0.0
2017-04-25 18:20:00,YNDX,23.85,23.85,23.85,23.85,0.0
2017-04-25 18:25:00,YNDX,23.85,23.85,23.85,23.85,0.0
2017-04-25 18:30:00,YNDX,23.85,23.85,23.85,23.85,0.0
2017-04-25 18:35:00,YNDX,23.85,23.85,23.85,23.85,0.0
2017-04-25 18:40:00,YNDX,23.85,23.85,23.85,23.85,0.0
2017-04-25 18:45:00,YNDX,23.85,23.85,23.85,23.85,0.0
2017-04-25 18:50:00,YNDX,23.85,23.85,23.85,23.85,0.0
2017-04-25 18:55:00,YNDX,23.85,23.85,23.85,23.85,0.0
2017-04-25 19:00:00,YNDX,23.85,23.85,23.85,23.85,0.0
2017-04-25 19:05:00,YNDX,23.85,23.85,23.85,23.85,0.0
2017-04-25 19:10:00,YNDX,23.85,23.85,23.85,23.85,0.0
2017-04-25 19:15:00,YNDX,23.85,23.85,23.85,23.85,0.0
2017-04-25 19:20:00,YNDX,23.85,23.85,23.85,23.85,0.0
2017-04-25 19:25:00,YNDX,23.85,23.85,23.85,23.85,0.0
2017-04-25 19:30:00,YNDX,23.85,23.85,23.85,23.85,0.0
2017-04-25 19:35:00,YNDX,23.85,23.85,23.85,23.85,0.0
2017-04-25 19:40:00,YNDX,23.85,23.85,23.85,23.85,0.0
2017-04-25 19:45:00,YNDX,23.85,23.85,23.85,23.85,0.0
2017-04-25 19:50:00,YNDX,23.85,23.85,23.85,23.85,0.0
2017-04-25 19:55:00,YNDX,23.85,23.85,23.85,23.85,0.0
2017-04-25 20:00:00,YNDX,23.85,23.85,23.85,23.85,0.0
2017-04-25 20:05:00,YNDX,23.85,23.85,23.505,23.505,0.0
2017-04-25 20:10:00,YNDX,23.505,23.505,23.505,23.505,0.0
2017-04-25 20:15:00,YNDX,23.505,23.505,23.505,23.505,0.0
2017-04-25 20:20:00,YNDX,23.505,23.505,23.505,23.505,0.0
2017-04-25 20:25:00,YNDX,23.505,23.505,23.505,23.505,0.0
2017-04-25 20:30:00,YNDX,23.505,23.505,23.505,23.505,0.0
2017-04-25 20:35:00,YNDX,23.505,23.505,23.505,23.505,0.0
2017-04-25 20:40:00,YNDX,23.505,23.505,23.505,23.505,0.0
2017-04-25 20:45:00,YNDX,23.505,23.505,23.505,23.505,0.0
2017-04-25 20:50:00,YNDX,23.505,23.505,23.505,23.505,0.0
2017-04-25 20:55:00,YNDX,23.505,23.505,23.505,23.505,0.0
2017-04-26 08:00:00,YNDX,24.015,24.015,23.965,24.005,0.0
2017-04-26 08:05:00,YNDX,24.005,24.14,23.99,24.14,400.0
2017-04-26 08:10:00,YNDX,24.14,24.14,24.13,24.135,0.0
2017-04-26 08:15:00,YNDX,24.135,24.14,24.055,24.055,100.0
2017-04-26 08:20:00,YNDX,24.055,24.115,24.045,24.045,0.0
2017-04-26 08:25:00,YNDX,24.045,24.085,24.035,24.035,400.0
2017-04-26 08:30:00,YNDX,24.035,24.115,24.035,24.06,300.0
2017-04-26 08:35:00,YNDX,24.06,24.11,24.055,24.08,100.0
2017-04-26 08:40:00,YNDX,24.08,24.08,24.065,24.065,0.0
2017-04-26 08:45:00,YNDX,24.065,24.075,24.065,24.075,0.0
2017-04-26 08:50:00,YNDX,24.075,24.075,24.075,24.075,0.0
2017-04-26 08:55:00,YNDX,24.075,24.08,24.04,24.075,1100.0
2017-04-26 09:00:00,YNDX,24.075,24.075,24.075,24.075,500.0
2017-04-26 09:05:00,YNDX,24.075,24.075,24.075,24.075,0.0
2017-04-26 09:10:00,YNDX,24.075,24.075,24.075,24.075,0.0
2017-04-26 09:15:00,YNDX,24.075,24.075,24.075,24.075,0.0
2017-04-26 09:20:00,YNDX,24.075,24.085,24.07,24.085,1300.0
2017-04-26 09:25:00,YNDX,24.085,24.085,24.085,24.085,100.0
2017-04-26 09:30:00,YNDX,24.085,24.125,24.085,24.09,0.0
2017-04-26 09:35:00,YNDX,24.09,24.315,23.985,24.285,118706.0
2017-04-26 09:40:00,YNDX,24.285,24.545,24.275,24.535,125839.0
2017-04-26 09:45:00,YNDX,24.535,24.69,24.535,24.635,180869.0
2017-04-26 09:50:00,YNDX,24.635,24.645,24.475,24.495,125569.0
2017-04-26 09:55:00,YNDX,24.495,24.595,24.495,24.595,38195.0
2017-04-26 10:00:00,YNDX,24.595,24.595,24.495,24.535,58427.0
2017-04-26 10:05:00,YNDX,24.535,24.585,24.505,24.565,34062.0
2017-04-26 10:10:00,YNDX,24.565,24.595,24.565,24.575,70134.0
2017-04-26 10:15:00,YNDX,24.575,24.645,24.575,24.645,45959.0
2017-04-26 10:20:00,YNDX,24.645,24.73,24.635,24.705,69439.0
2017-04-26 10:25:00,YNDX,24.705,24.795,24.705,24.775,55838.0
2017-04-26 10:30:00,YNDX,24.775,24.795,24.735,24.79,56281.0
2017-04-26 10:35:00,YNDX,24.79,24.905,24.775,24.895,72885.0
2017-04-26 10:40:00,YNDX,24.895,24.935,24.88,24.925,93244.0
2017-04-26 10:45:00,YNDX,24.925,25.025,24.925,24.995,309531.0
2017-04-26 10:50:00,YNDX,24.995,24.995,24.955,24.985,56385.0
2017-04-26 10:55:00,YNDX,24.985,24.995,24.885,24.995,81617.0
2017-04-26 11:00:00,YNDX,24.995,24.995,24.945,24.955,37767.0
2017-04-26 11:05:00,YNDX,24.955,24.955,24.835,24.835,116809.0
2017-04-26 11:10:00,YNDX,24.835,24.84,24.825,24.835,86853.0
2017-04-26 11:15:00,YNDX,24.835,24.885,24.835,24.865,56227.0
2017-04-26 11:20:00,YNDX,24.865,24.885,24.845,24.885,33194.0
2017-04-26 11:25:00,YNDX,24.885,24.885,24.755,24.755,88591.0
2017-04-26 11:30:00,YNDX,24.755,24.755,24.665,24.705,91233.0
2017-04-26 11:35:00,YNDX,24.705,24.705,24.665,24.675,44865.0
2017-04-26 11:40:00,YNDX,24.675,24.675,24.645,24.645,55516.0
2017-04-26 11:45:00,YNDX,24.645,24.785,24.635,24.735,69586.0
2017-04-26 11:50:00,YNDX,24.735,24.825,24.735,24.805,67636.0
2017-04-26 11:55:00,YNDX,24.805,24.825,24.8,24.815,44229.0
2017-04-26 12:00:00,YNDX,24.815,24.815,24.715,24.745,42063.0
2017-04-26 12:05:00,YNDX,24.745,24.745,24.72,24.735,12854.0
2017-04-26 12:10:00,YNDX,24.735,24.745,24.725,24.735,17306.0
2017-04-26 12:15:00,YNDX,24.735,24.735,24.705,24.725,14797.0
2017-04-26 12:20:00,YNDX,24.725,24.815,24.725,24.785,39278.0
2017-04-26 12:25:00,YNDX,24.785,24.785,24.725,24.735,24999.0
2017-04-26 12:30:00,YNDX,24.735,24.775,24.735,24.775,35409.0
2017-04-26 12:35:00,YNDX,24.775,24.775,24.765,24.765,9431.0
2017-04-26 12:40:00,YNDX,24.765,24.765,24.725,24.765,21713.0
2017-04-26 12:45:00,YNDX,24.765,24.775,24.755,24.765,19286.0
2017-04-26 12:50:00,YNDX,24.765,24.825,24.765,24.785,18985.0
2017-04-26 12:55:00,YNDX,24.785,24.785,24.755,24.765,26083.0
2017-04-26 13:00:00,YNDX,24.765,24.765,24.685,24.685,25670.0
2017-04-26 13:05:00,YNDX,24.685,24.685,24.525,24.535,47463.0
2017-04-26 13:10:00,YNDX,24.535,24.575,24.525,24.575,26718.0
2017-04-26 13:15:00,YNDX,24.575,24.68,24.575,24.675,32757.0
2017-04-26 13:20:00,YNDX,24.675,24.675,24.645,24.665,14379.0
2017-04-26 13:25:00,YNDX,24.665,24.705,24.655,24.705,57663.0
2017-04-26 13:30:00,YNDX,24.705,24.705,24.675,24.685,18214.0
2017-04-26 13:35:00,YNDX,24.685,24.685,24.655,24.665,39002.0
2017-04-26 13:40:00,YNDX,24.665,24.665,24.645,24.655,20962.0
2017-04-26 13:45:00,YNDX,24.655,24.705,24.645,24.705,19747.0
2017-04-26 13:50:00,YNDX,24.705,24.775,24.705,24.775,42167.0
2017-04-26 13:55:00,YNDX,24.775,24.795,24.775,24.785,17364.0
2017-04-26 14:00:00,YNDX,24.785,24.795,24.775,24.785,14702.0
2017-04-26 14:05:00,YNDX,24.785,24.785,24.725,24.735,12214.0
2017-04-26 14:10:00,YNDX,24.735,24.755,24.725,24.755,28111.0
2017-04-26 14:15:00,YNDX,24.755,24.775,24.745,24.775,15635.0
2017-04-26 14:20:00,YNDX,24.775,24.785,24.775,24.785,10769.0
2017-04-26 14:25:00,YNDX,24.785,24.835,24.785,24.835,31811.0
2017-04-26 14:30:00,YNDX,24.835,24.835,24.81,24.835,59260.0
2017-04-26 14:35:00,YNDX,24.835,24.875,24.835,24.875,48926.0
2017-04-26 14:40:00,YNDX,24.875,24.885,24.845,24.845,54579.0
2017-04-26 14:45:00,YNDX,24.845,24.875,24.845,24.875,18078.0
2017-04-26 14:50:00,YNDX,24.875,24.875,24.795,24.805,51481.0
2017-04-26 14:55:00,YNDX,24.805,24.805,24.795,24.805,12679.0
2017-04-26 15:00:00,YNDX,24.805,24.865,24.785,24.855,130507.0
2017-04-26 15:05:00,YNDX,24.855,24.905,24.855,24.895,91416.0
2017-04-26 15:10:00,YNDX,24.895,24.905,24.895,24.895,47755.0
2017-04-26 15:15:00,YNDX,24.895,24.905,24.845,24.845,92662.0
2017-04-26 15:20:00,YNDX,24.845,24.845,24.775,24.815,41272.0
2017-04-26 15:25:00,YNDX,24.815,24.855,24.815,24.845,47253.0
2017-04-26 15:30:00,YNDX,24.845,24.845,24.785,24.825,77779.0
2017-04-26 15:35:00,YNDX,24.825,24.845,24.815,24.825,61756.0
2017-04-26 15:40:00,YNDX,24.825,24.825,24.725,24.735,113544.0
2017-04-26 15:45:00,YNDX,24.735,24.775,24.735,24.765,80810.0
2017-04-26 15:50:00,YNDX,24.765,24.765,24.765,24.765,52272.0
2017-04-26 15:55:00,YNDX,24.765,24.765,24.765,24.765,139729.0
2017-04-26 16:00:00,YNDX,24.765,24.865,24.765,24.865,309047.0
2017-04-26 16:05:00,YNDX,24.865,24.87,24.815,24.82,97033.0
2017-04-26 16:10:00,YNDX,24.82,24.875,24.78,24.78,10200.0
2017-04-26 16:15:00,YNDX,24.78,24.78,24.78,24.78,0.0
2017-04-26 16:20:00,YNDX,24.78,24.78,24.78,24.78,0.0
2017-04-26 16:25:00,YNDX,24.78,24.78,24.78,24.78,0.0
2017-04-26 16:30:00,YNDX,24.78,24.78,24.78,24.78,0.0
2017-04-26 16:35:00,YNDX,24.78,24.78,24.78,24.78,0.0
2017-04-26 16:40:00,YNDX,24.78,24.78,24.78,24.78,0.0
2017-04-26 16:45:00,YNDX,24.78,25.05,24.78,24.83,112311.0
2017-04-26 16:50:00,YNDX,24.83,24.83,24.83,24.83,0.0
2017-04-26 16:55:00,YNDX,24.83,24.83,24.83,24.83,0.0
2017-04-26 17:00:00,YNDX,24.83,24.83,24.83,24.83,0.0
2017-04-26 17:05:00,YNDX,24.83,24.83,24.83,24.83,0.0
2017-04-26 17:10:00,YNDX,24.83,24.83,24.83,24.83,0.0
2017-04-26 17:15:00,YNDX,24.83,24.83,24.085,24.085,0.0
2017-04-26 17:20:00,YNDX,24.085,24.085,24.085,24.085,0.0
2017-04-26 17:25:00,YNDX,24.085,24.085,24.085,24.085,0.0
2017-04-26 17:30:00,YNDX,24.085,24.085,24.085,24.085,0.0
2017-04-26 17:35:00,YNDX,24.085,24.085,24.085,24.085,0.0
2017-04-26 17:40:00,YNDX,24.085,24.085,24.085,24.085,500.0
2017-04-26 17:45:00,YNDX,24.085,24.085,24.085,24.085,0.0
2017-04-26 17:50:00,YNDX,24.085,24.085,24.06,24.06,0.0
2017-04-26 17:55:00,YNDX,24.06,24.06,24.06,24.06,0.0
2017-04-26 18:00:00,YNDX,24.06,24.06,24.06,24.06,0.0
2017-04-26 18:05:00,YNDX,24.06,24.06,24.06,24.06,0.0
2017-04-26 18:10:00,YNDX,24.06,24.06,24.06,24.06,0.0
2017-04-26 18:15:00,YNDX,24.06,24.06,24.06,24.06,0.0
2017-04-26 18:20:00,YNDX,24.06,24.06,24.06,24.06,0.0
2017-04-26 18:25:00,YNDX,24.06,24.06,24.06,24.06,0.0
2017-04-26 18:30:00,YNDX,24.06,24.06,24.06,24.06,0.0
2017-04-26 18:35:00,YNDX,24.06,24.06,24.06,24.06,0.0
2017-04-26 18:40:00,YNDX,24.06,24.06,24.06,24.06,0.0
2017-04-26 18:45:00,YNDX,24.06,24.06,24.06,24.06,0.0
2017-04-26 18:50:00,YNDX,24.06,24.06,24.06,24.06,0.0
2017-04-26 18:55:00,YNDX,24.06,24.06,24.06,24.06,0.0
2017-04-26 19:00:00,YNDX,24.06,24.06,24.06,24.06,0.0
2017-04-26 19:05:00,YNDX,24.06,24.06,24.06,24.06,0.0
2017-04-26 19:10:00,YNDX,24.06,24.06,24.06,24.06,0.0
2017-04-26 19:15:00,YNDX,24.06,24.06,24.06,24.06,0.0
2017-04-26 19:20:00,YNDX,24.06,24.06,24.06,24.06,0.0
2017-04-26 19:25:00,YNDX,24.06,24.075,24.06,24.075,0.0
2017-04-26 19:30:00,YNDX,24.075,24.075,24.075,24.075,0.0
2017-04-26 19:35:00,YNDX,24.075,24.075,24.075,24.075,0.0
2017-04-26 19:40:00,YNDX,24.075,24.075,24.075,24.075,0.0
2017-04-26 19:45:00,YNDX,24.075,24.075,24.075,24.075,0.0
2017-04-26 19:50:00,YNDX,24.075,24.075,24.075,24.075,0.0
2017-04-26 19:55:00,YNDX,24.075,24.075,24.075,24.075,0.0
2017-04-26 20:00:00,YNDX,24.075,24.085,24.075,24.085,870.0
2017-04-26 20:05:00,YNDX,24.085,36.55,24.085,36.55,0.0
2017-04-26 20:10:00,YNDX,36.55,36.55,36.55,36.55,0.0
2017-04-26 20:15:00,YNDX,36.55,36.55,36.55,36.55,0.0
2017-04-26 20:20:00,YNDX,36.55,36.55,36.55,36.55,0.0
2017-04-26 20:25:00,YNDX,36.55,36.55,36.55,36.55,0.0
2017-04-26 20:30:00,YNDX,36.55,36.55,36.55,36.55,0.0
2017-04-26 20:35:00,YNDX,36.55,36.55,36.55,36.55,0.0
2017-04-26 20:40:00,YNDX,36.55,36.55,36.55,36.55,0.0
2017-04-26 20:45:00,YNDX,36.55,36.55,36.55,36.55,0.0
2017-04-26 20:50:00,YNDX,36.55,36.55,36.55,36.55,0.0
2017-04-26 20:55:00,YNDX,36.55,36.55,36.55,36.55,0.0
2017-04-27 08:00:00,YNDX,25.685,25.75,25.645,25.705,1700.0
2017-04-27 08:05:00,YNDX,25.705,25.77,25.695,25.7,3600.0
2017-04-27 08:10:00,YNDX,25.7,25.875,25.695,25.77,3100.0
2017-04-27 08:15:00,YNDX,25.77,26.18,25.745,26.175,11484.0
2017-04-27 08:20:00,YNDX,26.175,26.19,26.16,26.175,3710.0
2017-04-27 08:25:00,YNDX,26.175,26.22,26.125,26.175,2361.0
2017-04-27 08:30:00,YNDX,26.175,26.33,26.14,26.215,4781.0
2017-04-27 08:35:00,YNDX,26.215,26.33,26.165,26.165,6300.0
2017-04-27 08:40:00,YNDX,26.165,26.165,26.165,26.165,200.0
2017-04-27 08:45:00,YNDX,26.165,26.165,26.165,26.165,2240.0
2017-04-27 08:50:00,YNDX,26.165,26.165,25.93,25.995,1202.0
2017-04-27 08:55:00,YNDX,25.995,26.005,25.905,25.945,1400.0
2017-04-27 09:00:00,YNDX,25.945,25.95,25.795,25.8,4600.0
2017-04-27 09:05:00,YNDX,25.8,25.85,25.795,25.84,10.0
2017-04-27 09:10:00,YNDX,25.84,25.88,25.805,25.87,0.0
2017-04-27 09:15:00,YNDX,25.87,25.875,25.785,25.835,0.0
2017-04-27 09:20:00,YNDX,25.835,25.87,25.755,25.795,350.0
2017-04-27 09:25:00,YNDX,25.795,25.87,25.68,25.69,0.0
2017-04-27 09:30:00,YNDX,25.69,25.935,25.3,25.33,47592.0
2017-04-27 09:35:00,YNDX,25.33,26.195,25.3,26.185,603034.0
2017-04-27 09:40:00,YNDX,26.185,26.64,26.16,26.62,311855.0
2017-04-27 09:45:00,YNDX,26.62,26.65,26.095,26.12,100745.0
2017-04-27 09:50:00,YNDX,26.12,26.29,26.07,26.105,59768.0
2017-04-27 09:55:00,YNDX,26.105,26.12,25.87,25.905,48745.0
2017-04-27 10:00:00,YNDX,25.905,26.09,25.905,25.92,29059.0
2017-04-27 10:05:00,YNDX,25.92,25.935,25.805,25.895,51094.0
2017-04-27 10:10:00,YNDX,25.895,26.225,25.895,26.185,65195.0
2017-04-27 10:15:00,YNDX,26.185,26.335,26.185,26.27,63336.0
2017-04-27 10:20:00,YNDX,26.27,26.345,26.145,26.325,90976.0
2017-04-27 10:25:00,YNDX,26.325,26.365,26.205,26.355,122827.0
2017-04-27 10:30:00,YNDX,26.355,26.525,26.35,26.46,201570.0
2017-04-27 10:35:00,YNDX,26.46,26.675,26.455,26.675,105045.0
2017-04-27 10:40:00,YNDX,26.675,26.745,26.615,26.645,131391.0
2017-04-27 10:45:00,YNDX,26.645,26.845,26.605,26.825,96027.0
2017-04-27 10:50:00,YNDX,26.825,26.825,26.72,26.745,79468.0
2017-04-27 10:55:00,YNDX,26.745,26.775,26.705,26.73,80814.0
2017-04-27 11:00:00,YNDX,26.73,26.855,26.73,26.795,107249.0
2017-04-27 11:05:00,YNDX,26.795,26.835,26.695,26.78,246551.0
2017-04-27 11:10:00,YNDX,26.78,26.805,26.735,26.78,290321.0
2017-04-27 11:15:00,YNDX,26.78,26.795,26.74,26.78,88970.0
2017-04-27 11:20:00,YNDX,26.78,26.785,26.715,26.75,172142.0
2017-04-27 11:25:00,YNDX,26.75,26.8,26.725,26.76,76563.0
2017-04-27 11:30:00,YNDX,26.76,26.805,26.705,26.77,191446.0
2017-04-27 11:35:00,YNDX,26.77,26.805,26.705,26.795,163980.0
2017-04-27 11:40:00,YNDX,26.795,26.855,26.795,26.795,99370.0
2017-04-27 11:45:00,YNDX,26.795,26.895,26.765,26.84,119111.0
2017-04-27 11:50:00,YNDX,26.84,26.855,26.815,26.845,52229.0
2017-04-27 11:55:00,YNDX,26.845,26.855,26.785,26.815,41646.0
2017-04-27 12:00:00,YNDX,26.815,26.855,26.815,26.845,66614.0
2017-04-27 12:05:00,YNDX,26.845,26.845,26.725,26.755,40109.0
2017-04-27 12:10:00,YNDX,26.755,26.83,26.74,26.805,40561.0
2017-04-27 12:15:00,YNDX,26.805,26.805,26.625,26.635,67381.0
2017-04-27 12:20:00,YNDX,26.635,26.73,26.615,26.725,52152.0
2017-04-27 12:25:00,YNDX,26.725,26.8,26.715,26.775,27051.0
2017-04-27 12:30:00,YNDX,26.775,26.775,26.725,26.765,15655.0
2017-04-27 12:35:00,YNDX,26.765,26.8,26.765,26.795,25395.0
2017-04-27 12:40:00,YNDX,26.795,26.8,26.795,26.795,11681.0
2017-04-27 12:45:00,YNDX,26.795,26.795,26.785,26.795,13612.0
2017-04-27 12:50:00,YNDX,26.795,26.8,26.745,26.755,33283.0
2017-04-27 12:55:00,YNDX,26.755,26.775,26.725,26.775,31232.0
2017-04-27 13:00:00,YNDX,26.775,26.785,26.745,26.765,18809.0
2017-04-27 13:05:00,YNDX,26.765,26.765,26.715,26.745,22759.0
2017-04-27 13:10:00,YNDX,26.745,26.745,26.715,26.735,22406.0
2017-04-27 13:15:00,YNDX,26.735,26.735,26.735,26.735,9881.0
2017-04-27 13:20:00,YNDX,26.735,26.765,26.705,26.755,83665.0
2017-04-27 13:25:00,YNDX,26.755,26.755,26.735,26.755,34765.0
2017-04-27 13:30:00,YNDX,26.755,26.765,26.755,26.755,19733.0
2017-04-27 13:35:00,YNDX,26.755,26.755,26.725,26.755,36078.0
2017-04-27 13:40:00,YNDX,26.755,26.755,26.735,26.755,34985.0
2017-04-27 13:45:00,YNDX,26.755,26.755,26.705,26.745,57054.0
2017-04-27 13:50:00,YNDX,26.745,26.765,26.745,26.755,26677.0
2017-04-27 13:55:00,YNDX,26.755,26.755,26.735,26.745,88429.0
2017-04-27 14:00:00,YNDX,26.745,26.845,26.745,26.835,47796.0
2017-04-27 14:05:00,YNDX,26.835,26.845,26.825,26.835,31418.0
2017-04-27 14:10:00,YNDX,26.835,26.835,26.775,26.775,12111.0
2017-04-27 14:15:00,YNDX,26.775,26.775,26.73,26.745,47130.0
2017-04-27 14:20:00,YNDX,26.745,26.755,26.725,26.735,39869.0
2017-04-27 14:25:00,YNDX,26.735,26.785,26.735,26.785,35854.0
2017-04-27 14:30:00,YNDX,26.785,26.835,26.735,26.755,48191.0
2017-04-27 14:35:00,YNDX,26.755,26.785,26.755,26.785,13087.0
2017-04-27 14:40:00,YNDX,26.785,26.805,26.785,26.805,16486.0
2017-04-27 14:45:00,YNDX,26.805,26.815,26.795,26.815,22314.0
2017-04-27 14:50:00,YNDX,26.815,26.845,26.815,26.835,54924.0
2017-04-27 14:55:00,YNDX,26.835,26.995,26.835,26.995,119605.0
2017-04-27 15:00:00,YNDX,26.995,27.215,26.995,27.055,180876.0
2017-04-27 15:05:00,YNDX,27.055,27.055,26.965,26.985,77593.0
2017-04-27 15:10:00,YNDX,26.985,27.005,26.975,26.995,175450.0
2017-04-27 15:15:00,YNDX,26.995,27.055,26.995,27.025,99410.0
2017-04-27 15:20:00,YNDX,27.025,27.085,27.025,27.05,59466.0
2017-04-27 15:25:00,YNDX,27.05,27.155,27.045,27.135,77410.0
2017-04-27 15:30:00,YNDX,27.135,27.205,27.135,27.155,88098.0
2017-04-27 15:35:00,YNDX,27.155,27.235,27.155,27.235,135364.0
2017-04-27 15:40:00,YNDX,27.235,27.335,27.205,27.335,151887.0
2017-04-27 15:45:00,YNDX,27.335,27.365,27.315,27.365,188907.0
2017-04-27 15:50:00,YNDX,27.365,27.435,27.325,27.325,289604.0
2017-04-27 15:55:00,YNDX,27.325,27.415,27.275,27.415,298750.0
2017-04-27 16:00:00,YNDX,27.415,27.505,27.38,27.415,494532.0
2017-04-27 16:05:00,YNDX,27.415,27.575,26.8,27.305,127483.0
2017-04-27 16:10:00,YNDX,27.305,27.305,27.305,27.305,0.0
2017-04-27 16:15:00,YNDX,27.305,27.305,27.305,27.305,9000.0
2017-04-27 16:20:00,YNDX,27.305,27.305,27.305,27.305,0.0
2017-04-27 16:25:00,YNDX,27.305,27.305,27.255,27.255,0.0
2017-04-27 16:30:00,YNDX,27.255,27.255,27.255,27.255,0.0
2017-04-27 16:35:00,YNDX,27.255,27.255,27.255,27.255,0.0
2017-04-27 16:40:00,YNDX,27.255,27.255,27.255,27.255,0.0
2017-04-27 16:45:00,YNDX,27.255,27.255,27.255,27.255,0.0
2017-04-27 16:50:00,YNDX,27.255,27.255,27.255,27.255,0.0
2017-04-27 16:55:00,YNDX,27.255,27.43,27.185,27.385,692607.0
2017-04-27 17:00:00,YNDX,27.385,27.385,27.21,27.21,200.0
2017-04-27 17:05:00,YNDX,27.21,27.21,27.21,27.21,0.0
2017-04-27 17:10:00,YNDX,27.21,27.21,27.21,27.21,0.0
2017-04-27 17:15:00,YNDX,27.21,27.21,27.21,27.21,0.0
2017-04-27 17:20:00,YNDX,27.21,27.21,27.185,27.185,0.0
2017-04-27 17:25:00,YNDX,27.185,27.185,27.185,27.185,0.0
2017-04-27 17:30:00,YNDX,27.185,27.185,27.175,27.175,0.0
2017-04-27 17:35:00,YNDX,27.175,27.175,27.175,27.175,0.0
2017-04-27 17:40:00,YNDX,27.175,27.185,27.175,27.185,0.0
2017-04-27 17:45:00,YNDX,27.185,27.185,27.185,27.185,40.0
2017-04-27 17:50:00,YNDX,27.185,27.305,27.185,27.305,0.0
2017-04-27 17:55:00,YNDX,27.305,27.305,27.305,27.305,0.0
2017-04-27 18:00:00,YNDX,27.305,27.305,27.295,27.295,0.0
2017-04-27 18:05:00,YNDX,27.295,27.295,27.26,27.26,0.0
2017-04-27 18:10:00,YNDX,27.26,27.26,27.14,27.14,100.0
2017-04-27 18:15:00,YNDX,27.14,27.14,27.14,27.14,0.0
2017-04-27 18:20:00,YNDX,27.14,27.14,27.14,27.14,0.0
2017-04-27 18:25:00,YNDX,27.14,27.14,27.14,27.14,0.0
2017-04-27 18:30:00,YNDX,27.14,27.14,27.14,27.14,0.0
2017-04-27 18:35:00,YNDX,27.14,27.14,27.14,27.14,0.0
2017-04-27 18:40:00,YNDX,27.14,27.14,27.14,27.14,0.0
2017-04-27 18:45:00,YNDX,27.14,27.14,27.14,27.14,0.0
2017-04-27 18:50:00,YNDX,27.14,27.14,27.14,27.14,0.0
2017-04-27 18:55:00,YNDX,27.14,27.14,27.14,27.14,0.0
2017-04-27 19:00:00,YNDX,27.14,27.14,27.14,27.14,0.0
2017-04-27 19:05:00,YNDX,27.14,27.14,27.14,27.14,0.0
2017-04-27 19:10:00,YNDX,27.14,27.14,27.14,27.14,0.0
2017-04-27 19:15:00,YNDX,27.14,27.14,27.14,27.14,0.0
2017-04-27 19:20:00,YNDX,27.14,27.14,27.14,27.14,0.0
2017-04-27 19:25:00,YNDX,27.14,27.14,27.14,27.14,0.0
2017-04-27 19:30:00,YNDX,27.14,27.14,27.14,27.14,0.0
2017-04-27 19:35:00,YNDX,27.14,27.14,27.14,27.14,0.0
2017-04-27 19:40:00,YNDX,27.14,27.14,27.14,27.14,100.0
2017-04-27 19:45:00,YNDX,27.14,27.14,27.14,27.14,0.0
2017-04-27 19:50:00,YNDX,27.14,27.14,27.14,27.14,0.0
2017-04-27 19:55:00,YNDX,27.14,27.14,27.14,27.14,0.0
2017-04-27 20:00:00,YNDX,27.14,27.145,27.14,27.145,300.0
2017-04-27 20:05:00,YNDX,27.145,27.145,27.14,27.14,0.0
2017-04-27 20:10:00,YNDX,27.14,27.14,27.14,27.14,0.0
2017-04-27 20:15:00,YNDX,27.14,27.14,27.14,27.14,0.0
2017-04-27 20:20:00,YNDX,27.14,27.14,27.14,27.14,0.0
2017-04-27 20:25:00,YNDX,27.14,27.14,27.14,27.14,0.0
2017-04-27 20:30:00,YNDX,27.14,27.14,27.14,27.14,0.0
2017-04-27 20:35:00,YNDX,27.14,27.14,27.14,27.14,0.0
2017-04-27 20:40:00,YNDX,27.14,27.14,27.14,27.14,0.0
2017-04-27 20:45:00,YNDX,27.14,27.14,27.14,27.14,0.0
2017-04-27 20:50:00,YNDX,27.14,27.14,27.14,27.14,0.0
2017-04-27 20:55:00,YNDX,27.14,27.14,27.14,27.14,0.0
