Date,Close,High,Low,Open,Volume
2017-04-21 10:25:00,17.225,17.25,17.225,17.25,200.0
2017-04-21 10:30:00,17.25,17.25,17.2,17.2,1800.0
2017-04-21 10:35:00,17.2,17.25,17.2,17.25,200.0
2017-04-21 10:40:00,17.15,17.25,17.15,17.2,2100.0
2017-04-21 10:45:00,17.2,17.2,17.15,17.15,1081.0
2017-04-21 10:50:00,17.2,17.2,17.2,17.2,1340.0
2017-04-21 10:55:00,17.2,17.2,17.2,17.2,352.0
2017-04-21 11:00:00,17.125,17.15,17.1,17.15,2770.0
2017-04-21 11:05:00,17.05,17.1,17.05,17.1,900.0
2017-04-21 11:10:00,17.05,17.05,17.05,17.05,100.0
2017-04-21 11:15:00,17.05,17.1,17.05,17.05,6072.0
2017-04-21 11:20:00,17.05,17.05,17.0,17.0,3380.0
2017-04-21 11:25:00,17.05,17.05,17.05,17.05,3.0
2017-04-21 11:30:00,17.05,17.05,17.05,17.05,66.0
2017-04-21 11:35:00,17.0255,17.1,17.0255,17.1,1293.0
2017-04-21 11:40:00,17.025,17.025,17.025,17.025,200.0
2017-04-21 11:45:00,17.0185,17.0185,16.95,17.0,2165.0
2017-04-21 11:50:00,17.025,17.025,17.025,17.025,100.0
2017-04-21 11:55:00,16.95,17.0,16.95,17.0,600.0
2017-04-21 12:00:00,17.0,17.0,17.0,17.0,1050.0
2017-04-21 12:05:00,17.025,17.025,17.0,17.0,1276.0
2017-04-21 12:10:00,16.975,17.0,16.975,17.0,300.0
2017-04-21 12:15:00,17.0,17.0,17.0,17.0,600.0
2017-04-21 12:20:00,16.975,16.975,16.975,16.975,16.0
2017-04-21 12:25:00,16.975,16.975,16.975,16.975,200.0
2017-04-21 12:30:00,16.975,16.975,16.975,16.975,200.0
2017-04-21 12:35:00,16.975,17.0,16.975,17.0,300.0
2017-04-21 12:40:00,17.0,17.0,17.0,17.0,100.0
2017-04-21 12:45:00,17.0,17.0,17.0,17.0,600.0
2017-04-21 12:50:00,16.975,17.0,16.95,17.0,1201.0
2017-04-21 12:55:00,16.95,17.0,16.95,17.0,1700.0
2017-04-21 13:00:00,16.975,17.025,16.975,17.025,1103.0
2017-04-21 13:05:00,17.05,17.05,17.0,17.0,464.0
2017-04-21 13:10:00,17.0,17.025,17.0,17.025,73.0
2017-04-21 13:15:00,16.975,16.975,16.9,16.95,1435.0
2017-04-21 13:20:00,17.0,17.025,16.975,16.975,1604.0
2017-04-21 13:25:00,17.05,17.05,17.05,17.05,100.0
2017-04-21 13:30:00,17.05,17.05,17.05,17.05,100.0
2017-04-21 13:35:00,17.0,17.0,17.0,17.0,100.0
2017-04-21 13:40:00,17.05,17.05,17.05,17.05,100.0
2017-04-21 13:45:00,17.0,17.0,17.0,17.0,124.0
2017-04-21 13:50:00,17.0,17.0,16.95,17.0,300.0
2017-04-21 13:55:00,16.95,17.05,16.95,17.05,200.0
2017-04-21 14:00:00,17.05,17.1,17.05,17.05,6126.0
2017-04-21 14:05:00,17.025,17.075,17.025,17.075,1791.0
2017-04-21 14:10:00,17.075,17.075,17.025,17.025,742.0
2017-04-21 14:15:00,17.075,17.075,17.075,17.075,202.0
2017-04-21 14:20:00,17.125,17.125,17.075,17.075,1735.0
2017-04-21 14:25:00,17.175,17.175,17.125,17.125,1521.0
2017-04-21 14:30:00,17.175,17.175,17.15,17.175,2562.0
2017-04-21 14:35:00,17.175,17.175,17.175,17.175,104.0
2017-04-21 14:40:00,17.15,17.15,17.1419,17.15,1968.0
2017-04-21 14:45:00,17.1,17.1,17.1,17.1,1810.0
2017-04-21 14:50:00,17.1,17.1,17.05,17.1,1461.0
2017-04-21 14:55:00,15.925,15.925,15.925,15.925,0.0
2017-04-21 14:55:00,17.1,17.1,17.075,17.1,2034.0
2017-04-21 15:00:00,15.925,15.925,15.925,15.925,0.0
2017-04-21 15:00:00,17.175,17.175,17.125,17.125,1505.0
2017-04-21 15:05:00,15.925,15.925,15.925,15.925,0.0
2017-04-21 15:05:00,17.15,17.175,17.15,17.1722,3233.0
2017-04-21 15:10:00,17.2,17.2,17.2,17.2,100.0
2017-04-21 15:10:00,15.925,15.925,15.925,15.925,0.0
2017-04-21 15:15:00,17.15,17.2,17.15,17.2,700.0
2017-04-21 15:15:00,15.925,15.925,15.925,15.925,0.0
2017-04-21 15:20:00,15.925,15.925,15.925,15.925,0.0
2017-04-21 15:20:00,17.175,17.175,17.125,17.175,2388.0
2017-04-21 15:25:00,17.125,17.175,17.125,17.175,616.0
2017-04-21 15:25:00,15.925,15.925,15.925,15.925,0.0
2017-04-21 15:30:00,17.05,17.1,17.05,17.1,1000.0
2017-04-21 15:30:00,15.925,15.925,15.925,15.925,0.0
2017-04-21 15:35:00,15.925,15.925,15.925,15.925,0.0
2017-04-21 15:35:00,17.1,17.1,17.1,17.1,300.0
2017-04-21 15:40:00,17.15,17.15,17.075,17.15,3917.0
2017-04-21 15:40:00,15.925,15.925,15.925,15.925,0.0
2017-04-21 15:45:00,17.125,17.125,17.125,17.125,1162.0
2017-04-21 15:45:00,15.925,15.925,15.925,15.925,0.0
2017-04-21 15:50:00,17.075,17.125,17.075,17.125,7048.0
2017-04-21 15:50:00,15.925,15.925,15.925,15.925,0.0
2017-04-21 15:55:00,15.925,15.925,15.925,15.925,0.0
2017-04-21 15:55:00,17.075,17.075,17.075,17.075,1664.0
2017-04-21 16:00:00,15.925,15.925,15.925,15.925,0.0
2017-04-21 16:00:00,17.0,17.075,17.0,17.075,30012.0
2017-04-21 16:05:00,15.925,15.925,15.925,15.925,0.0
2017-04-21 16:05:00,17.0,17.0,17.0,17.0,29033.0
2017-04-21 16:10:00,15.925,17.025,15.925,17.025,543.0
2017-04-21 16:15:00,15.925,15.925,15.925,15.925,0.0
2017-04-21 16:20:00,15.925,15.925,15.925,15.925,0.0
2017-04-21 16:25:00,15.925,15.925,15.925,15.925,0.0
2017-04-21 16:30:00,15.925,15.925,15.925,15.925,4454.0
2017-04-21 16:35:00,15.925,15.925,15.925,15.925,0.0
2017-04-21 16:40:00,15.925,15.925,15.925,15.925,0.0
2017-04-21 16:45:00,15.925,15.925,15.925,15.925,0.0
2017-04-21 16:50:00,15.925,15.925,15.925,15.925,0.0
2017-04-21 16:55:00,15.925,15.925,15.925,15.925,0.0
2017-04-21 17:00:00,15.925,15.925,15.925,15.925,0.0
2017-04-21 17:05:00,15.925,15.925,15.925,15.925,0.0
2017-04-21 17:10:00,15.925,15.925,15.925,15.925,0.0
2017-04-21 17:15:00,15.925,15.925,15.925,15.925,0.0
2017-04-21 17:20:00,15.925,15.925,15.925,15.925,0.0
2017-04-21 17:25:00,15.925,15.925,15.925,15.925,0.0
2017-04-21 17:30:00,15.925,15.925,15.925,15.925,0.0
2017-04-21 17:35:00,15.925,15.925,15.925,15.925,0.0
2017-04-21 17:40:00,15.925,15.925,15.925,15.925,0.0
2017-04-21 17:45:00,15.925,15.925,15.925,15.925,0.0
2017-04-21 17:50:00,15.925,15.925,15.925,15.925,0.0
2017-04-21 17:55:00,15.925,15.925,15.925,15.925,0.0
2017-04-21 18:00:00,15.925,15.925,15.925,15.925,0.0
2017-04-21 18:05:00,15.925,15.925,15.925,15.925,0.0
2017-04-21 18:10:00,15.925,15.925,15.925,15.925,0.0
2017-04-21 18:15:00,15.925,15.925,15.925,15.925,0.0
2017-04-21 18:20:00,15.925,15.925,15.925,15.925,0.0
2017-04-21 18:25:00,15.925,15.925,15.925,15.925,0.0
2017-04-21 18:30:00,15.925,15.925,15.925,15.925,0.0
2017-04-21 18:35:00,15.925,15.925,15.925,15.925,0.0
2017-04-21 18:40:00,15.925,15.925,15.925,15.925,0.0
2017-04-21 18:45:00,15.925,15.925,15.925,15.925,0.0
2017-04-21 18:50:00,15.925,15.925,15.925,15.925,0.0
2017-04-21 20:10:00,15.925,15.925,15.925,15.925,0.0
2017-04-21 20:15:00,15.925,15.925,15.925,15.925,0.0
2017-04-21 20:20:00,15.925,15.925,15.925,15.925,0.0
2017-04-21 20:25:00,15.925,15.925,15.925,15.925,0.0
2017-04-21 20:30:00,15.925,15.925,15.925,15.925,0.0
2017-04-21 20:35:00,15.925,15.925,15.925,15.925,0.0
2017-04-21 20:40:00,15.925,15.925,15.925,15.925,0.0
2017-04-21 20:45:00,15.925,15.925,15.925,15.925,0.0
2017-04-21 20:50:00,15.925,15.925,15.925,15.925,0.0
2017-04-21 20:55:00,15.925,15.925,15.925,15.925,0.0
2017-04-22 08:00:00,15.925,15.925,15.925,15.925,0.0
2017-04-22 08:05:00,15.925,15.925,15.925,15.925,0.0
2017-04-22 08:10:00,15.925,15.925,15.925,15.925,0.0
2017-04-22 08:15:00,15.925,15.925,15.925,15.925,0.0
2017-04-22 08:20:00,15.925,15.925,15.925,15.925,0.0
2017-04-22 08:25:00,15.925,15.925,15.925,15.925,0.0
2017-04-22 08:30:00,15.925,15.925,15.925,15.925,0.0
2017-04-22 08:35:00,15.925,15.925,15.925,15.925,0.0
2017-04-22 08:40:00,15.925,15.925,15.925,15.925,0.0
2017-04-22 08:45:00,15.925,15.925,15.925,15.925,0.0
2017-04-22 08:50:00,15.925,15.925,15.925,15.925,0.0
2017-04-22 08:55:00,15.925,15.925,15.925,15.925,0.0
2017-04-22 09:00:00,15.925,15.925,15.925,15.925,0.0
2017-04-22 09:05:00,15.925,15.925,15.925,15.925,0.0
2017-04-22 09:10:00,15.925,15.925,15.925,15.925,0.0
2017-04-22 09:15:00,15.925,15.925,15.925,15.925,0.0
2017-04-22 09:20:00,15.925,15.925,15.925,15.925,0.0
2017-04-22 09:25:00,15.925,15.925,15.925,15.925,0.0
2017-04-22 09:30:00,15.925,15.925,15.925,15.925,0.0
2017-04-22 09:35:00,15.925,15.925,15.925,15.925,0.0
2017-04-22 09:40:00,15.925,15.925,15.925,15.925,0.0
2017-04-22 09:45:00,15.925,15.925,15.925,15.925,0.0
2017-04-22 09:50:00,15.925,15.925,15.925,15.925,0.0
2017-04-22 09:55:00,15.925,15.925,15.925,15.925,0.0
2017-04-22 10:00:00,15.925,15.925,15.925,15.925,0.0
2017-04-22 10:05:00,15.925,15.925,15.925,15.925,0.0
2017-04-22 10:10:00,15.925,15.925,15.925,15.925,0.0
2017-04-22 10:15:00,15.925,15.925,15.925,15.925,0.0
2017-04-22 10:20:00,15.925,15.925,15.925,15.925,0.0
2017-04-22 10:25:00,15.925,15.925,15.925,15.925,0.0
2017-04-22 10:30:00,15.925,15.925,15.925,15.925,0.0
2017-04-22 10:35:00,15.925,15.925,15.925,15.925,0.0
2017-04-22 10:40:00,15.925,15.925,15.925,15.925,0.0
2017-04-22 10:45:00,15.925,15.925,15.925,15.925,0.0
2017-04-22 10:50:00,15.925,15.925,15.925,15.925,0.0
2017-04-22 10:55:00,15.925,15.925,15.925,15.925,0.0
2017-04-22 11:00:00,15.925,15.925,15.925,15.925,0.0
2017-04-22 11:05:00,15.925,15.925,15.925,15.925,0.0
2017-04-22 11:10:00,15.925,15.925,15.925,15.925,0.0
2017-04-22 11:15:00,15.925,15.925,15.925,15.925,0.0
2017-04-22 11:20:00,15.925,15.925,15.925,15.925,0.0
2017-04-22 11:25:00,15.925,15.925,15.925,15.925,0.0
2017-04-22 11:30:00,15.925,15.925,15.925,15.925,0.0
2017-04-22 11:35:00,15.925,15.925,15.925,15.925,0.0
2017-04-22 11:40:00,15.925,15.925,15.925,15.925,0.0
2017-04-22 11:45:00,15.925,15.925,15.925,15.925,0.0
2017-04-22 11:50:00,15.925,15.925,15.925,15.925,0.0
2017-04-22 11:55:00,15.925,15.925,15.925,15.925,0.0
2017-04-22 12:00:00,15.925,15.925,15.925,15.925,0.0
2017-04-22 12:05:00,15.925,15.925,15.925,15.925,0.0
2017-04-22 12:10:00,15.925,15.925,15.925,15.925,0.0
2017-04-22 12:15:00,15.925,15.925,15.925,15.925,0.0
2017-04-22 12:20:00,15.925,15.925,15.925,15.925,0.0
2017-04-22 12:25:00,15.925,15.925,15.925,15.925,0.0
2017-04-22 12:30:00,15.925,15.925,15.925,15.925,0.0
2017-04-22 12:35:00,15.925,15.925,15.925,15.925,0.0
2017-04-22 12:40:00,15.925,15.925,15.925,15.925,0.0
2017-04-22 12:45:00,15.925,15.925,15.925,15.925,0.0
2017-04-22 12:50:00,15.925,15.925,15.925,15.925,0.0
2017-04-22 12:55:00,15.925,15.925,15.925,15.925,0.0
2017-04-22 13:00:00,15.925,15.925,15.925,15.925,0.0
2017-04-22 13:05:00,15.925,15.925,15.925,15.925,0.0
2017-04-22 13:10:00,15.925,15.925,15.925,15.925,0.0
2017-04-22 13:15:00,15.925,15.925,15.925,15.925,0.0
2017-04-22 13:20:00,15.925,15.925,15.925,15.925,0.0
2017-04-22 13:25:00,15.925,15.925,15.925,15.925,0.0
2017-04-22 13:30:00,15.925,15.925,15.925,15.925,0.0
2017-04-22 13:35:00,15.925,15.925,15.925,15.925,0.0
2017-04-22 13:40:00,15.925,15.925,15.925,15.925,0.0
2017-04-22 13:45:00,15.925,15.925,15.925,15.925,0.0
2017-04-22 13:50:00,15.925,15.925,15.925,15.925,0.0
2017-04-22 13:55:00,15.925,15.925,15.925,15.925,0.0
2017-04-22 14:00:00,15.925,15.925,15.925,15.925,0.0
2017-04-22 14:05:00,15.925,15.925,15.925,15.925,0.0
2017-04-22 14:10:00,15.925,15.925,15.925,15.925,0.0
2017-04-22 14:15:00,15.925,15.925,15.925,15.925,0.0
2017-04-22 14:20:00,15.925,15.925,15.925,15.925,0.0
2017-04-22 14:25:00,15.925,15.925,15.925,15.925,0.0
2017-04-22 14:30:00,15.925,15.925,15.925,15.925,0.0
2017-04-22 14:35:00,15.925,15.925,15.925,15.925,0.0
2017-04-22 14:40:00,15.925,15.925,15.925,15.925,0.0
2017-04-22 14:45:00,15.925,15.925,15.925,15.925,0.0
2017-04-22 14:50:00,15.925,15.925,15.925,15.925,0.0
2017-04-22 14:55:00,15.925,15.925,15.925,15.925,0.0
2017-04-22 15:00:00,15.925,15.925,15.925,15.925,0.0
2017-04-22 15:05:00,15.925,15.925,15.925,15.925,0.0
2017-04-22 15:10:00,15.925,15.925,15.925,15.925,0.0
2017-04-22 15:15:00,15.925,15.925,15.925,15.925,0.0
2017-04-22 15:20:00,15.925,15.925,15.925,15.925,0.0
2017-04-22 15:25:00,15.925,15.925,15.925,15.925,0.0
2017-04-22 15:30:00,15.925,15.925,15.925,15.925,0.0
2017-04-22 15:35:00,15.925,15.925,15.925,15.925,0.0
2017-04-22 15:40:00,15.925,15.925,15.925,15.925,0.0
2017-04-22 15:45:00,15.925,15.925,15.925,15.925,0.0
2017-04-22 15:50:00,15.925,15.925,15.925,15.925,0.0
2017-04-22 15:55:00,15.925,15.925,15.925,15.925,0.0
2017-04-22 16:00:00,15.925,15.925,15.925,15.925,0.0
2017-04-22 16:05:00,15.925,15.925,15.925,15.925,0.0
2017-04-22 16:10:00,15.925,15.925,15.925,15.925,0.0
2017-04-22 16:15:00,15.925,15.925,15.925,15.925,0.0
2017-04-22 16:20:00,15.925,15.925,15.925,15.925,0.0
2017-04-22 16:25:00,15.925,15.925,15.925,15.925,0.0
2017-04-22 16:30:00,15.925,15.925,15.925,15.925,0.0
2017-04-22 16:35:00,15.925,15.925,15.925,15.925,0.0
2017-04-22 16:40:00,15.925,15.925,15.925,15.925,0.0
2017-04-22 16:45:00,15.925,15.925,15.925,15.925,0.0
2017-04-22 16:50:00,15.925,15.925,15.925,15.925,0.0
2017-04-22 16:55:00,15.925,15.925,15.925,15.925,0.0
2017-04-22 17:00:00,15.925,15.925,15.925,15.925,0.0
2017-04-22 17:05:00,15.925,15.925,15.925,15.925,0.0
2017-04-22 17:10:00,15.925,15.925,15.925,15.925,0.0
2017-04-22 17:15:00,15.925,15.925,15.925,15.925,0.0
2017-04-22 17:20:00,15.925,15.925,15.925,15.925,0.0
2017-04-22 17:25:00,15.925,15.925,15.925,15.925,0.0
2017-04-22 17:30:00,15.925,15.925,15.925,15.925,0.0
2017-04-22 17:35:00,15.925,15.925,15.925,15.925,0.0
2017-04-22 17:40:00,15.925,15.925,15.925,15.925,0.0
2017-04-22 17:45:00,15.925,15.925,15.925,15.925,0.0
2017-04-22 17:50:00,15.925,15.925,15.925,15.925,0.0
2017-04-22 17:55:00,15.925,15.925,15.925,15.925,0.0
2017-04-22 18:00:00,15.925,15.925,15.925,15.925,0.0
2017-04-22 18:05:00,15.925,15.925,15.925,15.925,0.0
2017-04-22 18:10:00,15.925,15.925,15.925,15.925,0.0
2017-04-22 18:15:00,15.925,15.925,15.925,15.925,0.0
2017-04-22 18:20:00,15.925,15.925,15.925,15.925,0.0
2017-04-22 18:25:00,15.925,15.925,15.925,15.925,0.0
2017-04-22 18:30:00,15.925,15.925,15.925,15.925,0.0
2017-04-22 18:35:00,15.925,15.925,15.925,15.925,0.0
2017-04-22 18:40:00,15.925,15.925,15.925,15.925,0.0
2017-04-22 18:45:00,15.925,15.925,15.925,15.925,0.0
2017-04-22 18:50:00,15.925,15.925,15.925,15.925,0.0
2017-04-22 18:55:00,15.925,15.925,15.925,15.925,0.0
2017-04-22 19:00:00,15.925,15.925,15.925,15.925,0.0
2017-04-22 19:05:00,15.925,15.925,15.925,15.925,0.0
2017-04-22 19:10:00,15.925,15.925,15.925,15.925,0.0
2017-04-22 19:15:00,15.925,15.925,15.925,15.925,0.0
2017-04-22 19:20:00,15.925,15.925,15.925,15.925,0.0
2017-04-22 19:25:00,15.925,15.925,15.925,15.925,0.0
2017-04-22 19:30:00,15.925,15.925,15.925,15.925,0.0
2017-04-22 19:35:00,15.925,15.925,15.925,15.925,0.0
2017-04-22 19:40:00,15.925,15.925,15.925,15.925,0.0
2017-04-22 19:45:00,15.925,15.925,15.925,15.925,0.0
2017-04-22 19:50:00,15.925,15.925,15.925,15.925,0.0
2017-04-22 19:55:00,15.925,15.925,15.925,15.925,0.0
2017-04-22 20:00:00,15.925,15.925,15.925,15.925,0.0
2017-04-22 20:05:00,15.925,15.925,15.925,15.925,0.0
2017-04-22 20:10:00,15.925,15.925,15.925,15.925,0.0
2017-04-22 20:15:00,15.925,15.925,15.925,15.925,0.0
2017-04-22 20:20:00,15.925,15.925,15.925,15.925,0.0
2017-04-22 20:25:00,15.925,15.925,15.925,15.925,0.0
2017-04-22 20:30:00,15.925,15.925,15.925,15.925,0.0
2017-04-22 20:35:00,15.925,15.925,15.925,15.925,0.0
2017-04-22 20:40:00,15.925,15.925,15.925,15.925,0.0
2017-04-22 20:45:00,15.925,15.925,15.925,15.925,0.0
2017-04-22 20:50:00,15.925,15.925,15.925,15.925,0.0
2017-04-22 20:55:00,15.925,15.925,15.925,15.925,0.0
2017-04-23 08:00:00,15.925,15.925,15.925,15.925,0.0
2017-04-23 08:05:00,15.925,15.925,15.925,15.925,0.0
2017-04-23 08:10:00,15.925,15.925,15.925,15.925,0.0
2017-04-23 08:15:00,15.925,15.925,15.925,15.925,0.0
2017-04-23 08:20:00,15.925,15.925,15.925,15.925,0.0
2017-04-23 08:25:00,15.925,15.925,15.925,15.925,0.0
2017-04-23 08:30:00,15.925,15.925,15.925,15.925,0.0
2017-04-23 08:35:00,15.925,15.925,15.925,15.925,0.0
2017-04-23 08:40:00,15.925,15.925,15.925,15.925,0.0
2017-04-23 08:45:00,15.925,15.925,15.925,15.925,0.0
2017-04-23 08:50:00,15.925,15.925,15.925,15.925,0.0
2017-04-23 08:55:00,15.925,15.925,15.925,15.925,0.0
2017-04-23 09:00:00,15.925,15.925,15.925,15.925,0.0
2017-04-23 09:05:00,15.925,15.925,15.925,15.925,0.0
2017-04-23 09:10:00,15.925,15.925,15.925,15.925,0.0
2017-04-23 09:15:00,15.925,15.925,15.925,15.925,0.0
2017-04-23 09:20:00,15.925,15.925,15.925,15.925,0.0
2017-04-23 09:25:00,15.925,15.925,15.925,15.925,0.0
2017-04-23 09:30:00,15.925,15.925,15.925,15.925,0.0
2017-04-23 09:35:00,15.925,15.925,15.925,15.925,0.0
2017-04-23 09:40:00,15.925,15.925,15.925,15.925,0.0
2017-04-23 09:45:00,15.925,15.925,15.925,15.925,0.0
2017-04-23 09:50:00,15.925,15.925,15.925,15.925,0.0
2017-04-23 09:55:00,15.925,15.925,15.925,15.925,0.0
2017-04-23 10:00:00,15.925,15.925,15.925,15.925,0.0
2017-04-23 10:05:00,15.925,15.925,15.925,15.925,0.0
2017-04-23 10:10:00,15.925,15.925,15.925,15.925,0.0
2017-04-23 10:15:00,15.925,15.925,15.925,15.925,0.0
2017-04-23 10:20:00,15.925,15.925,15.925,15.925,0.0
2017-04-23 10:25:00,15.925,15.925,15.925,15.925,0.0
2017-04-23 10:30:00,15.925,15.925,15.925,15.925,0.0
2017-04-23 10:35:00,15.925,15.925,15.925,15.925,0.0
2017-04-23 10:40:00,15.925,15.925,15.925,15.925,0.0
2017-04-23 10:45:00,15.925,15.925,15.925,15.925,0.0
2017-04-23 10:50:00,15.925,15.925,15.925,15.925,0.0
2017-04-23 10:55:00,15.925,15.925,15.925,15.925,0.0
2017-04-23 11:00:00,15.925,15.925,15.925,15.925,0.0
2017-04-23 11:05:00,15.925,15.925,15.925,15.925,0.0
2017-04-23 11:10:00,15.925,15.925,15.925,15.925,0.0
2017-04-23 11:15:00,15.925,15.925,15.925,15.925,0.0
2017-04-23 11:20:00,15.925,15.925,15.925,15.925,0.0
2017-04-23 11:25:00,15.925,15.925,15.925,15.925,0.0
2017-04-23 11:30:00,15.925,15.925,15.925,15.925,0.0
2017-04-23 11:35:00,15.925,15.925,15.925,15.925,0.0
2017-04-23 11:40:00,15.925,15.925,15.925,15.925,0.0
2017-04-23 11:45:00,15.925,15.925,15.925,15.925,0.0
2017-04-23 11:50:00,15.925,15.925,15.925,15.925,0.0
2017-04-23 11:55:00,15.925,15.925,15.925,15.925,0.0
2017-04-23 12:00:00,15.925,15.925,15.925,15.925,0.0
2017-04-23 12:05:00,15.925,15.925,15.925,15.925,0.0
2017-04-23 12:10:00,15.925,15.925,15.925,15.925,0.0
2017-04-23 12:15:00,15.925,15.925,15.925,15.925,0.0
2017-04-23 12:20:00,15.925,15.925,15.925,15.925,0.0
2017-04-23 12:25:00,15.925,15.925,15.925,15.925,0.0
2017-04-23 12:30:00,15.925,15.925,15.925,15.925,0.0
2017-04-23 12:35:00,15.925,15.925,15.925,15.925,0.0
2017-04-23 12:40:00,15.925,15.925,15.925,15.925,0.0
2017-04-23 12:45:00,15.925,15.925,15.925,15.925,0.0
2017-04-23 12:50:00,15.925,15.925,15.925,15.925,0.0
2017-04-23 12:55:00,15.925,15.925,15.925,15.925,0.0
2017-04-23 13:00:00,15.925,15.925,15.925,15.925,0.0
2017-04-23 13:05:00,15.925,15.925,15.925,15.925,0.0
2017-04-23 13:10:00,15.925,15.925,15.925,15.925,0.0
2017-04-23 13:15:00,15.925,15.925,15.925,15.925,0.0
2017-04-23 13:20:00,15.925,15.925,15.925,15.925,0.0
2017-04-23 13:25:00,15.925,15.925,15.925,15.925,0.0
2017-04-23 13:30:00,15.925,15.925,15.925,15.925,0.0
2017-04-23 13:35:00,15.925,15.925,15.925,15.925,0.0
2017-04-23 13:40:00,15.925,15.925,15.925,15.925,0.0
2017-04-23 13:45:00,15.925,15.925,15.925,15.925,0.0
2017-04-23 13:50:00,15.925,15.925,15.925,15.925,0.0
2017-04-23 13:55:00,15.925,15.925,15.925,15.925,0.0
2017-04-23 14:00:00,15.925,15.925,15.925,15.925,0.0
2017-04-23 14:05:00,15.925,15.925,15.925,15.925,0.0
2017-04-23 14:10:00,15.925,15.925,15.925,15.925,0.0
2017-04-23 14:15:00,15.925,15.925,15.925,15.925,0.0
2017-04-23 14:20:00,15.925,15.925,15.925,15.925,0.0
2017-04-23 14:25:00,15.925,15.925,15.925,15.925,0.0
2017-04-23 14:30:00,15.925,15.925,15.925,15.925,0.0
2017-04-23 14:35:00,15.925,15.925,15.925,15.925,0.0
2017-04-23 14:40:00,15.925,15.925,15.925,15.925,0.0
2017-04-23 14:45:00,15.925,15.925,15.925,15.925,0.0
2017-04-23 14:50:00,15.925,15.925,15.925,15.925,0.0
2017-04-23 14:55:00,15.925,15.925,15.925,15.925,0.0
2017-04-23 15:00:00,15.925,15.925,15.925,15.925,0.0
2017-04-23 15:05:00,15.925,15.925,15.925,15.925,0.0
2017-04-23 15:10:00,15.925,15.925,15.925,15.925,0.0
2017-04-23 15:15:00,15.925,15.925,15.925,15.925,0.0
2017-04-23 15:20:00,15.925,15.925,15.925,15.925,0.0
2017-04-23 15:25:00,15.925,15.925,15.925,15.925,0.0
2017-04-23 15:30:00,15.925,15.925,15.925,15.925,0.0
2017-04-23 15:35:00,15.925,15.925,15.925,15.925,0.0
2017-04-23 15:40:00,15.925,15.925,15.925,15.925,0.0
2017-04-23 15:45:00,15.925,15.925,15.925,15.925,0.0
2017-04-23 15:50:00,15.925,15.925,15.925,15.925,0.0
2017-04-23 15:55:00,15.925,15.925,15.925,15.925,0.0
2017-04-23 16:00:00,15.925,15.925,15.925,15.925,0.0
2017-04-23 16:05:00,15.925,15.925,15.925,15.925,0.0
2017-04-23 16:10:00,15.925,15.925,15.925,15.925,0.0
2017-04-23 16:15:00,15.925,15.925,15.925,15.925,0.0
2017-04-23 16:20:00,15.925,15.925,15.925,15.925,0.0
2017-04-23 16:25:00,15.925,15.925,15.925,15.925,0.0
2017-04-23 16:30:00,15.925,15.925,15.925,15.925,0.0
2017-04-23 16:35:00,15.925,15.925,15.925,15.925,0.0
2017-04-23 16:40:00,15.925,15.925,15.925,15.925,0.0
2017-04-23 16:45:00,15.925,15.925,15.925,15.925,0.0
2017-04-23 16:50:00,15.925,15.925,15.925,15.925,0.0
2017-04-23 16:55:00,15.925,15.925,15.925,15.925,0.0
2017-04-23 17:00:00,15.925,15.925,15.925,15.925,0.0
2017-04-23 17:05:00,15.925,15.925,15.925,15.925,0.0
2017-04-23 17:10:00,15.925,15.925,15.925,15.925,0.0
2017-04-23 17:15:00,15.925,15.925,15.925,15.925,0.0
2017-04-23 17:20:00,15.925,15.925,15.925,15.925,0.0
2017-04-23 17:25:00,15.925,15.925,15.925,15.925,0.0
2017-04-23 17:30:00,15.925,15.925,15.925,15.925,0.0
2017-04-23 17:35:00,15.925,15.925,15.925,15.925,0.0
2017-04-23 17:40:00,15.925,15.925,15.925,15.925,0.0
2017-04-23 17:45:00,15.925,15.925,15.925,15.925,0.0
2017-04-23 17:50:00,15.925,15.925,15.925,15.925,0.0
2017-04-23 17:55:00,15.925,15.925,15.925,15.925,0.0
2017-04-23 18:00:00,15.925,15.925,15.925,15.925,0.0
2017-04-23 18:05:00,15.925,15.925,15.925,15.925,0.0
2017-04-23 18:10:00,15.925,15.925,15.925,15.925,0.0
2017-04-23 18:15:00,15.925,15.925,15.925,15.925,0.0
2017-04-23 18:20:00,15.925,15.925,15.925,15.925,0.0
2017-04-23 18:25:00,15.925,15.925,15.925,15.925,0.0
2017-04-23 18:30:00,15.925,15.925,15.925,15.925,0.0
2017-04-23 18:35:00,15.925,15.925,15.925,15.925,0.0
2017-04-23 18:40:00,15.925,15.925,15.925,15.925,0.0
2017-04-23 18:45:00,15.925,15.925,15.925,15.925,0.0
2017-04-23 18:50:00,15.925,15.925,15.925,15.925,0.0
2017-04-23 18:55:00,15.925,15.925,15.925,15.925,0.0
2017-04-23 19:00:00,15.925,15.925,15.925,15.925,0.0
2017-04-23 19:05:00,15.925,15.925,15.925,15.925,0.0
2017-04-23 19:10:00,15.925,15.925,15.925,15.925,0.0
2017-04-23 19:15:00,15.925,15.925,15.925,15.925,0.0
2017-04-23 19:20:00,15.925,15.925,15.925,15.925,0.0
2017-04-23 19:25:00,15.925,15.925,15.925,15.925,0.0
2017-04-23 19:30:00,15.925,15.925,15.925,15.925,0.0
2017-04-23 19:35:00,15.925,15.925,15.925,15.925,0.0
2017-04-23 19:40:00,15.925,15.925,15.925,15.925,0.0
2017-04-23 19:45:00,15.925,15.925,15.925,15.925,0.0
2017-04-23 19:50:00,15.925,15.925,15.925,15.925,0.0
2017-04-23 19:55:00,15.925,15.925,15.925,15.925,0.0
2017-04-23 20:00:00,15.925,15.925,15.925,15.925,0.0
2017-04-23 20:05:00,15.925,15.925,15.925,15.925,0.0
2017-04-23 20:10:00,15.925,15.925,15.925,15.925,0.0
2017-04-23 20:15:00,15.925,15.925,15.925,15.925,0.0
2017-04-23 20:20:00,15.925,15.925,15.925,15.925,0.0
2017-04-23 20:25:00,15.925,15.925,15.925,15.925,0.0
2017-04-23 20:30:00,15.925,15.925,15.925,15.925,0.0
2017-04-23 20:35:00,15.925,15.925,15.925,15.925,0.0
2017-04-23 20:40:00,15.925,15.925,15.925,15.925,0.0
2017-04-23 20:45:00,15.925,15.925,15.925,15.925,0.0
2017-04-23 20:50:00,15.925,15.925,15.925,15.925,0.0
2017-04-23 20:55:00,15.925,15.925,15.925,15.925,0.0
2017-04-24 08:00:00,100000.0,100000.0,100000.0,100000.0,0.0
2017-04-24 08:05:00,16.05,100007.225,15.9,100000.0,0.0
2017-04-24 08:10:00,16.05,16.05,16.05,16.05,0.0
2017-04-24 08:15:00,17.3,17.3,17.3,17.3,600.0
2017-04-24 08:20:00,100007.375,100007.375,100007.375,100007.375,0.0
2017-04-24 08:25:00,17.0,100007.375,16.775,100007.375,0.0
2017-04-24 08:30:00,17.0,17.0,17.0,17.0,0.0
2017-04-24 08:35:00,17.0,17.0,17.0,17.0,0.0
2017-04-24 08:40:00,17.0,17.0,17.0,17.0,0.0
2017-04-24 08:45:00,17.0,17.0,17.0,17.0,0.0
2017-04-24 08:50:00,17.0,17.0,17.0,17.0,0.0
2017-04-24 08:55:00,17.0,17.0,17.0,17.0,0.0
2017-04-24 09:00:00,16.725,17.0,16.725,17.0,0.0
2017-04-24 09:05:00,16.725,16.725,16.725,16.725,0.0
2017-04-24 09:10:00,16.725,16.725,16.725,16.725,0.0
2017-04-24 09:15:00,16.725,16.725,16.725,16.725,0.0
2017-04-24 09:20:00,16.725,16.725,16.725,16.725,0.0
2017-04-24 09:25:00,17.575,17.75,16.725,16.725,0.0
2017-04-24 09:30:00,17.55,17.575,17.55,17.575,0.0
2017-04-24 09:35:00,17.325,17.65,17.275,17.55,5413.0
2017-04-24 09:40:00,17.3,17.5,17.3,17.4,7949.0
2017-04-24 09:45:00,17.45,17.45,17.375,17.375,2912.0
2017-04-24 09:50:00,17.45,17.55,17.35,17.5,50995.0
2017-04-24 09:55:00,17.45,17.45,17.4,17.45,601.0
2017-04-24 10:00:00,17.525,17.5338,17.45,17.45,3602.0
2017-04-24 10:05:00,17.65,17.65,17.5,17.55,2497.0
2017-04-24 10:10:00,17.75,17.75,17.625,17.65,6022.0
2017-04-24 10:15:00,17.65,17.75,17.65,17.7,1700.0
2017-04-24 10:20:00,17.725,17.75,17.675,17.675,3100.0
2017-04-24 10:20:00,17.725,17.725,17.675,17.7,3283.0
2017-04-24 10:25:00,17.675,17.7417,17.675,17.725,3000.0
2017-04-24 10:30:00,17.675,17.675,17.575,17.675,9746.0
2017-04-24 10:35:00,17.65,17.675,17.625,17.675,2347.0
2017-04-24 10:40:00,17.625,17.65,17.625,17.65,740.0
2017-04-24 10:45:00,17.6,17.625,17.55,17.6,4153.0
2017-04-24 10:50:00,17.575,17.6,17.55,17.6,2530.0
2017-04-24 10:55:00,17.625,17.675,17.575,17.575,5484.0
2017-04-24 11:00:00,17.625,17.65,17.625,17.625,700.0
2017-04-24 11:05:00,17.65,17.675,17.65,17.65,3800.0
2017-04-24 11:10:00,17.6,17.625,17.6,17.625,701.0
2017-04-24 11:15:00,17.625,17.625,17.625,17.625,170.0
2017-04-24 11:20:00,17.625,17.625,17.575,17.625,2109.0
2017-04-24 11:25:00,17.675,17.675,17.625,17.65,4389.0
2017-04-24 11:30:00,17.725,17.725,17.675,17.675,3220.0
2017-04-24 11:35:00,17.7,17.725,17.65,17.725,3747.0
2017-04-24 11:40:00,17.725,17.725,17.625,17.65,3158.0
2017-04-24 11:45:00,17.725,17.7439,17.7,17.725,1873.0
2017-04-24 11:50:00,17.725,17.725,17.675,17.7,3437.0
2017-04-24 11:55:00,17.775,17.8,17.725,17.725,6706.0
2017-04-24 12:00:00,17.775,17.775,17.775,17.775,637.0
2017-04-24 12:05:00,17.825,17.825,17.775,17.775,3150.0
2017-04-24 12:10:00,17.825,17.8451,17.8125,17.825,3001.0
2017-04-24 12:15:00,17.875,17.875,17.825,17.825,4726.0
2017-04-24 12:20:00,17.825,17.875,17.825,17.875,6723.0
2017-04-24 12:25:00,17.8,17.875,17.725,17.85,19400.0
2017-04-24 12:30:00,17.8,17.8,17.775,17.775,3300.0
2017-04-24 12:35:00,17.75,17.7765,17.75,17.775,3900.0
2017-04-24 12:40:00,17.825,17.825,17.775,17.775,3189.0
2017-04-24 12:45:00,17.85,17.9,17.775,17.8,3603.0
2017-04-24 12:50:00,17.9,17.9,17.875,17.875,496.0
2017-04-24 12:55:00,17.875,17.925,17.875,17.875,2701.0
2017-04-24 13:00:00,17.85,17.875,17.85,17.875,3600.0
2017-04-24 13:05:00,17.925,17.925,17.875,17.9,1500.0
2017-04-24 13:10:00,17.9308,17.95,17.925,17.925,400.0
2017-04-24 13:15:00,17.9,17.95,17.9,17.95,2149.0
2017-04-24 13:20:00,17.95,17.95,17.9,17.9,1100.0
2017-04-24 13:25:00,17.975,17.975,17.925,17.925,4872.0
2017-04-24 13:30:00,17.925,17.95,17.9,17.95,1814.0
2017-04-24 13:35:00,17.9,17.9,17.9,17.9,500.0
2017-04-24 13:40:00,17.9,17.9,17.9,17.9,100.0
2017-04-24 13:45:00,17.875,17.95,17.8,17.925,7003.0
2017-04-24 13:50:00,17.8,17.85,17.8,17.85,929.0
2017-04-24 13:55:00,17.85,17.85,17.8,17.85,1800.0
2017-04-24 14:00:00,17.825,17.875,17.825,17.875,1615.0
2017-04-24 14:05:00,16.35,16.35,16.35,16.35,0.0
2017-04-24 14:05:00,17.75,17.85,17.75,17.85,13932.0
2017-04-24 14:10:00,17.75,17.7569,17.725,17.7569,4399.0
2017-04-24 14:10:00,16.35,16.35,16.35,16.35,0.0
2017-04-24 14:15:00,16.35,16.35,16.35,16.35,0.0
2017-04-24 14:15:00,17.75,17.75,17.75,17.75,2000.0
2017-04-24 14:20:00,16.35,16.35,16.35,16.35,0.0
2017-04-24 14:20:00,17.8,17.8,17.8,17.8,1300.0
2017-04-24 14:25:00,17.8,17.8035,17.8,17.8,2500.0
2017-04-24 14:25:00,16.35,16.35,16.35,16.35,0.0
2017-04-24 14:30:00,17.75,17.8172,17.75,17.8,1186.0
2017-04-24 14:30:00,16.35,16.35,16.35,16.35,0.0
2017-04-24 14:35:00,16.35,16.35,16.35,16.35,0.0
2017-04-24 14:35:00,17.85,17.85,17.775,17.775,3221.0
2017-04-24 14:40:00,17.8,17.85,17.8,17.85,700.0
2017-04-24 14:40:00,16.35,16.35,16.35,16.35,0.0
2017-04-24 14:45:00,17.85,17.9,17.8,17.9,400.0
2017-04-24 14:45:00,16.35,16.35,16.35,16.35,0.0
2017-04-24 14:50:00,17.8,17.85,17.8,17.85,2345.0
2017-04-24 14:50:00,16.35,16.35,16.35,16.35,0.0
2017-04-24 14:55:00,16.35,16.35,16.35,16.35,0.0
2017-04-24 14:55:00,17.8,17.825,17.8,17.8,829.0
2017-04-24 15:00:00,17.825,17.825,17.775,17.775,2186.0
2017-04-24 15:00:00,16.35,16.35,16.35,16.35,0.0
2017-04-24 15:05:00,16.35,16.35,16.35,16.35,0.0
2017-04-24 15:05:00,17.825,17.825,17.775,17.825,3774.0
2017-04-24 15:10:00,17.85,17.85,17.85,17.85,2132.0
2017-04-24 15:10:00,16.35,16.35,16.35,16.35,0.0
2017-04-24 15:15:00,17.875,17.875,17.875,17.875,500.0
2017-04-24 15:15:00,16.35,16.35,16.35,16.35,0.0
2017-04-24 15:20:00,17.85,17.9,17.85,17.875,4100.0
2017-04-24 15:20:00,16.35,16.35,16.35,16.35,0.0
2017-04-24 15:25:00,17.85,17.85,17.825,17.825,1100.0
2017-04-24 15:25:00,16.35,16.35,16.35,16.35,0.0
2017-04-24 15:30:00,16.35,16.35,16.35,16.35,0.0
2017-04-24 15:30:00,17.8,17.85,17.8,17.8,1900.0
2017-04-24 15:35:00,16.35,16.35,16.35,16.35,0.0
2017-04-24 15:35:00,17.8,17.8335,17.8,17.83,83468.0
2017-04-24 15:40:00,16.35,16.35,16.35,16.35,0.0
2017-04-24 15:40:00,17.9,17.9,17.8,17.8,5508.0
2017-04-24 15:45:00,17.875,17.875,17.825,17.875,9705.0
2017-04-24 15:45:00,16.35,16.35,16.35,16.35,0.0
2017-04-24 15:50:00,16.35,16.35,16.35,16.35,0.0
2017-04-24 15:50:00,17.85,17.9,17.85,17.9,8410.0
2017-04-24 15:55:00,16.35,16.35,16.35,16.35,0.0
2017-04-24 15:55:00,17.8,17.9,17.8,17.85,18038.0
2017-04-24 16:00:00,16.35,16.35,16.35,16.35,0.0
2017-04-24 16:00:00,17.85,17.85,17.8,17.8,16071.0
2017-04-24 16:05:00,17.8,17.8,17.8,17.8,26533.0
2017-04-24 16:05:00,16.35,16.35,16.35,16.35,0.0
2017-04-24 16:10:00,16.35,17.825,16.35,17.825,147.0
2017-04-24 16:15:00,16.35,16.35,16.35,16.35,0.0
2017-04-24 16:20:00,16.35,16.35,16.35,16.35,2568.0
2017-04-24 16:25:00,16.35,16.35,16.35,16.35,0.0
2017-04-24 16:30:00,16.35,16.35,16.35,16.35,0.0
2017-04-24 16:35:00,16.35,16.35,16.35,16.35,0.0
2017-04-24 16:40:00,16.35,16.35,16.35,16.35,0.0
2017-04-24 16:45:00,16.35,16.35,16.35,16.35,0.0
2017-04-24 16:50:00,16.35,16.35,16.35,16.35,0.0
2017-04-24 16:55:00,16.35,16.35,16.35,16.35,0.0
2017-04-24 17:00:00,16.35,16.35,16.35,16.35,131.0
2017-04-24 17:05:00,16.35,16.35,16.35,16.35,0.0
2017-04-24 17:10:00,16.35,16.35,16.35,16.35,0.0
2017-04-24 17:15:00,16.35,16.35,16.35,16.35,0.0
2017-04-24 17:20:00,16.35,16.35,16.35,16.35,0.0
2017-04-24 17:25:00,16.35,16.35,16.35,16.35,0.0
2017-04-24 17:30:00,16.35,16.35,16.35,16.35,0.0
2017-04-24 17:35:00,16.35,16.35,16.35,16.35,0.0
2017-04-24 17:40:00,16.35,16.35,16.35,16.35,0.0
2017-04-24 17:45:00,16.35,16.35,16.35,16.35,0.0
2017-04-24 17:50:00,16.35,16.35,16.35,16.35,0.0
2017-04-24 17:55:00,16.35,16.35,16.35,16.35,0.0
2017-04-24 18:00:00,16.35,16.35,16.35,16.35,0.0
2017-04-24 20:10:00,16.35,16.35,16.35,16.35,0.0
2017-04-24 20:15:00,16.35,16.35,16.35,16.35,0.0
2017-04-24 20:20:00,16.35,16.35,16.35,16.35,0.0
2017-04-24 20:25:00,16.35,16.35,16.35,16.35,0.0
2017-04-24 20:30:00,16.35,16.35,16.35,16.35,0.0
2017-04-24 20:35:00,16.35,16.35,16.35,16.35,0.0
2017-04-24 20:40:00,16.35,16.35,16.35,16.35,0.0
2017-04-24 20:45:00,16.35,16.35,16.35,16.35,0.0
2017-04-24 20:50:00,16.35,16.35,16.35,16.35,0.0
2017-04-24 20:55:00,16.35,16.35,16.35,16.35,0.0
