,Close,High,Low,Open,Volume,ClosePC,0.001<ClosePC<0.05,HighPC>0.001,SAR,SART,EMA9,EMA9PC,EMA20,EMA9XEMA20,ClosePC>0.003,EMA9PC>0.001,EMA9>EMA20,VP,TotalVP,TotalVolume,VWAP,EMA9>VWAP,impulse,state,F,_QTY,QTY,value,timestamp
2017-04-07 09:35:00,16.8,16.8,16.75,16.75,23237.0,-0.00296735905045,0,0,16.87,-1,16.8082678547,-0.000122957912848,16.7815,0.0,0,0,1,389994.316667,389994.316667,23237.0,16.7833333333,1,0,0,1,0.0,0,0.0,20170413 15:18:21
2017-04-07 09:40:00,16.83,16.83,16.8,16.8,9602.0,0.00178571428571,1,1,16.8652,-1,16.8126142838,0.000258588754696,16.7861190476,0.0,0,0,1,161505.64,551499.956667,32839.0,16.7940545287,1,0,0,1,0.0,0,0.0,20170413 15:18:21
2017-04-07 09:45:00,16.8,16.82,16.79,16.82,7345.0,-0.0017825311943,0,0,16.860592,-1,16.810091427,-0.000150057374474,16.7874410431,0.0,0,0,1,123420.483333,674920.44,40184.0,16.7957505475,1,0,0,1,0.0,0,0.0,20170413 15:18:21
2017-04-07 09:50:00,16.81,16.84,16.79,16.81,43871.0,0.000595238095238,0,0,16.85616832,-1,16.8100731416,-1.08776362451e-06,16.7895895152,0.0,0,0,1,737617.746667,1412538.18667,84055.0,16.8049275673,1,0,0,1,0.0,0,0.0,20170413 15:18:21
2017-04-07 09:55:00,16.79,16.825,16.79,16.81,18201.0,-0.00118976799524,0,0,16.8519215872,-1,16.8060585133,-0.000238822775544,16.789628609,0.0,0,0,1,305807.135,1718345.32167,102256.0,16.8043471451,1,0,0,1,0.0,0,0.0,20170413 15:18:21
2017-04-07 10:00:00,16.8,16.815,16.79,16.79,32053.0,0.000595592614652,0,0,16.8478447237,-1,16.8048468106,-7.20991575073e-05,16.7906163605,0.0,0,0,1,538543.821667,2256889.14333,134309.0,16.8037074458,1,0,0,1,0.0,0,0.0,20170413 15:18:21
2017-04-07 10:05:00,16.77,16.8,16.76,16.8,9978.0,-0.00178571428571,0,0,16.8439309348,-1,16.7978774485,-0.000414723335856,16.7886528976,0.0,0,0,1,167397.58,2424286.72333,144287.0,16.8018374721,-1,0,0,1,0.0,0,0.0,20170413 15:18:21
2017-04-07 10:10:00,16.775,16.78,16.76,16.77,14486.0,0.000298151460942,0,0,16.8401736974,-1,16.7933019588,-0.000272384991277,16.7873526216,0.0,0,0,1,242954.363333,2667241.08667,158773.0,16.799084773,-1,0,0,1,0.0,0,0.0,20170413 15:18:21
2017-04-07 10:15:00,16.8,16.82,16.78,16.78,4918.0,0.00149031296572,1,1,16.8365667495,-1,16.794641567,7.97703894955e-05,16.7885571339,0.0,0,0,1,82622.4,2749863.48667,163691.0,16.7991122705,-1,0,0,1,0.0,0,0.0,20170413 15:18:21
2017-04-07 10:20:00,16.8,16.815,16.8,16.81,5182.0,0.0,0,0,16.8331040795,-1,16.7957132536,6.38112213505e-05,16.7896469306,0.0,0,0,1,87083.51,2836946.99667,168873.0,16.7992929401,-1,0,0,1,0.0,0,0.0,20170413 15:18:21
2017-04-07 10:25:00,16.81,16.81,16.8,16.81,8211.0,0.000595238095238,0,0,16.8297799163,-1,16.7985706029,0.000170123723195,16.7915853182,0.0,0,0,1,137999.54,2974946.53667,177084.0,16.7996348437,-1,0,0,1,0.0,0,0.0,20170413 15:18:21
2017-04-07 10:30:00,16.81,16.82,16.81,16.815,4800.0,0.0,0,0,16.8265887197,-1,16.8008564823,0.00013607582883,16.7933390974,0.0,0,0,1,80704.0,3055650.53667,181884.0,16.799996353,1,0,0,1,0.0,0,0.0,20170413 15:18:21
2017-04-07 10:35:00,16.82,16.82,16.8,16.81,3700.0,0.000594883997621,0,0,16.8235251709,-1,16.8046851859,0.000227887401954,16.795878231,0.0,0,0,1,62209.3333333,3117859.87,185584.0,16.8002622532,1,0,0,1,0.0,0,0.0,20170413 15:18:21
2017-04-07 10:40:00,16.83,16.84,16.81,16.82,6200.0,0.000594530321046,0,0,16.75,1,16.8097481487,0.000301282813185,16.7991279233,0.0,0,0,1,104325.333333,3222185.20333,191784.0,16.801115856,1,0,0,1,0.0,0,0.0,20170413 15:18:21
2017-04-07 10:45:00,16.82,16.83,16.82,16.82,6201.0,-0.000594177064765,0,0,16.7536,1,16.811798519,0.000121975073264,16.8011157401,0.0,0,0,1,104321.49,3326506.69333,197985.0,16.8018117197,1,0,0,1,0.0,0,0.0,20170413 15:18:21
2017-04-07 10:50:00,16.82,16.83,16.81,16.82,21790.0,0.0,0,0,16.757056,1,16.8134388152,9.75681577282e-05,16.802914241,0.0,0,0,1,366507.8,3693014.49333,219775.0,16.8036150305,1,0,0,1,0.0,0,0.0,20170413 15:18:21
2017-04-07 10:55:00,16.815,16.82,16.81,16.81,9200.0,-0.000297265160523,0,0,16.76037376,1,16.8137510521,1.85706785567e-05,16.8040652657,0.0,0,0,1,154698.0,3847712.49333,228975.0,16.8040724679,1,0,0,1,0.0,0,0.0,20170413 15:18:21
2017-04-07 11:00:00,16.8,16.82,16.795,16.815,12840.0,-0.000892060660125,0,0,16.7635588096,1,16.8110008417,-0.000163569117762,16.8036780975,0.0,0,0,1,215776.2,4063488.69333,241815.0,16.8041217184,1,0,0,1,0.0,0,0.0,20170413 15:18:21
2017-04-07 11:05:00,16.81,16.81,16.8,16.805,13375.0,0.000595238095238,0,0,16.7666164572,1,16.8108006734,-1.1906985347e-05,16.8042801835,0.0,0,0,1,224789.166667,4288277.86,255190.0,16.804255104,1,0,0,1,0.0,0,0.0,20170413 15:18:21
2017-04-07 11:10:00,16.83,16.85,16.8,16.8,68314.0,0.00118976799524,1,1,16.7695517989,1,16.8146405387,0.000228416563973,16.8067296898,0.0,0,0,1,1149496.90667,5437774.76667,323504.0,16.8089877302,1,0,0,1,0.0,0,0.0,20170413 15:18:21
2017-04-07 11:15:00,16.825,16.83,16.81,16.83,30148.0,-0.000297088532383,0,0,16.775987655,1,16.816712431,0.000123219539377,16.8084697194,0.0,0,0,1,507139.606667,5944914.37333,353652.0,16.8100685797,1,0,0,1,0.0,0,0.0,20170413 15:18:21
2017-04-07 11:20:00,16.81,16.83,16.81,16.825,17382.0,-0.000891530460624,0,0,16.7819086426,1,16.8153699448,-7.98304779217e-05,16.8086154604,0.0,0,0,1,292307.3,6237221.67333,371034.0,16.8103776833,1,0,0,1,0.0,0,0.0,20170413 15:18:21
2017-04-07 11:25:00,16.815,16.82,16.81,16.8166,5596.0,0.00029744199881,0,0,16.7873559512,1,16.8152959558,-4.40007877267e-06,16.8092235118,0.0,0,0,1,94096.74,6331318.41333,376630.0,16.810446362,1,0,0,1,0.0,0,0.0,20170413 15:18:21
2017-04-07 11:30:00,16.82,16.83,16.815,16.825,11724.0,0.000297353553375,0,0,16.7923674751,1,16.8162367646,5.59495854606e-05,16.810249844,0.0,0,0,1,197217.22,6528535.63333,388354.0,16.8107850913,1,0,0,1,0.0,0,0.0,20170413 15:18:21
2017-04-07 11:35:00,16.845,16.875,16.81,16.815,46057.0,0.00148632580262,1,1,16.7969780771,1,16.8219894117,0.000342088848475,16.8135593827,0.0,0,0,1,775753.403333,7304289.03667,434411.0,16.8142359118,1,0,0,1,0.0,0,0.0,20170413 15:18:21
2017-04-07 11:40:00,16.84,16.845,16.84,16.84,7600.0,-0.000296823983378,0,0,16.8063407078,1,16.8255915294,0.000214131489935,16.8160775367,0.0,0,0,1,127996.666667,7432285.70333,442011.0,16.8147075601,1,0,0,1,0.0,0,0.0,20170413 15:18:21
2017-04-07 11:45:00,16.86,16.86,16.84,16.845,13734.0,0.00118764845606,1,1,16.81,1,16.8324732235,0.000409001615967,16.8202606284,0.0,0,0,1,231463.68,7663749.38333,455745.0,16.8158715583,1,0,0,1,0.0,0,0.0,20170413 15:18:21
2017-04-07 11:50:00,16.86,16.86,16.85,16.855,1300.0,0.0,0,0,16.8178,1,16.8379785788,0.000327067521629,16.8240453305,0.0,0,0,1,21913.6666667,7685663.05,457045.0,16.8159875942,1,0,0,1,0.0,0,0.0,20170413 15:18:21
2017-04-07 11:55:00,16.855,16.86,16.85,16.86,1300.0,-0.000296559905101,0,0,16.824664,1,16.841382863,0.000202178915013,16.8269933942,0.0,0,0,1,21911.5,7707574.55,458345.0,16.8160982448,1,0,0,1,0.0,0,0.0,20170413 15:18:21
2017-04-07 12:00:00,16.865,16.89,16.86,16.86,23682.0,0.000593295757935,0,0,16.83070432,1,16.8461062904,0.000280465531273,16.830613071,0.0,0,0,1,399554.81,8107129.36,482027.0,16.8188283229,1,0,0,1,0.0,0,0.0,20170413 15:18:21
2017-04-07 12:05:00,16.89,16.89,16.8622,16.865,10110.0,0.00148235991699,1,1,16.8401916288,1,16.8548850323,0.000521114004762,16.836268969,0.0,0,0,1,170664.214,8277793.574,492137.0,16.8201000412,1,0,0,1,0.0,0,0.0,20170413 15:18:21
2017-04-07 12:10:00,16.8739,16.88,16.87,16.88,2436.0,-0.000953226761397,0,0,16.8481609682,1,16.8586880259,0.000225631531964,16.8398528767,0.0,0,0,1,41106.6068,8318900.1808,494573.0,16.8203686428,1,0,0,1,0.0,0,0.0,20170413 15:18:21
2017-04-07 12:15:00,16.865,16.88,16.86,16.88,5508.0,-0.000527441788798,0,0,16.8548552133,1,16.8599504207,7.48809648057e-05,16.8422478408,0.0,0,0,1,92910.78,8411810.9608,500081.0,16.8208969363,1,0,0,1,0.0,0,0.0,20170413 15:18:21
2017-04-07 12:20:00,16.87,16.88,16.87,16.87,4000.0,0.000296471983398,0,0,16.86,1,16.8619603366,0.000119212441889,16.8448909036,0.0,0,0,1,67493.3333333,8479304.29413,504081.0,16.8213130313,1,0,0,1,0.0,0,0.0,20170413 15:18:21
2017-04-07 12:25:00,16.87,16.875,16.86,16.87,7167.0,0.0,0,0,16.89,-1,16.8635682692,9.53585855816e-05,16.8472822461,0.0,0,0,1,120895.345,8600199.63913,511248.0,16.8219721918,1,0,0,1,0.0,0,0.0,20170413 15:18:21
2017-04-07 12:30:00,16.87,16.89,16.87,16.875,5421.0,0.0,0,0,16.86,1,16.8648546154,7.62795945513e-05,16.8494458417,0.0,0,0,1,91488.41,8691688.04913,516669.0,16.8225460578,1,0,0,1,0.0,0,0.0,20170413 15:18:21
2017-04-07 12:35:00,16.87,16.8774,16.87,16.8766,1200.0,0.0,0,0,16.86,1,16.8658836923,6.10190211348e-05,16.8514033806,0.0,0,0,1,20246.96,8711935.00913,517869.0,16.8226617332,1,0,0,1,0.0,0,0.0,20170413 15:18:21
2017-04-07 12:40:00,16.87,16.875,16.87,16.875,1300.0,0.0,0,0,16.8612,1,16.8667069539,4.88122384328e-05,16.8531744872,0.0,0,0,1,21933.1666667,8733868.1758,519169.0,16.8227844417,1,0,0,1,0.0,0,0.0,20170413 15:18:21
2017-04-07 12:45:00,16.875,16.8765,16.87,16.875,2500.0,0.000296384113811,0,0,16.862352,1,16.8683655631,9.83362806666e-05,16.8552531075,0.0,0,0,1,42184.5833333,8776052.75913,521669.0,16.8230290838,1,0,0,1,0.0,0,0.0,20170413 15:18:21
2017-04-07 12:50:00,16.89,16.89,16.87,16.875,5400.0,0.000888888888889,0,0,16.86345792,1,16.8726924505,0.000256508988198,16.8585623353,0.0,0,0,1,91170.0,8867222.75913,527069.0,16.8236469212,1,0,0,1,0.0,0,0.0,20170413 15:18:21
2017-04-07 12:55:00,16.885,16.89,16.88,16.885,2000.0,-0.000296033155713,0,0,16.8645196032,1,16.8751539604,0.000145887202872,16.8610802082,0.0,0,0,1,33770.0,8900992.75913,529069.0,16.8238788497,1,0,0,1,0.0,0,0.0,20170413 15:18:21
2017-04-07 13:00:00,16.9,16.9,16.88,16.89,13175.0,0.00088836245188,0,0,16.8655388191,1,16.8801231683,0.000294468894144,16.864786855,0.0,0,0,1,222569.666667,9123562.4258,542244.0,16.8255663978,1,0,0,1,0.0,0,0.0,20170413 15:18:21
2017-04-07 13:05:00,16.87,16.895,16.87,16.89,12149.0,-0.00177514792899,0,0,16.8682957135,1,16.8780985346,-0.00011994187718,16.865283345,0.0,0,0,1,205054.871667,9328617.29747,554393.0,16.8267227354,1,0,0,1,0.0,0,0.0,20170413 15:18:21
2017-04-07 13:10:00,16.875,16.88,16.87,16.87,4000.0,0.000296384113811,0,0,16.9,-1,16.8774788277,-3.67166317099e-05,16.8662087407,0.0,0,0,1,67500.0,9396117.29747,558393.0,16.8270685654,1,0,0,1,0.0,0,0.0,20170413 15:18:21
2017-04-07 13:15:00,16.875,16.875,16.87,16.875,1900.0,0.0,0,0,16.8988,-1,16.8769830622,-2.93743838965e-05,16.8670460035,0.0,0,0,1,32059.3333333,9428176.6308,560293.0,16.8272254531,1,0,0,1,0.0,0,0.0,20170413 15:18:21
2017-04-07 13:20:00,16.87,16.88,16.87,16.87,2925.0,-0.000296296296296,0,0,16.897648,-1,16.8755864497,-8.27524936589e-05,16.8673273365,0.0,0,0,1,49354.5,9477531.1308,563218.0,16.8274649084,1,0,0,1,0.0,0,0.0,20170413 15:18:21
2017-04-07 13:25:00,16.875,16.875,16.87,16.875,4282.0,0.000296384113811,0,0,16.89654208,-1,16.8754691598,-6.95027384179e-06,16.8680580664,0.0,0,0,1,72251.6133333,9549782.74413,567500.0,16.8278110029,1,0,0,1,0.0,0,0.0,20170413 15:18:21
2017-04-07 13:30:00,16.9,16.9,16.87,16.875,8600.0,0.00148148148148,1,1,16.87,1,16.8803753278,0.000290727801159,16.8711001553,0.0,0,0,1,145254.0,9695036.74413,576100.0,16.828739358,1,0,0,1,0.0,0,0.0,20170413 15:18:21
2017-04-07 13:35:00,16.885,16.895,16.88,16.89,10576.0,-0.000887573964497,0,0,16.87,1,16.8813002623,5.47934756139e-05,16.87242395,0.0,0,0,1,178593.386667,9873630.1308,586676.0,16.8297836128,1,0,0,1,0.0,0,0.0,20170413 15:18:21
2017-04-07 13:40:00,16.87,16.88,16.87,16.88,2999.0,-0.00088836245188,0,0,16.9,-1,16.8790402098,-0.000133879050653,16.8721930976,0.0,0,0,1,50603.1266667,9924233.25747,589675.0,16.8300051002,1,0,0,1,0.0,0,0.0,20170413 15:18:21
2017-04-07 13:45:00,16.89,16.89,16.87,16.87,7390.0,0.00118553645525,1,1,16.8988,-1,16.8812321678,0.000129862717929,16.8738889931,0.0,0,0,1,124767.833333,10049001.0908,597065.0,16.8306651551,1,0,0,1,0.0,0,0.0,20170413 15:18:21
2017-04-07 13:50:00,16.885,16.89,16.88,16.88,905.0,-0.000296033155713,0,0,16.897648,-1,16.8819857343,4.46393025493e-05,16.8749471842,0.0,0,0,1,15280.925,10064282.0158,597970.0,16.8307473883,1,0,0,1,0.0,0,0.0,20170413 15:18:21
2017-04-07 13:55:00,16.885,16.89,16.88,16.885,1500.0,0.0,0,0,16.89654208,-1,16.8825885874,3.57098479766e-05,16.8759045953,0.0,0,0,1,25327.5,10089609.5158,599470.0,16.8308831398,1,0,0,1,0.0,0,0.0,20170413 15:18:21
2017-04-07 14:00:00,16.9,16.9,16.88,16.89,13253.0,0.00088836245188,0,0,16.87,1,16.8860708699,0.000206264726363,16.8781993957,0.0,0,0,1,223887.346667,10313496.8625,612723.0,16.8322339172,1,0,0,1,0.0,0,0.0,20170413 15:18:21
2017-04-07 14:05:00,16.895,16.9,16.89,16.895,3230.0,-0.000295857988166,0,0,16.8712,1,16.887856696,0.000105757344381,16.8797994533,0.0,0,0,1,54570.85,10368067.7125,615953.0,16.8325630567,1,0,0,1,0.0,0,0.0,20170413 15:18:21
2017-04-07 14:10:00,16.9,16.915,16.89,16.895,21277.0,0.000295945546019,0,0,16.872352,1,16.8902853568,0.000143811074046,16.8817233149,0.0,0,0,1,359616.761667,10727684.4741,637230.0,16.8348704143,1,0,0,1,0.0,0,0.0,20170413 15:18:21
2017-04-07 14:15:00,16.895,16.9,16.895,16.9,1451.0,-0.000295857988166,0,0,16.87576384,1,16.8912282854,5.58266854533e-05,16.8829877611,0.0,0,0,1,24517.0633333,10752201.5375,638681.0,16.8350108074,1,0,0,1,0.0,0,0.0,20170413 15:18:21
2017-04-07 14:20:00,16.895,16.895,16.89,16.89,2400.0,0.0,0,0,16.8789027328,1,16.8919826283,4.46588552068e-05,16.8841317838,0.0,0,0,1,40544.0,10792745.5375,641081.0,16.8352291481,1,0,0,1,0.0,0,0.0,20170413 15:18:21
2017-04-07 14:25:00,16.89,16.895,16.89,16.8901,3541.0,-0.00029594554602,0,0,16.8817905142,1,16.8915861027,-2.3474193297e-05,16.8846906615,0.0,0,0,1,59813.3916667,10852558.9291,644622.0,16.8355391673,1,0,0,1,0.0,0,0.0,20170413 15:18:21
2017-04-07 14:30:00,16.905,16.91,16.885,16.89,67872.0,0.00088809946714,0,0,16.884447273,1,16.8942688821,0.000158823419623,16.8866248843,0.0,0,0,1,1147036.8,11999595.7291,712494.0,16.8416796901,1,0,0,1,0.0,0,0.0,20170413 15:18:21
2017-04-07 14:35:00,16.92,16.92,16.9,16.905,13476.0,0.000887311446318,0,0,16.885,1,16.8994151057,0.000304613571031,16.8898034667,0.0,0,0,1,227924.08,12227519.8091,725970.0,16.8430097788,1,0,0,1,0.0,0,0.0,20170413 15:18:21
2017-04-07 14:40:00,16.9,16.93,16.89,16.9201,38561.0,-0.00118203309693,0,0,16.885,1,16.8995320846,6.92206556208e-06,16.8907745651,0.0,0,0,1,651937.973333,12879457.7825,764531.0,16.8462204704,1,0,0,1,0.0,0,0.0,20170413 15:18:21
2017-04-07 14:45:00,16.9,16.905,16.895,16.905,10354.0,0.0,0,0,16.89,1,16.8996256677,5.5376141177e-06,16.891653178,0.0,0,0,1,174982.6,13054440.3825,774885.0,16.8469390716,1,0,0,1,0.0,0,0.0,20170413 15:18:21
2017-04-07 14:50:00,16.905,16.91,16.9,16.91,1600.0,0.000295857988166,0,0,16.89,1,16.9007005341,6.36029750662e-05,16.8929243039,0.0,0,0,1,27048.0,13081488.3825,776485.0,16.84705871,1,0,0,1,0.0,0,0.0,20170413 15:18:21
2017-04-07 14:55:00,16.905,16.9082,16.9,16.905,6673.0,0.0,0,0,16.895,1,16.9015604273,5.08791439879e-05,16.8940743702,0.0,0,0,1,112803.0612,13194291.4437,783158.0,16.847547294,1,0,0,1,0.0,0,0.0,20170413 15:18:21
2017-04-07 15:00:00,16.905,16.91,16.9,16.905,20618.0,0.0,0,0,16.93,-1,16.9022483418,4.07012443457e-05,16.8951149063,0.0,0,0,1,348547.29,13542838.7337,803776.0,16.8490210378,1,0,0,1,0.0,0,0.0,20170413 15:18:21
2017-04-07 15:05:00,16.94,16.94,16.9,16.905,29604.0,0.00207039337474,1,1,16.9,1,16.9097986735,0.000446705756531,16.8993896772,0.0,0,0,1,501097.04,14043935.7737,833380.0,16.8517792288,1,0,0,1,0.0,0,0.0,20170413 15:18:21
2017-04-07 15:10:00,16.94,16.95,16.93,16.935,38695.0,0.0,0,0,16.9,1,16.9158389388,0.000357205039678,16.903257327,0.0,0,0,1,655493.3,14699429.0737,872075.0,16.8556936888,1,0,0,1,0.0,0,0.0,20170413 15:18:21
2017-04-07 15:15:00,16.94,16.96,16.94,16.945,52021.0,0.0,0,0,16.9,1,16.920671151,0.000285661991839,16.9067566292,0.0,0,0,1,881582.546667,15581011.6203,924096.0,16.8608149157,1,0,0,1,0.0,0,0.0,20170413 15:18:21
2017-04-07 15:20:00,16.93,16.945,16.92,16.94,40082.0,-0.000590318772137,0,0,16.9072,1,16.9225369208,0.000110265708686,16.9089702835,0.0,0,0,1,678655.063333,16259666.6837,964178.0,16.8637603053,1,0,0,1,0.0,0,0.0,20170413 15:18:21
2017-04-07 15:25:00,16.92,16.9299,16.92,16.92,5386.0,-0.000590667454223,0,0,16.913536,1,16.9220295367,-2.99827481927e-05,16.9100207327,0.0,0,0,1,91148.8938,16350815.5775,969564.0,16.8640910527,1,0,0,1,0.0,0,0.0,20170413 15:18:21
2017-04-07 15:30:00,16.9,16.9271,16.9,16.92,21490.0,-0.00118203309693,0,0,16.96,-1,16.9176236293,-0.000260365183802,16.9090663772,0.0,0,0,1,363375.126333,16714190.7038,991054.0,16.8650655805,1,0,0,1,0.0,0,0.0,20170413 15:18:21
2017-04-07 15:35:00,16.9,16.91,16.9,16.905,11430.0,0.0,0,0,16.9576,-1,16.9140989035,-0.000208346393189,16.9082029127,0.0,0,0,1,193205.1,16907395.8038,1002484.0,16.8655018971,1,0,0,1,0.0,0,0.0,20170413 15:18:21
2017-04-07 15:40:00,16.905,16.91,16.9,16.9,10700.0,0.000295857988166,0,0,16.955296,-1,16.9122791228,-0.000107589573762,16.9078978734,0.0,0,0,1,180883.5,17088279.3038,1013184.0,16.8659190273,1,0,0,1,0.0,0,0.0,20170413 15:18:21
2017-04-07 15:45:00,16.895,16.9075,16.89,16.905,23668.0,-0.000591540964212,0,0,16.95308416,-1,16.9088232982,-0.000204338192871,16.9066695045,0.0,0,0,1,399930.03,17488209.3338,1036852.0,16.8666399195,1,0,0,1,0.0,0,0.0,20170413 15:18:21
2017-04-07 15:50:00,16.88,16.9,16.88,16.89,27194.0,-0.000887836638059,0,0,16.9480374272,-1,16.9030586386,-0.000340926127203,16.9041295517,-1.0,0,0,0,459216.013333,17947425.3471,1064046.0,16.8671517464,1,0,0,1,0.0,0,0.0,20170413 15:18:21
2017-04-07 15:55:00,16.86,16.88,16.86,16.88,81510.0,-0.00118483412322,0,0,16.9398729359,-1,16.8944469109,-0.000509477479682,16.8999267373,0.0,0,0,0,1374802.0,19322227.3471,1145556.0,16.8671172314,1,0,0,1,0.0,0,0.0,20170413 15:18:21
2017-04-07 16:00:00,16.89,16.9,16.86,16.86,178680.0,0.00177935943061,1,1,16.9270932662,-1,16.8935575287,-5.26434618412e-05,16.8989813337,0.0,0,0,0,3016714.0,22338941.3471,1324236.0,16.8693052803,1,0,0,1,0.0,0,0.0,20170413 15:18:21
2017-04-07 16:05:00,16.89,16.89,16.89,16.89,198866.0,0.0,0,0,16.9163583436,-1,16.8928460229,-4.21169866569e-05,16.8981259686,0.0,0,0,0,3358846.74,25697788.0871,1523102.0,16.8720073161,1,0,0,1,0.0,0,0.0,20170413 15:18:21
2017-04-07 16:20:00,16.89,16.89,16.89,16.89,2855.0,0.0,0,0,16.9073410086,-1,16.8922768184,-3.36950084576e-05,16.8973520668,0.0,0,0,0,48220.95,25746009.0371,1525957.0,16.8720409796,1,0,0,1,0.0,0,0.0,20170413 15:18:21
2017-04-10 09:35:00,16.85,16.92,16.85,16.85,32324.0,-0.00236826524571,0,0,16.85,1,16.8838214547,-0.000500546123096,16.8928423462,0.0,0,0,0,545413.626667,26291422.6638,1558281.0,16.8720677874,1,0,0,1,0.0,0,0.0,20170413 15:18:21
2017-04-10 09:40:00,16.8439,16.89,16.8178,16.85,9568.0,-0.000362017804154,0,0,16.92,-1,16.8758371637,-0.000472895958938,16.8881811703,0.0,0,0,0,161226.221867,26452648.8857,1567849.0,16.871936574,1,0,0,1,0.0,0,0.0,20170413 15:18:21
2017-04-10 09:45:00,16.9,16.9,16.85,16.85,8000.0,0.00333058258479,1,1,16.92,-1,16.880669731,0.00028636014932,16.8893067732,0.0,1,0,0,135066.666667,26587715.5523,1575849.0,16.8719944312,1,0,0,1,0.0,0,0.0,20170413 15:18:21
2017-04-10 09:50:00,16.87,16.89,16.86,16.89,8893.0,-0.00177514792899,0,0,16.915912,-1,16.8785357848,-0.000126413598152,16.8874680329,0.0,0,0,0,150054.553333,26737770.1057,1584742.0,16.8720019446,1,0,0,1,0.0,0,0.0,20170413 15:18:21
2017-04-10 09:55:00,16.88,16.885,16.86,16.875,66508.0,0.000592768227623,0,0,16.91198752,-1,16.8788286278,1.73500263179e-05,16.8867567916,0.0,0,0,0,1122322.5,27860092.6057,1651250.0,16.8721226984,1,0,0,1,0.0,0,0.0,20170413 15:18:21
2017-04-10 10:00:00,16.89,16.895,16.85,16.87,157433.0,0.000592417061611,0,0,16.9082200192,-1,16.8810629023,0.000132371415181,16.8870656686,0.0,0,0,0,2657206.65167,30517299.2573,1808683.0,16.87266329,1,0,0,1,0.0,0,0.0,20170413 15:18:21
2017-04-10 10:05:00,16.92,16.92,16.89,16.89,11397.0,0.00177619893428,1,1,16.8178,1,16.8888503218,0.000461310972581,16.8902022716,0.0,0,0,0,192723.27,30710022.5273,1820080.0,16.8728970855,1,0,0,1,0.0,0,0.0,20170413 15:18:21
2017-04-10 10:10:00,16.98,16.98,16.925,16.93,74715.0,0.00354609929078,1,1,16.821888,1,16.9070802575,0.00107940654865,16.8987544362,1.0,1,1,1,1267290.925,31977313.4523,1894795.0,16.8763974215,1,1,1,1,16.98,0,0.0,20170413 15:18:21
2017-04-10 10:15:00,16.98,16.98,16.955,16.98,6030.0,0.0,0,0,16.83453696,1,16.921664206,0.000862594149145,16.906492109,0.0,0,0,1,102339.15,32079652.6023,1900825.0,16.8766996448,1,0,1,1,16.98,0,0.0,20170413 15:18:21
2017-04-10 10:20:00,16.975,16.98,16.96,16.98,6711.0,-0.000294464075383,0,0,16.8461740032,1,16.9323313648,0.000630384735067,16.91301667,0.0,0,0,1,113896.855,32193549.4573,1907536.0,16.8770337531,1,0,1,1,16.975,0,0.0,20170413 15:18:21
2017-04-10 10:25:00,16.98,16.985,16.97,16.97,7421.0,0.000294550810015,0,0,16.8568800829,1,16.9418650918,0.00056304869309,16.9193960348,0.0,0,0,1,125996.211667,32319545.669,1914957.0,16.8774263177,1,0,1,1,16.98,0,0.0,20170413 15:18:21
2017-04-10 10:30:00,16.95,16.98,16.95,16.98,7013.0,-0.0017667844523,0,0,16.872254473,1,16.9434920735,9.60332069639e-05,16.9223106981,0.0,0,0,1,118940.48,32438486.149,1921970.0,16.8777276175,1,0,1,1,16.95,0,0.0,20170413 15:18:21
2017-04-10 10:35:00,16.965,16.97,16.95,16.955,7023.0,0.000884955752212,0,0,16.8857839362,1,16.9477936588,0.000253878320403,16.9263763459,0.0,0,0,1,119121.785,32557607.934,1928993.0,16.8780332194,1,0,1,1,16.965,0,0.0,20170413 15:18:21
2017-04-10 10:40:00,16.97,16.975,16.96,16.965,11362.0,0.000294724432655,0,0,16.8976898639,1,16.952234927,0.000262055836702,16.9305309796,0.0,0,0,1,192794.203333,32750402.1373,1940355.0,16.8785619834,1,0,1,1,16.97,0,0.0,20170413 15:18:21
2017-04-10 10:45:00,16.965,16.9701,16.95,16.97,4850.0,-0.000294637595757,0,0,16.9081670802,1,16.9547879416,0.000150600472975,16.9338137435,0.0,0,0,1,82264.245,32832666.3823,1945205.0,16.8787692723,1,0,1,1,16.965,0,0.0,20170413 15:18:21
2017-04-10 10:50:00,16.955,16.97,16.95,16.97,4975.0,-0.000589448865311,0,0,16.9173870306,1,16.9548303533,2.50145731973e-06,16.9358314822,0.0,0,0,1,84367.7083333,32917034.0907,1950180.0,16.8789722439,1,0,1,1,16.955,0,0.0,20170413 15:18:21
2017-04-10 10:55:00,16.95,16.96,16.95,16.95,5259.0,-0.0002948982601,0,0,16.9255005869,1,16.9538642826,-5.69790813091e-05,16.9371808649,0.0,0,0,1,89157.58,33006191.6707,1955439.0,16.8791722323,1,0,1,1,16.95,0,0.0,20170413 15:18:21
2017-04-10 11:00:00,16.935,16.96,16.935,16.96,10827.0,-0.000884955752212,0,0,16.9326405165,1,16.9500914261,-0.000222536671459,16.9369731634,0.0,0,0,1,183445.47,33189637.1407,1966266.0,16.8795255274,1,0,1,1,16.935,0,0.0,20170413 15:18:21
2017-04-10 11:05:00,16.935,16.95,16.92,16.93,14248.0,0.0,0,0,16.985,-1,16.9470731409,-0.000178068964042,16.9367852431,0.0,0,0,1,241289.88,33430927.0207,1980514.0,16.8799246159,1,0,1,1,16.935,0,0.0,20170413 15:18:21
2017-04-10 11:10:00,16.91,16.935,16.91,16.935,8800.0,-0.00147623265427,0,0,16.9824,-1,16.9396585127,-0.00043751673902,16.9342342676,0.0,0,0,1,148881.333333,33579808.354,1989314.0,16.880094522,1,0,1,1,16.91,0,0.0,20170413 15:18:21
2017-04-10 11:15:00,16.925,16.93,16.91,16.915,12570.0,0.000887049083383,0,0,16.976608,-1,16.9367268102,-0.000173067393243,16.9333548135,0.0,0,0,1,212705.35,33792513.704,2001884.0,16.8803555571,1,0,1,1,16.925,0,0.0,20170413 15:18:21
2017-04-10 11:20:00,16.925,16.93,16.92,16.92,2500.0,0.0,0,0,16.97127936,-1,16.9343814481,-0.0001384778806,16.932559117,0.0,0,0,1,42312.5,33834826.204,2004384.0,16.8804112406,1,0,1,1,16.925,0,0.0,20170413 15:18:21
2017-04-10 11:25:00,16.935,16.94,16.92,16.92,2924.0,0.000590841949778,0,0,16.9663770112,-1,16.9345051585,7.30527855408e-06,16.932791582,0.0,0,0,1,49508.1933333,33884334.3973,2007308.0,16.8804859032,1,0,1,1,16.935,0,0.0,20170413 15:18:21
2017-04-10 11:30:00,16.935,16.94,16.92,16.93,6309.0,0.0,0,0,16.9618668503,-1,16.9346041268,5.84418014982e-06,16.9330019076,0.0,0,0,1,106821.885,33991156.2823,2013617.0,16.8806462611,1,0,1,1,16.935,0,0.0,20170413 15:18:21
2017-04-10 11:35:00,16.895,16.94,16.89,16.94,11333.0,-0.00236197224683,0,0,16.9577175023,-1,16.9266833014,-0.000467730175537,16.9293826783,-1.0,0,0,0,191622.141667,34182778.424,2024950.0,16.8808012168,1,0,1,1,16.895,0,0.0,20170413 15:18:21
2017-04-10 11:40:00,16.9,16.9,16.89,16.895,4100.0,0.000295945546019,0,0,16.949591402,-1,16.9213466412,-0.000315280920288,16.926584328,0.0,0,0,0,69276.3333333,34252054.7573,2029050.0,16.8808332753,1,0,1,1,16.9,0,0.0,20170413 15:18:21
2017-04-10 11:45:00,16.905,16.92,16.89,16.89,49834.0,0.000295857988166,0,0,16.9424404338,-1,16.9180773129,-0.000193207331562,16.9245286777,0.0,0,0,0,842443.77,35094498.5273,2078884.0,16.8814125884,1,0,1,1,16.905,0,0.0,20170413 15:18:21
2017-04-10 11:50:00,16.885,16.91,16.88,16.905,6601.0,-0.00118308192842,0,0,16.9361475817,-1,16.9114618503,-0.000391029220544,16.9207640417,0.0,0,0,0,111501.891667,35206000.419,2085485.0,16.8814450447,1,0,1,1,16.885,0,0.0,20170413 15:18:21
2017-04-10 11:55:00,16.9,16.9,16.88,16.885,4977.0,0.00088836245188,0,0,16.9271639686,-1,16.9091694803,-0.000135551266242,16.9187865139,0.0,0,0,0,84078.12,35290078.539,2090462.0,16.8814733485,1,0,1,1,16.9,0,0.0,20170413 15:18:21
2017-04-10 12:00:00,16.875,16.9,16.875,16.9,8938.0,-0.00147928994083,0,0,16.9196177337,-1,16.9023355842,-0.000404153265022,16.9146163697,0.0,0,0,0,150903.233333,35440981.7723,2099400.0,16.8814812672,1,0,1,1,16.875,0,0.0,20170413 15:18:21
2017-04-10 12:05:00,16.865,16.88,16.865,16.875,5200.0,-0.000592592592593,0,0,16.9106941869,-1,16.8948684674,-0.000441780179206,16.9098910012,0.0,0,0,0,87724.0,35528705.7723,2104600.0,16.8814528995,1,0,1,1,16.865,0,0.0,20170413 15:18:21
2017-04-10 12:10:00,16.855,16.88,16.85,16.87,4300.0,-0.000592943966795,0,0,16.9015553495,-1,16.8868947739,-0.00047195948818,16.9046632868,0.0,0,0,0,72505.1666667,35601210.939,2108900.0,16.8814125558,1,0,1,1,16.855,0,0.0,20170413 15:18:21
2017-04-10 12:15:00,16.81,16.855,16.81,16.85,8978.0,-0.00266983091071,0,0,16.8912442796,-1,16.8715158191,-0.00091070353583,16.8956477357,0.0,0,0,0,151054.85,35752265.789,2117878.0,16.8811734146,-1,0,1,1,16.81,0,0.0,20170413 15:18:21
2017-04-10 12:20:00,16.81,16.825,16.805,16.8106,7425.0,0.0,0,0,16.88,-1,16.8592126553,-0.000729226938215,16.8874908085,0.0,0,0,0,124839.0,35877104.789,2125303.0,16.8809364072,-1,0,1,1,16.81,0,0.0,20170413 15:18:21
2017-04-10 12:25:00,16.805,16.82,16.8,16.815,7215.0,-0.00029744199881,0,0,16.865,-1,16.8483701242,-0.000643122029524,16.879634541,0.0,0,0,0,121272.125,35998376.914,2132518.0,16.8806907674,-1,0,1,1,16.805,0,0.0,20170413 15:18:21
2017-04-10 12:30:00,16.81,16.825,16.8,16.8,5399.0,0.000297530496876,0,0,16.852,-1,16.8406960994,-0.000455475799182,16.8730026799,0.0,0,0,0,90766.1883333,36089143.1023,2137917.0,16.8805164571,-1,0,1,1,16.81,0,0.0,20170413 15:18:21
2017-04-10 12:35:00,16.82,16.82,16.795,16.81,9392.0,0.000594883997621,0,0,16.8416,-1,16.8365568795,-0.000245786745,16.8679548057,0.0,0,0,0,157895.173333,36247038.2757,2147309.0,16.8802153186,-1,0,1,1,16.82,0,0.0,20170413 15:18:21
2017-04-10 12:40:00,16.81,16.82,16.805,16.815,5489.0,-0.000594530321047,0,0,16.83228,-1,16.8312455036,-0.000315466870112,16.8624353004,0.0,0,0,0,92279.2383333,36339317.514,2152798.0,16.8800405398,-1,0,1,1,16.81,0,0.0,20170413 15:18:21
2017-04-10 12:45:00,16.8235,16.83,16.82,16.82,4600.0,0.000803093396788,0,0,16.795,1,16.8296964029,-9.20372007798e-05,16.8587271765,0.0,0,0,0,77392.7,36416710.214,2157398.0,16.8799221164,-1,0,1,1,16.8235,0,0.0,20170413 15:18:21
2017-04-10 12:50:00,16.84,16.84,16.82,16.8263,10564.0,0.000980770945404,0,0,16.7964,1,16.8317571223,0.000122445430579,16.8569436359,0.0,0,0,0,177827.333333,36594537.5473,2167962.0,16.8796950995,-1,0,1,1,16.84,0,0.0,20170413 15:18:21
2017-04-10 12:55:00,16.85,16.855,16.83,16.83,11492.0,0.000593824228029,0,0,16.799888,1,16.8354056978,0.00021676735896,16.8562823372,0.0,0,0,0,193582.74,36788120.2873,2179454.0,16.8795121564,-1,0,1,1,16.85,0,0.0,20170413 15:18:21
2017-04-10 13:00:00,16.845,16.86,16.84,16.85,3270.0,-0.000296735905045,0,0,16.80650144,1,16.8373245583,0.00011397767686,16.8552078289,0.0,0,0,0,55094.05,36843214.3373,2182724.0,16.8794654465,-1,0,1,1,16.845,0,0.0,20170413 15:18:21
2017-04-10 13:05:00,16.845,16.845,16.8416,16.8416,1126.0,0.0,0,0,16.8150612096,1,16.8388596466,9.11717499441e-05,16.8542356547,0.0,0,0,0,18966.1938667,36862180.5312,2183850.0,16.8794470917,-1,0,1,1,16.845,0,0.0,20170413 15:18:21
2017-04-10 13:10:00,16.845,16.86,16.84,16.845,7495.0,0.0,0,0,16.8222514161,1,16.8400877173,7.29307507312e-05,16.8533560686,0.0,0,0,0,126278.258333,36988458.7895,2191345.0,16.8793406741,-1,0,1,1,16.845,0,0.0,20170413 15:18:21
2017-04-10 13:15:00,16.85,16.85,16.85,16.85,700.0,0.000296823983378,0,0,16.8282911895,1,16.8420701738,0.000117722459269,16.853036443,0.0,0,0,0,11795.0,37000253.7895,2192045.0,16.8793313046,-1,0,1,1,16.85,0,0.0,20170413 15:18:21
2017-04-10 13:20:00,16.85,16.855,16.84,16.855,5131.0,0.0,0,0,16.8333645992,1,16.8436561391,9.41668818584e-05,16.852747258,0.0,0,0,0,86448.7983333,37086702.5879,2197176.0,16.8792589159,-1,0,1,1,16.85,0,0.0,20170413 15:18:21
2017-04-10 13:25:00,16.84,16.8501,16.84,16.8501,3522.0,-0.000593471810089,0,0,16.8376262633,1,16.8429249113,-4.34126538867e-05,16.8515332334,0.0,0,0,0,59322.3374,37146024.9253,2200698.0,16.8792014739,-1,0,1,1,16.84,0,0.0,20170413 15:18:21
2017-04-10 13:30:00,16.825,16.845,16.82,16.845,7816.0,-0.000890736342043,0,0,16.86,-1,16.839339929,-0.000212847962584,16.8490062588,0.0,0,0,0,131543.28,37277568.2053,2208514.0,16.8790273484,-1,0,1,1,16.825,0,0.0,20170413 15:18:21
2017-04-10 13:35:00,16.825,16.83,16.815,16.825,10668.0,0.0,0,0,16.8584,-1,16.8364719432,-0.000170314621188,16.8467199484,0.0,0,0,0,179471.32,37457039.5253,2219182.0,16.8787596174,-1,0,1,1,16.825,0,0.0,20170413 15:18:21
2017-04-10 13:40:00,16.85,16.85,16.83,16.83,4400.0,0.00148588410104,1,1,16.854928,-1,16.8391775546,0.000160699424932,16.8470323343,0.0,0,0,0,74110.6666667,37531150.1919,2223582.0,16.8786895163,-1,0,1,1,16.85,0,0.0,20170413 15:18:21
2017-04-10 13:45:00,16.8599,16.86,16.85,16.855,1400.0,0.000587537091988,0,0,16.815,1,16.8433220437,0.000246121823581,16.8482578263,0.0,0,0,0,23599.2866667,37554749.4786,2224982.0,16.8786756381,-1,0,1,1,16.8599,0,0.0,20170413 15:18:21
2017-04-10 13:50:00,16.84,16.86,16.84,16.85,4330.0,-0.00118031542299,0,0,16.8168,1,16.8426576349,-3.94464184927e-05,16.8474713666,0.0,0,0,0,72946.0666667,37627695.5453,2229312.0,16.878613467,-1,0,1,1,16.84,0,0.0,20170413 15:18:21
2017-04-10 13:55:00,16.845,16.85,16.84,16.84,5200.0,0.000296912114014,0,0,16.818528,1,16.8431261079,2.78146730783e-05,16.8472359984,0.0,0,0,0,87594.0,37715289.5453,2234512.0,16.8785352441,-1,0,1,1,16.845,0,0.0,20170413 15:18:21
2017-04-10 14:00:00,16.86,16.86,16.84,16.845,3300.0,0.000890471950134,0,0,16.82018688,1,16.8465008863,0.00020036532358,16.8484516176,0.0,0,0,0,55616.0,37770905.5453,2237812.0,16.8784980799,-1,0,1,1,16.86,0,0.0,20170413 15:18:21
2017-04-10 14:05:00,16.8359,16.855,16.83,16.85,7165.0,-0.00142941874259,0,0,16.8217794048,1,16.8443807091,-0.000125852679089,16.8472562254,0.0,0,0,0,120660.7495,37891566.2948,2244977.0,16.8783761681,-1,0,1,1,16.8359,0,0.0,20170413 15:18:21
2017-04-10 14:10:00,16.835,16.84,16.825,16.83,10503.0,-5.34571956354e-05,0,0,16.8233082286,1,16.8425045673,-0.000111380872249,16.8460889659,0.0,0,0,0,176800.5,38068366.7948,2255480.0,16.878166419,-1,0,1,1,16.835,0,0.0,20170413 15:18:21
2017-04-10 14:15:00,16.855,16.86,16.83,16.83,11486.0,0.001188001188,1,1,16.8247758995,1,16.8450036538,0.000148379745858,16.8469376358,0.0,0,0,0,193519.956667,38261886.7514,2266966.0,16.8780152642,-1,0,1,1,16.855,0,0.0,20170413 15:18:21
2017-04-10 14:20:00,16.87,16.87,16.85,16.855,13184.0,0.000889943636903,0,0,16.825,1,16.850002923,0.000296780537457,16.8491340514,1.0,0,0,1,222326.186667,38484212.9381,2280150.0,16.8779303722,-1,0,1,1,16.87,0,0.0,20170413 15:18:21
2017-04-10 14:25:00,16.87,16.88,16.86,16.87,9448.0,0.0,0,0,16.8286,1,16.8540023384,0.000237353987922,16.8511212846,0.0,0,0,1,159387.76,38643600.6981,2289598.0,16.8778976476,-1,0,1,1,16.87,0,0.0,20170413 15:18:21
2017-04-10 14:30:00,16.85,16.88,16.85,16.88,22206.0,-0.00118553645525,0,0,16.834768,1,16.8532018708,-4.7494219575e-05,16.8510144956,0.0,0,0,1,374393.16,39017993.8581,2311804.0,16.877725732,-1,0,1,1,16.85,0,0.0,20170413 15:18:21
2017-04-10 14:35:00,16.85,16.855,16.845,16.85,5849.0,0.0,0,0,16.84019584,1,16.8525614966,-3.79971803064e-05,16.850917877,0.0,0,0,1,98555.65,39116549.5081,2317653.0,16.8776557613,-1,0,1,1,16.85,0,0.0,20170413 15:18:21
2017-04-10 14:40:00,16.84,16.86,16.84,16.85,123335.0,-0.000593471810089,0,0,16.88,-1,16.8500491973,-0.000149075220445,16.8498780792,0.0,0,0,1,2077783.63333,41194333.1414,2440988.0,16.8760899855,-1,0,1,1,16.84,0,0.0,20170413 15:18:21
2017-04-10 14:45:00,16.85,16.86,16.84,16.84,12306.0,0.000593824228029,0,0,16.8784,-1,16.8500393578,-5.83942279864e-07,16.8498896907,0.0,0,0,1,207356.1,41401689.2414,2453294.0,16.8759591151,-1,0,1,1,16.85,0,0.0,20170413 15:18:21
2017-04-10 14:50:00,16.885,16.89,16.855,16.855,15400.0,0.00207715133531,1,1,16.84,1,16.8570314863,0.000414962142616,16.8532335297,0.0,0,0,1,259900.666667,41661589.9081,2468694.0,16.8759635289,-1,0,1,1,16.885,0,0.0,20170413 15:18:21
2017-04-10 14:55:00,16.895,16.9095,16.88,16.885,10037.0,0.000592241634587,0,0,16.84,1,16.864625189,0.000450476868021,16.8572112887,0.0,0,0,1,169573.442167,41831163.3503,2478731.0,16.8760399375,-1,0,1,1,16.895,0,0.0,20170413 15:18:21
2017-04-10 15:00:00,16.9,16.9,16.89,16.895,1850.0,0.000295945546019,0,0,16.84556,1,16.8717001512,0.000419514938468,16.8612864041,0.0,0,0,1,31258.8333333,41862422.1836,2480581.0,16.8760553207,-1,0,1,1,16.9,0,0.0,20170413 15:18:21
2017-04-10 15:05:00,16.89,16.899,16.89,16.89,2020.0,-0.000591715976331,0,0,16.8506752,1,16.875360121,0.000216929516644,16.8640210323,0.0,0,0,1,34123.86,41896546.0436,2482601.0,16.876069108,-1,0,1,1,16.89,0,0.0,20170413 15:18:21
2017-04-10 15:10:00,16.89,16.9,16.89,16.895,5677.0,0.0,0,0,16.855381184,1,16.8782880968,0.000173505974748,16.8664952197,0.0,0,0,1,95903.4533333,41992449.4969,2488278.0,16.8761084963,1,0,1,1,16.89,0,0.0,20170413 15:18:21
2017-04-10 15:15:00,16.88,16.885,16.88,16.885,5209.0,-0.000592066311427,0,0,16.8597106893,1,16.8786304774,2.02852708548e-05,16.8677813892,0.0,0,0,1,87936.6016667,42080386.0986,2493487.0,16.8761201075,1,0,1,1,16.88,0,0.0,20170413 15:18:21
2017-04-10 15:20:00,16.885,16.89,16.88,16.885,3800.0,0.000296208530806,0,0,16.8636938341,1,16.8799043819,7.54744004967e-05,16.8694212569,0.0,0,0,1,64163.0,42144549.0986,2497287.0,16.8761336196,1,0,1,1,16.885,0,0.0,20170413 15:18:21
2017-04-10 15:25:00,16.875,16.89,16.87,16.89,18077.0,-0.000592241634587,0,0,16.8673583274,1,16.8789235055,-5.81091198515e-05,16.8699525658,0.0,0,0,1,305109.631667,42449658.7303,2515364.0,16.8761494282,1,0,1,1,16.875,0,0.0,20170413 15:18:21
2017-04-10 15:30:00,16.89,16.895,16.87,16.87,90004.0,0.000888888888889,0,0,16.9095,-1,16.8811388044,0.000131246455962,16.8718618452,0.0,0,0,1,1519717.54,43969376.2703,2605368.0,16.8764551765,1,0,1,1,16.89,0,0.0,20170413 15:18:21
2017-04-10 15:35:00,16.89,16.9,16.89,16.89,21645.0,0.0,0,0,16.90792,-1,16.8829110436,0.000104983386072,16.8735892885,0.0,0,0,1,365656.2,44335032.4703,2627013.0,16.8765942423,1,0,1,1,16.89,0,0.0,20170413 15:18:21
2017-04-10 15:40:00,16.9144,16.915,16.895,16.9,16429.0,0.00144464179988,1,1,16.87,1,16.8892088348,0.000373027570524,16.877476023,0.0,0,0,1,277783.722533,44612816.1928,2643442.0,16.8767902579,1,0,1,1,16.9144,0,0.0,20170413 15:18:21
2017-04-10 15:45:00,16.9038,16.91,16.9,16.91,16943.0,-0.000626684954831,0,0,16.8718,1,16.8921270679,0.000172786840432,16.8799830684,0.0,0,0,1,286414.6378,44899230.8306,2660385.0,16.8769673677,1,0,1,1,16.9038,0,0.0,20170413 15:18:21
2017-04-10 15:50:00,16.89,16.905,16.89,16.905,15031.0,-0.000816384481596,0,0,16.873528,1,16.8917016543,-2.51841329822e-05,16.8809370619,0.0,0,0,1,253948.745,45153179.5756,2675416.0,16.8770686785,1,0,1,1,16.89,0,0.0,20170413 15:18:21
2017-04-10 15:55:00,16.885,16.9,16.88,16.89,37224.0,-0.000296033155713,0,0,16.87518688,1,16.8903613234,-7.93484805128e-05,16.8813240084,0.0,0,0,1,628651.32,45781830.8956,2712640.0,16.8772232569,1,0,1,1,16.885,0,0.0,20170413 15:18:21
2017-04-10 16:00:00,16.9,16.91,16.88,16.885,79900.0,0.00088836245188,0,0,16.8767794048,1,16.8922890588,0.000114132271978,16.8831026742,0.0,0,0,1,1350043.66667,47131874.5623,2792540.0,16.8777795707,1,0,1,1,16.9,0,0.0,20170413 15:18:21
2017-04-10 16:05:00,16.89,16.89,16.89,16.89,40852.0,-0.000591715976331,0,0,16.8783082286,1,16.891831247,-2.71018183808e-05,16.8837595624,0.0,0,0,1,689990.28,47821864.8423,2833392.0,16.8779557655,1,0,1,1,16.89,0,0.0,20170413 15:18:21
2017-04-11 09:35:00,16.88,16.93,16.87,16.89,21912.0,-0.000592066311427,0,0,16.93,-1,16.8894649976,-0.000140082467406,16.8834015088,0.0,0,0,1,370166.72,48192031.5623,2855304.0,16.8780737751,1,0,1,1,16.88,0,0.0,20170413 15:18:21
2017-04-11 09:40:00,16.88,16.89,16.83,16.88,20070.0,0.0,0,0,16.93,-1,16.8875719981,-0.000112081674602,16.8830775556,0.0,0,0,1,338514.0,48530545.5623,2875374.0,16.8779941539,1,0,1,1,16.88,0,0.0,20170413 15:18:21
2017-04-11 09:45:00,16.865,16.88,16.86,16.87,10317.0,-0.000888625592417,0,0,16.93,-1,16.8830575985,-0.000267320821286,16.8813558837,0.0,0,0,1,174030.595,48704576.1573,2885691.0,16.8779596143,1,0,1,1,16.865,0,0.0,20170413 15:18:21
2017-04-11 09:50:00,16.815,16.865,16.815,16.86,14138.0,-0.00296471983398,0,0,16.922,-1,16.8694460788,-0.000806223612841,16.8750362757,-1.0,0,0,0,237966.103333,48942542.2606,2899829.0,16.8777339149,-1,0,1,1,16.815,0,0.0,20170413 15:18:21
2017-04-11 09:55:00,16.795,16.82,16.79,16.81,5100.0,-0.0011894142135,0,0,16.90916,-1,16.854556863,-0.000882614383706,16.8674137732,0.0,0,0,0,85688.5,49028230.7606,2904929.0,16.8776003684,-1,0,1,1,16.795,0,0.0,20170413 15:18:21
2017-04-11 10:00:00,16.805,16.805,16.77,16.79,4600.0,0.000595415302173,0,0,16.8900944,-1,16.8446454904,-0.00058805299267,16.8614696044,0.0,0,0,0,77249.3333333,49105480.0939,2909529.0,16.8774671412,-1,0,1,1,16.805,0,0.0,20170413 15:18:21
2017-04-11 10:05:00,16.825,16.83,16.8,16.81,20100.0,0.0011901219875,1,1,16.86607552,-1,16.8407163923,-0.000233255017743,16.8579963087,0.0,0,0,0,338048.5,49443528.5939,2929629.0,16.8770614279,-1,0,1,1,16.825,0,0.0,20170413 15:18:21
2017-04-11 10:10:00,16.83,16.83,16.79,16.83,12672.0,0.000297176820208,0,0,16.846860416,-1,16.8385731139,-0.000127267653956,16.8553299936,0.0,0,0,0,213100.8,49656629.3939,2942301.0,16.8768013177,-1,0,1,1,16.83,0,0.0,20170413 15:18:21
2017-04-11 10:15:00,16.84,16.845,16.835,16.84,2126.0,0.000594177064765,0,0,16.77,1,16.8388584911,1.69478271774e-05,16.8538699942,0.0,0,0,0,35801.84,49692431.2339,2944427.0,16.8767747456,-1,0,1,1,16.84,0,0.0,20170413 15:18:21
2017-04-11 10:20:00,16.83,16.845,16.83,16.84,7816.0,-0.000593824228029,0,0,16.773,1,16.8370867929,-0.000105214864731,16.8515966614,0.0,0,0,0,131582.36,49824013.5939,2952243.0,16.8766641479,-1,0,1,1,16.83,0,0.0,20170413 15:18:21
2017-04-11 10:25:00,16.8,16.82,16.785,16.82,5200.0,-0.0017825311943,0,0,16.77588,1,16.8296694343,-0.000440536932899,16.8466826937,0.0,0,0,0,87368.6666667,49911382.2606,2957443.0,16.8765322816,-1,0,1,1,16.8,0,0.0,20170413 15:18:21
2017-04-11 10:30:00,16.82,16.82,16.79,16.795,9071.0,0.00119047619048,1,1,16.7786448,1,16.8277355474,-0.000114909378779,16.8441414847,0.0,0,0,0,152483.51,50063865.7706,2966514.0,16.8763288394,-1,0,1,1,16.82,0,0.0,20170413 15:18:21
2017-04-11 10:35:00,16.77,16.82,16.77,16.82,5436.0,-0.00297265160523,0,0,16.845,-1,16.816188438,-0.000686195088772,16.837080391,0.0,0,0,0,91252.32,50155118.0906,2971950.0,16.8761648381,-1,0,1,1,16.77,0,0.0,20170413 15:18:21
2017-04-11 10:40:00,16.8,16.8,16.78,16.78,5686.0,0.00178890876565,1,1,16.842,-1,16.8129507504,-0.000192533974163,16.8335489252,0.0,0,0,0,95486.8933333,50250604.9839,2977636.0,16.8760066657,-1,0,1,1,16.8,0,0.0,20170413 15:18:21
2017-04-11 10:45:00,16.755,16.8,16.74,16.795,32293.0,-0.00267857142857,0,0,16.83912,-1,16.8013606003,-0.00068935847397,16.8260680751,0.0,0,0,0,541392.145,50791997.1289,3009929.0,16.8748156946,-1,0,1,1,16.755,0,0.0,20170413 15:18:21
2017-04-11 10:50:00,16.75,16.75,16.7377,16.75,8028.0,-0.000298418382572,0,0,16.8311904,-1,16.7910884802,-0.000611386202709,16.8188234966,0.0,0,0,0,134436.0852,50926433.2141,3017957.0,16.8744727689,-1,0,1,1,16.75,0,0.0,20170413 15:18:21
2017-04-11 10:55:00,16.735,16.75,16.725,16.74,5812.0,-0.00089552238806,0,0,16.819971552,-1,16.7798707842,-0.000668074381206,16.8108403064,0.0,0,0,0,97273.5066667,51023706.7208,3023769.0,16.8742078911,-1,0,1,1,16.735,0,0.0,20170413 15:18:21
2017-04-11 11:00:00,16.7238,16.735,16.7,16.735,15274.0,-0.000669256050194,0,0,16.8047761037,-1,16.7686566273,-0.000668310083027,16.8025507534,0.0,0,0,0,255375.1704,51279081.8912,3039043.0,16.8734308436,-1,0,1,1,16.7238,0,0.0,20170413 15:18:21
2017-04-11 11:05:00,16.75,16.75,16.72,16.73,20068.0,0.00156662959375,1,1,16.7838208829,-1,16.7649253019,-0.00022251785295,16.7975459198,0.0,0,0,0,335938.32,51615020.2112,3059111.0,16.8725555271,-1,0,1,1,16.75,0,0.0,20170413 15:18:21
2017-04-11 11:10:00,16.72,16.745,16.72,16.74,9700.0,-0.00179104477612,0,0,16.7670567064,-1,16.7559402415,-0.000535943955244,16.7901605941,0.0,0,0,0,162264.833333,51777285.0445,3068811.0,16.8720996648,-1,0,1,1,16.72,0,0.0,20170413 15:18:21
2017-04-11 11:15:00,16.7,16.715,16.695,16.71,5400.0,-0.0011961722488,0,0,16.7536453651,-1,16.7447521932,-0.000667706385871,16.7815738708,0.0,0,0,0,90198.0,51867483.0445,3074211.0,16.8718032186,-1,0,1,1,16.7,0,0.0,20170413 15:18:21
2017-04-11 11:20:00,16.71,16.72,16.695,16.7,12393.0,0.00059880239521,0,0,16.745,-1,16.7378017546,-0.000415081606477,16.7747573117,0.0,0,0,0,207066.375,52074549.4195,3086604.0,16.8711468719,-1,0,1,1,16.71,0,0.0,20170413 15:18:21
2017-04-11 11:25:00,16.72,16.72,16.71,16.71,2400.0,0.000598444045482,0,0,16.735,-1,16.7342414036,-0.000212713172527,16.7695423296,0.0,0,0,0,40120.0,52114669.4195,3089004.0,16.8710268486,-1,0,1,1,16.72,0,0.0,20170413 15:18:21
2017-04-11 11:30:00,16.71,16.71,16.705,16.71,21500.0,-0.000598086124402,0,0,16.727,-1,16.7293931229,-0.000289722169827,16.7638716316,0.0,0,0,0,359229.166667,52473898.5862,3110504.0,16.8699023008,-1,0,1,1,16.71,0,0.0,20170413 15:18:21
2017-04-11 11:35:00,16.735,16.74,16.705,16.705,4600.0,0.0014961101137,1,1,16.695,1,16.7305144983,6.70302507608e-05,16.7611219524,0.0,0,0,0,76942.6666667,52550841.2529,3115104.0,16.8696907881,-1,0,1,1,16.735,0,0.0,20170413 15:18:21
2017-04-11 11:40:00,16.745,16.75,16.74,16.74,2300.0,0.000597550044816,0,0,16.6968,1,16.7334115987,0.000173162656365,16.7595865283,0.0,0,0,0,38513.5,52589354.7529,3117404.0,16.8695987921,-1,0,1,1,16.745,0,0.0,20170413 15:18:21
2017-04-11 11:45:00,16.74,16.745,16.73,16.745,11114.0,-0.000298596595999,0,0,16.701056,1,16.7347292789,7.87454643387e-05,16.7577211447,0.0,0,0,0,186029.836667,52775384.5895,3128518.0,16.8691324741,-1,0,1,1,16.74,0,0.0,20170413 15:18:21
2017-04-11 11:50:00,16.7425,16.7425,16.73,16.74,5934.0,0.000149342891278,0,0,16.70497152,1,16.7362834231,9.28693967581e-05,16.7562715119,0.0,0,0,0,99325.27,52874709.8595,3134452.0,16.8688848512,-1,0,1,1,16.7425,0,0.0,20170413 15:18:21
2017-04-11 11:55:00,16.75,16.75,16.74,16.74,1157.0,0.000447961773929,0,0,16.7085737984,1,16.7390267385,0.000163914251514,16.755674225,0.0,0,0,0,19375.8933333,52894085.7529,3135609.0,16.8688397542,-1,0,1,1,16.75,0,0.0,20170413 15:18:21
2017-04-11 12:00:00,16.75,16.75,16.74,16.745,1600.0,0.0,0,0,16.7118878945,1,16.7412213908,0.000131109910429,16.7551338226,0.0,0,0,0,26794.6666667,52920880.4195,3137209.0,16.868777445,-1,0,1,1,16.75,0,0.0,20170413 15:18:21
2017-04-11 12:05:00,16.73,16.75,16.73,16.745,4746.0,-0.00119402985075,0,0,16.714936863,1,16.7389771127,-0.00013405701475,16.7527401252,0.0,0,0,0,79432.22,53000312.6395,3141955.0,16.8685778885,-1,0,1,1,16.73,0,0.0,20170413 15:18:21
2017-04-11 12:10:00,16.73,16.74,16.73,16.74,1750.0,0.0,0,0,16.7177419139,1,16.7371816901,-0.000107259990754,16.750574399,0.0,0,0,0,29283.3333333,53029595.9729,3143705.0,16.8685026021,-1,0,1,1,16.73,0,0.0,20170413 15:18:21
2017-04-11 12:15:00,16.745,16.745,16.73,16.73,1700.0,0.000896592946802,0,0,16.7203225608,1,16.7387453521,9.34244489115e-05,16.7500435039,0.0,0,0,0,28458.0,53058053.9729,3145405.0,16.8684331502,-1,0,1,1,16.745,0,0.0,20170413 15:18:21
2017-04-11 12:20:00,16.75,16.76,16.74,16.745,15790.0,0.000298596595999,0,0,16.7226967559,1,16.7409962817,0.000134474211372,16.7500393607,0.0,0,0,0,264482.5,53322536.4729,3161195.0,16.867841583,-1,0,1,1,16.75,0,0.0,20170413 15:18:21
2017-04-11 12:25:00,16.775,16.78,16.76,16.76,9925.0,0.00149253731343,1,1,16.7271731452,1,16.7477970253,0.000406232911712,16.7524165644,0.0,0,0,0,166458.791667,53488995.2645,3171120.0,16.8675405738,-1,0,1,1,16.775,0,0.0,20170413 15:18:21
2017-04-11 12:30:00,16.77,16.775,16.77,16.775,1750.0,-0.000298062593144,0,0,16.735625442,1,16.7522376203,0.000265145017273,16.7540911773,0.0,0,0,0,29350.4166667,53518345.6812,3172870.0,16.8674876945,-1,0,1,1,16.77,0,0.0,20170413 15:18:21
2017-04-11 12:35:00,16.77,16.78,16.77,16.77,1872.0,0.0,0,0,16.7427253713,1,16.7557900962,0.000212059787223,16.7556063033,1.0,0,0,1,31399.68,53549745.3612,3174742.0,16.867432176,-1,0,1,1,16.77,0,0.0,20170413 15:18:21
2017-04-11 12:40:00,16.78,16.78,16.76,16.78,9500.0,0.000596302921885,0,0,16.7486893119,1,16.760632077,0.000288973586348,16.7579295125,0.0,0,0,1,159346.666667,53709092.0279,3184242.0,16.8671514376,-1,0,1,1,16.78,0,0.0,20170413 15:18:21
2017-04-11 12:45:00,16.7801,16.81,16.78,16.78,12115.0,5.95947556614e-06,0,0,16.753699022,1,16.7645256616,0.000232305356211,16.7600409875,0.0,0,0,1,203411.253833,53912503.2817,3196357.0,16.8668591405,-1,0,1,1,16.7801,0,0.0,20170413 15:18:21
2017-04-11 12:50:00,16.78,16.79,16.78,16.78,77500.0,-5.959440051e-06,0,0,16.76,1,16.7676205293,0.000184608127092,16.7619418458,0.0,0,0,1,1300708.33333,55213211.615,3273857.0,16.8648818855,-1,0,1,1,16.78,0,0.0,20170413 15:18:21
2017-04-11 12:55:00,16.85,16.855,16.79,16.79,32686.0,0.00417163289631,1,1,16.77,1,16.7840964234,0.000982601801992,16.7703283367,0.0,1,0,1,550159.856667,55763371.4717,3306543.0,16.8645535448,-1,0,1,1,16.85,0,0.0,20170413 15:18:21
2017-04-11 13:00:00,16.865,16.87,16.845,16.845,21163.0,0.000890207715133,0,0,16.78,1,16.8002771387,0.000964050426639,16.7793446856,0.0,0,0,1,356808.18,56120179.6517,3327706.0,16.8645245859,-1,0,1,1,16.865,0,0.0,20170413 15:18:21
2017-04-11 13:05:00,16.88,16.88,16.865,16.87,9749.0,0.000889415950193,0,0,16.79,1,16.816221711,0.000949066025669,16.788930906,0.0,0,0,1,164514.375,56284694.0267,3337455.0,16.8645551855,-1,0,1,1,16.88,0,0.0,20170413 15:18:21
2017-04-11 13:10:00,16.89,16.91,16.875,16.88,64665.0,0.000592417061611,0,0,16.808,1,16.8309773688,0.000877465702877,16.798556534,0.0,0,0,1,1092299.625,57376993.6517,3402120.0,16.8650705007,-1,0,1,1,16.89,0,0.0,20170413 15:18:21
2017-04-11 13:15:00,16.885,16.9,16.885,16.9,3600.0,-0.000296033155713,0,0,16.8284,1,16.841781895,0.000641942889349,16.8067892451,0.0,0,0,1,60804.0,57437797.6517,3405720.0,16.8650968523,-1,0,1,1,16.885,0,0.0,20170413 15:18:21
2017-04-11 13:20:00,16.865,16.885,16.86,16.885,3800.0,-0.00118448326917,0,0,16.84472,1,16.846425516,0.000275720290352,16.8123331265,0.0,0,0,1,64106.0,57501903.6517,3409520.0,16.865102317,-1,0,1,1,16.865,0,0.0,20170413 15:18:21
2017-04-11 13:25:00,16.86,16.88,16.85,16.86,11600.0,-0.000296471983398,0,0,16.91,-1,16.8491404128,0.000161155658376,16.8168728287,0.0,0,0,1,195614.666667,57697518.3184,3421120.0,16.8650963189,-1,0,1,1,16.86,0,0.0,20170413 15:18:21
2017-04-11 13:30:00,16.85,16.86,16.845,16.855,7045.0,-0.000593119810201,0,0,16.9076,-1,16.8493123303,1.02033357217e-05,16.8200277974,0.0,0,0,1,118719.991667,57816238.31,3428165.0,16.8650687204,-1,0,1,1,16.85,0,0.0,20170413 15:18:21
2017-04-11 13:35:00,16.835,16.855,16.835,16.855,3662.0,-0.000890207715134,0,0,16.902592,-1,16.8464498642,-0.000169886224131,16.8214537215,0.0,0,0,1,61674.1833333,57877912.4934,3431827.0,16.8650437488,-1,0,1,1,16.835,0,0.0,20170413 15:18:21
2017-04-11 13:40:00,16.86,16.86,16.83,16.835,10833.0,0.001485001485,1,1,16.89448096,-1,16.8491598914,0.00016086636538,16.8251247956,0.0,0,0,1,182536.05,58060448.5434,3442660.0,16.8649964107,-1,0,1,1,16.86,0,0.0,20170413 15:18:21
2017-04-11 13:45:00,16.85,16.86,16.85,16.86,2600.0,-0.000593119810201,0,0,16.8841640064,-1,16.8493279131,9.97211305753e-06,16.8274938627,0.0,0,0,1,43818.6666667,58104267.21,3445260.0,16.8649876091,-1,0,1,1,16.85,0,0.0,20170413 15:18:21
2017-04-11 13:50:00,16.86,16.86,16.85,16.85,2288.0,0.000593471810089,0,0,16.8754977654,-1,16.8514623305,0.000126676707397,16.8305896853,0.0,0,0,1,38568.0533333,58142835.2634,3447548.0,16.8649820868,-1,0,1,1,16.86,0,0.0,20170413 15:18:21
2017-04-11 13:55:00,16.855,16.86,16.85,16.86,2000.0,-0.000296559905101,0,0,16.8682181229,-1,16.8521698644,4.1986498954e-05,16.8329144772,0.0,0,0,1,33710.0,58176545.2634,3449548.0,16.8649762993,-1,0,1,1,16.855,0,0.0,20170413 15:18:21
2017-04-11 14:00:00,16.86,16.87,16.8538,16.86,7026.0,0.000296647878968,0,0,16.83,1,16.8537358915,9.29273284693e-05,16.8354940508,0.0,0,0,1,118467.2596,58295012.523,3456574.0,16.8649687589,-1,0,1,1,16.86,0,0.0,20170413 15:18:21
2017-04-11 14:05:00,16.86,16.87,16.855,16.865,7087.0,0.0,0,0,16.8316,1,16.8549887132,7.43349550267e-05,16.8378279507,0.0,0,0,1,119498.631667,58414511.1546,3463661.0,16.8649620025,-1,0,1,1,16.86,0,0.0,20170413 15:18:21
2017-04-11 14:10:00,16.89,16.89,16.865,16.865,7535.0,0.00177935943061,1,1,16.833136,1,16.8619909706,0.00041544123694,16.8427967173,0.0,0,0,1,127203.358333,58541714.513,3471196.0,16.8649982637,-1,0,1,1,16.89,0,0.0,20170413 15:18:21
2017-04-11 14:15:00,16.87,16.89,16.855,16.8837,6913.0,-0.00118413262285,0,0,16.83768512,1,16.8635927764,9.49950625935e-05,16.8453875061,0.0,0,0,1,116633.831667,58658348.3446,3478109.0,16.8650115176,-1,0,1,1,16.87,0,0.0,20170413 15:18:21
2017-04-11 14:20:00,16.87,16.875,16.855,16.865,3400.0,0.0,0,0,16.8418703104,1,16.8648742212,7.59888315109e-05,16.8477315532,0.0,0,0,1,57346.6666667,58715695.0113,3481509.0,16.865013134,-1,0,1,1,16.87,0,0.0,20170413 15:18:21
2017-04-11 14:25:00,16.875,16.88,16.87,16.87,1140.0,0.000296384113811,0,0,16.8457206856,1,16.8668993769,0.000120081285017,16.8503285481,0.0,0,0,1,19237.5,58734932.5113,3482649.0,16.8650164031,1,0,1,1,16.875,0,0.0,20170413 15:18:21
2017-04-11 14:30:00,16.885,16.89,16.87,16.88,3647.0,0.000592592592593,0,0,16.8492630307,1,16.8705195015,0.000214628932894,16.8536305911,0.0,0,0,1,61567.4383333,58796499.9496,3486296.0,16.8650338209,1,0,1,1,16.885,0,0.0,20170413 15:18:21
2017-04-11 14:35:00,16.89,16.9,16.88,16.89,12548.0,0.000296120817293,0,0,16.8525219883,1,16.8744156012,0.000230941299184,16.8570943444,0.0,0,0,1,211935.72,59008435.6696,3498844.0,16.8651233578,1,0,1,1,16.89,0,0.0,20170413 15:18:21
2017-04-11 14:40:00,16.885,16.895,16.8838,16.89,6457.0,-0.000296033155713,0,0,16.8582193497,1,16.876532481,0.000125449070552,16.8597520259,0.0,0,0,1,109045.385533,59117481.0552,3505301.0,16.8651653753,1,0,1,1,16.885,0,0.0,20170413 15:18:21
2017-04-11 14:45:00,16.885,16.89,16.87,16.89,16442.0,0.0,0,0,16.8632330277,1,16.8782259848,0.000100346668045,16.8621565948,0.0,0,0,1,277568.363333,59395049.4185,3521743.0,16.865242415,1,0,1,1,16.885,0,0.0,20170413 15:18:21
2017-04-11 14:50:00,16.885,16.89,16.885,16.885,1114.0,0.0,0,0,16.8676450644,1,16.8795807878,8.02692796813e-05,16.8643321572,0.0,0,0,1,18811.7466667,59413861.1652,3522857.0,16.8652491898,1,0,1,1,16.885,0,0.0,20170413 15:18:21
2017-04-11 14:55:00,16.91,16.91,16.885,16.885,4325.0,0.00148060408647,1,1,16.87,1,16.8856646303,0.000360426156914,16.8686814756,0.0,0,0,1,73099.7083333,59486960.8735,3527182.0,16.8652938446,1,0,1,1,16.91,0,0.0,20170413 15:18:21
2017-04-11 15:00:00,16.89,16.91,16.885,16.9,8316.0,-0.00118273211118,0,0,16.8764,1,16.8865317042,5.13497079284e-05,16.8707118112,0.0,0,0,1,140498.82,59627459.6935,3535498.0,16.8653637178,1,0,1,1,16.89,0,0.0,20170413 15:18:21
2017-04-11 15:05:00,16.89,16.89,16.875,16.885,6449.0,0.0,0,0,16.91,-1,16.8872253634,4.10776570172e-05,16.8725487816,0.0,0,0,1,108891.365,59736351.0585,3541947.0,16.8653994705,1,0,1,1,16.89,0,0.0,20170413 15:18:21
2017-04-11 15:10:00,16.875,16.88,16.86,16.88,14439.0,-0.00088809946714,0,0,16.91,-1,16.8847802907,-0.000144788301295,16.872782231,0.0,0,0,1,243609.995,59979961.0535,3556386.0,16.8654249155,1,0,1,1,16.875,0,0.0,20170413 15:18:21
2017-04-11 15:15:00,16.87,16.88,16.86,16.88,4915.0,-0.000296296296296,0,0,16.906,-1,16.8818242326,-0.000175072348486,16.8725172566,0.0,0,0,1,82916.05,60062877.1035,3561301.0,16.8654312296,1,0,1,1,16.87,0,0.0,20170413 15:18:21
2017-04-11 15:20:00,16.855,16.87,16.85,16.8634,5144.0,-0.000889152341434,0,0,16.90232,-1,16.876459386,-0.000317788317034,16.8708489464,0.0,0,0,1,86719.2666667,60149596.3702,3566445.0,16.8654209921,1,0,1,1,16.855,0,0.0,20170413 15:18:21
2017-04-11 15:25:00,16.865,16.87,16.855,16.855,7577.0,0.000593295757935,0,0,16.8960416,-1,16.8741675088,-0.000135803201171,16.8702919039,0.0,0,0,1,127773.476667,60277369.8468,3574022.0,16.8654165662,1,0,1,1,16.865,0,0.0,20170413 15:18:21
2017-04-11 15:30:00,16.88,16.88,16.87,16.87,8000.0,0.000889415950193,0,0,16.890516608,-1,16.8753340071,6.91292315391e-05,16.8712164845,0.0,0,0,1,135013.333333,60412383.1802,3582022.0,16.8654416919,1,0,1,1,16.88,0,0.0,20170413 15:18:21
2017-04-11 15:35:00,16.88,16.88,16.875,16.875,7095.0,0.0,0,0,16.885654615,-1,16.8762672057,5.5299562415e-05,16.8720530098,0.0,0,0,1,119751.775,60532134.9552,3589117.0,16.8654671762,1,0,1,1,16.88,0,0.0,20170413 15:18:21
2017-04-11 15:40:00,16.88,16.88,16.87,16.88,11967.0,0.0,0,0,16.8813760612,-1,16.8770137645,4.4237203634e-05,16.872809866,0.0,0,0,1,201963.07,60734098.0252,3601084.0,16.865504394,1,0,1,1,16.88,0,0.0,20170413 15:18:21
2017-04-11 15:45:00,16.9,16.92,16.875,16.88,107318.0,0.00118483412322,1,1,16.85,1,16.8816110116,0.000272396951221,16.8753994026,0.0,0,0,1,1813495.33667,62547593.3618,3708402.0,16.8664544356,1,0,1,1,16.9,0,0.0,20170413 15:18:21
2017-04-11 15:50:00,16.91,16.91,16.9,16.9,12849.0,0.000591715976332,0,0,16.8528,1,16.8872888093,0.000336330322517,16.8786946976,0.0,0,0,1,217233.76,62764827.1218,3721251.0,16.8665932832,1,0,1,1,16.91,0,0.0,20170413 15:18:21
2017-04-11 15:55:00,16.9346,16.945,16.905,16.91,64475.0,0.00145476049675,1,1,16.855488,1,16.8967510474,0.00056031718577,16.8840190121,0.0,0,0,1,1091445.695,63856272.8168,3785726.0,16.8676425121,1,0,1,1,16.9346,0,0.0,20170413 15:18:21
2017-04-11 16:00:00,16.96,16.98,16.925,16.93,192222.0,0.00149988780367,1,1,16.86264896,1,16.9094008379,0.000748652239547,16.8912552966,0.0,0,0,1,3259124.01,67115396.8268,3977948.0,16.8718637918,1,0,1,1,16.96,0,0.0,20170413 15:18:21
2017-04-11 16:05:00,16.96,16.96,16.96,16.96,94702.0,0.0,0,0,16.8767310848,1,16.9195206704,0.000598473742929,16.8978024112,0.0,0,0,1,1606145.92,68721542.7468,4072650.0,16.8739132375,1,0,1,1,16.96,0,0.0,20170413 15:18:21
2017-04-12 09:35:00,16.86,16.96,16.74,16.93,16052.0,-0.00589622641509,0,0,16.98,-1,16.9076165363,-0.000703573954829,16.8942021816,0.0,0,0,1,270529.706667,68992072.4535,4088702.0,16.8738324421,1,0,1,1,16.86,0,0.0,20170413 15:18:21
2017-04-12 09:40:00,16.85,16.89,16.82,16.86,27849.0,-0.000593119810201,0,0,16.9704,-1,16.896093229,-0.000681545339803,16.88999245,0.0,0,0,1,469348.48,69461420.9335,4116551.0,16.8736937629,1,0,1,1,16.85,0,0.0,20170413 15:18:21
2017-04-12 09:45:00,16.83,16.86,16.82,16.851,20137.0,-0.00118694362018,0,0,16.961184,-1,16.8828745832,-0.000782349246468,16.8842788834,-1.0,0,0,0,339039.956667,69800460.8902,4136688.0,16.8735135186,1,0,1,1,16.83,0,0.0,20170413 15:18:21
2017-04-12 09:50:00,16.86,16.865,16.825,16.825,29412.0,0.0017825311943,1,1,16.95233664,-1,16.8782996666,-0.000270979721033,16.8819666088,0.0,0,0,0,495592.2,70296053.0902,4166100.0,16.8733475169,1,0,1,1,16.86,0,0.0,20170413 15:18:21
2017-04-12 09:55:00,16.83,16.85,16.82,16.845,19557.0,-0.00177935943061,0,0,16.9438431744,-1,16.8686397333,-0.000572328582064,16.8770174079,0.0,0,0,0,329209.5,70625262.5902,4185657.0,16.8731605552,-1,0,1,1,16.83,0,0.0,20170413 15:18:21
2017-04-12 10:00:00,16.79,16.83,16.79,16.83,26469.0,-0.00237670825906,0,0,16.9356894474,-1,16.8529117866,-0.000932377885909,16.8687300357,0.0,0,0,0,444767.43,71070030.0202,4212126.0,16.872721761,-1,0,1,1,16.79,0,0.0,20170413 15:18:21
2017-04-12 10:05:00,16.75,16.8,16.75,16.795,22503.0,-0.00238237045861,0,0,16.9278618695,-1,16.8323294293,-0.00122129383828,16.8574224133,0.0,0,0,0,377300.3,71447330.3202,4234629.0,16.8721581797,-1,0,1,1,16.75,0,0.0,20170413 15:18:21
2017-04-12 10:10:00,16.745,16.755,16.73,16.755,9499.0,-0.000298507462687,0,0,16.9203473947,-1,16.8148635434,-0.00103763926027,16.8467155168,0.0,0,0,0,159044.923333,71606375.2435,4244128.0,16.8718698502,-1,0,1,1,16.745,0,0.0,20170413 15:18:21
2017-04-12 10:15:00,16.71,16.74,16.71,16.74,25001.0,-0.00209017617199,0,0,16.9051196032,-1,16.7938908347,-0.00124727201217,16.8336949914,0.0,0,0,0,418016.72,72024391.9635,4269129.0,16.8709804655,-1,0,1,1,16.71,0,0.0,20170413 15:18:21
2017-04-12 10:20:00,16.715,16.72,16.71,16.715,14124.0,0.000299222022741,0,0,16.8817052508,-1,16.7781126678,-0.000939518251261,16.8223907065,0.0,0,0,0,236082.66,72260474.6235,4283253.0,16.8704661208,-1,0,1,1,16.715,0,0.0,20170413 15:18:21
2017-04-12 10:25:00,16.69,16.715,16.68,16.715,24801.0,-0.00149566257852,0,0,16.8611006207,-1,16.7604901342,-0.00105032871742,16.8097820678,0.0,0,0,0,414052.695,72674527.3185,4308054.0,16.8694559814,-1,0,1,1,16.69,0,0.0,20170413 15:18:21
2017-04-12 10:30:00,16.66,16.69,16.66,16.68,39900.0,-0.00179748352307,0,0,16.8321245214,-1,16.7403921074,-0.00119913121194,16.7955171089,0.0,0,0,0,665133.0,73339660.3185,4347954.0,16.8676256277,-1,0,1,1,16.66,0,0.0,20170413 15:18:21
2017-04-12 10:35:00,16.72,16.76,16.66,16.67,43309.0,0.00360144057623,1,1,16.7976996171,-1,16.7363136859,-0.00024362759556,16.7883250033,0.0,1,0,0,723837.753333,74063498.0718,4391263.0,16.866103914,-1,0,1,1,16.72,0,0.0,20170413 15:18:21
2017-04-12 10:40:00,16.69,16.72,16.69,16.72,12814.0,-0.00179425837321,0,0,16.7701596937,-1,16.7270509487,-0.000553451456283,16.7789607173,0.0,0,0,0,213993.8,74277491.8718,4404077.0,16.8656206219,-1,0,1,1,16.69,0,0.0,20170413 15:18:21
2017-04-12 10:45:00,16.64,16.69,16.64,16.69,3800.0,-0.00299580587178,0,0,16.76,-1,16.709640759,-0.00104084036087,16.7657263633,0.0,0,0,0,63295.3333333,74340787.2052,4407877.0,16.8654404842,-1,0,1,1,16.64,0,0.0,20170413 15:18:21
2017-04-12 10:50:00,16.62,16.64,16.61,16.635,31292.0,-0.00120192307692,0,0,16.736,-1,16.6917126072,-0.00107292263522,16.751847662,0.0,0,0,0,520177.346667,74860964.5518,4439169.0,16.8637338547,-1,0,1,1,16.62,0,0.0,20170413 15:18:21
2017-04-12 10:55:00,16.6,16.635,16.6,16.62,16599.0,-0.00120336943442,0,0,16.7108,-1,16.6733700857,-0.00109889990734,16.7373859799,0.0,0,0,0,275737.055,75136701.6068,4455768.0,16.8627948329,-1,0,1,1,16.6,0,0.0,20170413 15:18:21
2017-04-12 11:00:00,16.575,16.615,16.575,16.6,22534.0,-0.00150602409639,0,0,16.68864,-1,16.6536960686,-0.00117996644042,16.7219206485,0.0,0,0,0,373801.503333,75510503.1102,4478302.0,16.8614137926,-1,0,1,1,16.575,0,0.0,20170413 15:18:21
2017-04-12 11:05:00,16.555,16.585,16.55,16.58,12938.0,-0.00120663650075,0,0,16.665912,-1,16.6339568549,-0.00118527524692,16.7060234439,0.0,0,0,0,214296.406667,75724799.5168,4491240.0,16.8605551066,-1,0,1,1,16.555,0,0.0,20170413 15:18:21
2017-04-12 11:10:00,16.54,16.56,16.54,16.55,34865.0,-0.000906070673513,0,0,16.6427296,-1,16.6151654839,-0.00112969939383,16.6902116873,0.0,0,0,0,576899.533333,76301699.0502,4526105.0,16.8581371953,-1,0,1,1,16.54,0,0.0,20170413 15:18:21
2017-04-12 11:15:00,16.535,16.545,16.525,16.54,33589.0,-0.000302297460701,0,0,16.62218368,-1,16.5991323871,-0.000964967625286,16.6754296219,0.0,0,0,0,555394.115,76857093.1652,4559694.0,16.8557568041,-1,0,1,1,16.535,0,0.0,20170413 15:18:21
2017-04-12 11:20:00,16.545,16.55,16.53,16.53,27611.0,0.000604777744179,0,0,16.602746944,-1,16.5883059097,-0.000652231524642,16.6630077531,0.0,0,0,0,456731.958333,77313825.1235,4587305.0,16.8538662948,-1,0,1,1,16.545,0,0.0,20170413 15:18:21
2017-04-12 11:25:00,16.525,16.545,16.52,16.545,21096.0,-0.00120882441825,0,0,16.5871975552,-1,16.5756447278,-0.000763259491873,16.6498641576,0.0,0,0,0,348716.88,77662542.0035,4608401.0,16.8523837234,-1,0,1,1,16.525,0,0.0,20170413 15:18:21
2017-04-12 11:30:00,16.57,16.575,16.52,16.525,32923.0,0.00272314674735,1,1,16.52,1,16.5745157822,-6.81086962393e-05,16.6422580473,0.0,0,0,0,545040.265,78207582.2685,4641324.0,16.8502742469,-1,0,1,1,16.57,0,0.0,20170413 15:18:21
2017-04-12 11:35:00,16.55,16.5686,16.54,16.5686,20116.0,-0.0012070006035,0,0,16.52,1,16.5696126258,-0.00029582501871,16.6334715666,0.0,0,0,0,332977.465867,78540559.7344,4661440.0,16.8489908128,-1,0,1,1,16.55,0,0.0,20170413 15:18:21
2017-04-12 11:40:00,16.525,16.55,16.525,16.545,22770.0,-0.00151057401813,0,0,16.52,1,16.5606901006,-0.000538487251008,16.6231409412,0.0,0,0,0,376464.0,78917023.7344,4684210.0,16.8474563981,-1,0,1,1,16.525,0,0.0,20170413 15:18:21
2017-04-12 11:45:00,16.545,16.55,16.525,16.525,23009.0,0.00121028744327,1,1,16.5222,1,16.5575520805,-0.000189486072345,16.6156989468,0.0,0,0,0,380568.86,79297592.5944,4707219.0,16.8459535438,-1,0,1,1,16.545,0,0.0,20170413 15:18:21
2017-04-12 11:50:00,16.56,16.575,16.54,16.545,27621.0,0.00090661831369,0,0,16.524312,1,16.5580416644,2.95686161595e-05,16.6103942852,0.0,0,0,0,457357.725,79754950.3194,4734840.0,16.8442756924,-1,0,1,1,16.56,0,0.0,20170413 15:18:21
2017-04-12 11:55:00,16.59,16.6,16.56,16.56,29010.0,0.0018115942029,1,1,16.525,1,16.5644333315,0.000386015885885,16.6084519723,0.0,0,0,0,481082.5,80236032.8194,4763850.0,16.8426866546,-1,0,1,1,16.59,0,0.0,20170413 15:18:21
2017-04-12 12:00:00,16.62,16.62,16.5889,16.59,15554.0,0.00180831826401,1,1,16.531,1,16.5755466652,0.000670915417079,16.6095517845,0.0,0,0,0,258346.236867,80494379.0562,4779404.0,16.8419282103,-1,0,1,1,16.62,0,0.0,20170413 15:18:21
2017-04-12 12:05:00,16.59,16.62,16.58,16.62,24566.0,-0.00180505415162,0,0,16.54168,1,16.5784373322,0.000174393461417,16.6076897098,0.0,0,0,0,407713.713333,80902092.7696,4803970.0,16.8406740195,-1,0,1,1,16.59,0,0.0,20170413 15:18:21
2017-04-12 12:10:00,16.57,16.595,16.56,16.59,27655.0,-0.00120554550934,0,0,16.5510784,1,16.5767498657,-0.000101786821033,16.6041002136,0.0,0,0,0,458381.625,81360474.3946,4831625.0,16.8391533686,-1,0,1,1,16.57,0,0.0,20170413 15:18:21
2017-04-12 12:15:00,16.6,16.6,16.56,16.56,20401.0,0.00181050090525,1,1,16.559348992,1,16.5813998926,0.000280514991821,16.6037097171,0.0,0,0,0,338384.586667,81698858.9812,4852026.0,16.8380917541,-1,0,1,1,16.6,0,0.0,20170413 15:18:21
2017-04-12 12:20:00,16.6,16.61,16.6,16.6,5300.0,0.0,0,0,16.56,1,16.5851199141,0.000224349060182,16.6033564107,0.0,0,0,0,87997.6666667,81786856.6479,4857326.0,16.8378356009,-1,0,1,1,16.6,0,0.0,20170413 15:18:21
2017-04-12 12:25:00,16.615,16.62,16.59,16.605,31608.0,0.000903614457831,0,0,16.56,1,16.5910959313,0.00036032402641,16.604465324,0.0,0,0,0,524956.2,82311812.8479,4888934.0,16.8363518198,-1,0,1,1,16.615,0,0.0,20170413 15:18:21
2017-04-12 12:30:00,16.61,16.62,16.6,16.615,23140.0,-0.000300932891965,0,0,16.5672,1,16.594876745,0.000227882097988,16.604992436,0.0,0,0,0,384355.4,82696168.2479,4912074.0,16.8352855124,-1,0,1,1,16.61,0,0.0,20170413 15:18:21
2017-04-12 12:35:00,16.635,16.64,16.61,16.615,19309.0,0.00150511739916,1,1,16.573536,1,16.602901396,0.000483561952421,16.6078502992,0.0,0,0,0,321076.488333,83017244.7362,4931383.0,16.834475184,-1,0,1,1,16.635,0,0.0,20170413 15:18:21
2017-04-12 12:40:00,16.63,16.65,16.62,16.635,13012.0,-0.000300571085062,0,0,16.58417024,1,16.6083211168,0.000326432150016,16.6099597945,0.0,0,0,0,216432.933333,83233677.6696,4944395.0,16.8339458457,-1,0,1,1,16.63,0,0.0,20170413 15:18:21
2017-04-12 12:45:00,16.645,16.65,16.62,16.625,4689.0,0.000901984365604,0,0,16.597336192,1,16.6156568934,0.000441692847083,16.6132969569,1.0,0,0,1,78017.145,83311694.8146,4949084.0,16.833760513,-1,0,1,1,16.645,0,0.0,20170413 15:18:21
2017-04-12 12:50:00,16.64,16.645,16.64,16.64,1100.0,-0.00030039050766,0,0,16.6078689536,1,16.6205255148,0.000293014073576,16.6158401039,0.0,0,0,1,18305.8333333,83330000.6479,4950184.0,16.833717827,-1,0,1,1,16.64,0,0.0,20170413 15:18:21
2017-04-12 12:55:00,16.62,16.64,16.62,16.64,78200.0,-0.00120192307692,0,0,16.6162951629,1,16.6204204118,-6.32368397246e-06,16.6162362845,0.0,0,0,1,1300205.33333,84630205.9812,5028384.0,16.8304978262,-1,0,1,1,16.62,0,0.0,20170413 15:18:21
2017-04-12 13:00:00,16.6,16.61,16.595,16.61,32127.0,-0.00120336943442,0,0,16.65,-1,16.6163363294,-0.000245726778232,16.6146899717,0.0,0,0,1,533361.745,85163567.7262,5060511.0,16.8290450759,-1,0,1,1,16.6,0,0.0,20170413 15:18:21
2017-04-12 13:05:00,16.605,16.615,16.6,16.6,9676.0,0.000301204819277,0,0,16.6478,-1,16.6140690636,-0.000136448001748,16.6137671172,0.0,0,0,1,160686.106667,85324253.8329,5070187.0,16.8286206866,-1,0,1,1,16.605,0,0.0,20170413 15:18:21
2017-04-12 13:10:00,16.625,16.625,16.6,16.61,13899.0,0.00120445648901,1,1,16.645688,-1,16.6162552508,0.000131586505438,16.6148369156,0.0,0,0,1,230955.05,85555208.8829,5084086.0,16.8280412414,-1,0,1,1,16.625,0,0.0,20170413 15:18:21
2017-04-12 13:15:00,16.635,16.64,16.625,16.63,8200.0,0.000601503759398,0,0,16.64366048,-1,16.6200042007,0.000225619417537,16.6167572093,0.0,0,0,1,136393.333333,85691602.2162,5092286.0,16.8277277074,-1,0,1,1,16.635,0,0.0,20170413 15:18:21
2017-04-12 13:20:00,16.645,16.65,16.63,16.635,4114.0,0.000601142170123,0,0,16.595,1,16.6250033605,0.000300791732945,16.6194469989,0.0,0,0,1,68463.8166667,85760066.0329,5096400.0,16.8275775121,-1,0,1,1,16.645,0,0.0,20170413 15:18:21
2017-04-12 13:25:00,16.665,16.67,16.635,16.65,13540.0,0.00120156203064,1,1,16.5972,1,16.6330026884,0.000481162482713,16.62378538,0.0,0,0,1,225531.266667,85985597.2996,5109940.0,16.8271246433,-1,0,1,1,16.665,0,0.0,20170413 15:18:21
2017-04-12 13:30:00,16.64,16.665,16.64,16.665,9310.0,-0.001500150015,0,0,16.603024,1,16.6344021507,8.41376833676e-05,16.6253296295,0.0,0,0,1,154995.983333,86140593.2829,5119250.0,16.8267994888,-1,0,1,1,16.64,0,0.0,20170413 15:18:21
2017-04-12 13:35:00,16.65,16.66,16.64,16.64,12742.0,0.000600961538461,0,0,16.60838208,1,16.6375217206,0.000187537238949,16.6276791886,0.0,0,0,1,212154.3,86352747.5829,5131992.0,16.826360521,-1,0,1,1,16.65,0,0.0,20170413 15:18:21
2017-04-12 13:40:00,16.65,16.65,16.64,16.65,4281.0,0.0,0,0,16.6133115136,1,16.6400173765,0.000150001660262,16.6298049802,0.0,0,0,1,71264.38,86424011.9629,5136273.0,16.8262107491,-1,0,1,1,16.65,0,0.0,20170413 15:18:21
2017-04-12 13:45:00,16.67,16.67,16.66,16.66,1100.0,0.0012012012012,1,1,16.6178465925,1,16.6460139012,0.000360367694872,16.6336330773,0.0,0,0,1,18333.3333333,86442345.2962,5137373.0,16.826176588,-1,0,1,1,16.67,0,0.0,20170413 15:18:21
2017-04-12 13:50:00,16.66,16.665,16.66,16.665,4517.0,-0.000599880023995,0,0,16.6220188651,1,16.6488111209,0.000168041417019,16.6361442128,0.0,0,0,1,75260.7483333,86517606.0446,5141890.0,16.8260320708,-1,0,1,1,16.66,0,0.0,20170413 15:18:21
2017-04-12 13:55:00,16.66,16.67,16.65,16.66,7098.0,0.0,0,0,16.6258573559,1,16.6510488968,0.000134410547076,16.6384161925,0.0,0,0,1,118252.68,86635858.7246,5148988.0,16.8258031917,-1,0,1,1,16.66,0,0.0,20170413 15:18:21
2017-04-12 14:00:00,16.7,16.705,16.655,16.66,8700.0,0.00240096038415,1,1,16.6293887674,1,16.6608391174,0.000587964200301,16.644281317,0.0,0,0,1,145174.0,86781032.7246,5157688.0,16.8255684959,-1,0,1,1,16.7,0,0.0,20170413 15:18:21
2017-04-12 14:05:00,16.67,16.69,16.67,16.69,3400.0,-0.00179640718563,0,0,16.6384621153,1,16.6626712939,0.00010996904214,16.6467307154,0.0,0,0,1,56700.6666667,86837733.3912,5161088.0,16.825470403,-1,0,1,1,16.67,0,0.0,20170413 15:18:21
2017-04-12 14:10:00,16.6745,16.675,16.665,16.67,2300.0,0.000269946010798,0,0,16.6464466615,1,16.6650370351,0.000141978508336,16.6493754092,0.0,0,0,1,38344.45,86876077.8412,5163388.0,16.8254018178,-1,0,1,1,16.6745,0,0.0,20170413 15:18:21
2017-04-12 14:15:00,16.65,16.675,16.65,16.675,13250.0,-0.00146930942457,0,0,16.705,-1,16.6620296281,-0.000180462066871,16.649434894,0.0,0,0,1,220722.916667,87096800.7579,5176638.0,16.8249741933,-1,0,1,1,16.65,0,0.0,20170413 15:18:21
2017-04-12 14:20:00,16.65,16.655,16.65,16.655,4264.0,0.0,0,0,16.7028,-1,16.6596237025,-0.000144395711445,16.6494887136,0.0,0,0,1,71002.7066667,87167803.4646,5180902.0,16.8248315572,-1,0,1,1,16.65,0,0.0,20170413 15:18:21
2017-04-12 14:25:00,16.6601,16.665,16.64,16.65,16778.0,0.000606606606607,0,0,16.700688,-1,16.659718962,5.71798642524e-06,16.6504993123,0.0,0,0,1,279438.149267,87447241.6138,5197680.0,16.8242834522,-1,0,1,1,16.6601,0,0.0,20170413 15:18:21
2017-04-12 14:30:00,16.675,16.68,16.66,16.6646,5721.0,0.000894352374836,0,0,16.69583296,-1,16.6627751696,0.000183448929044,16.6528327112,0.0,0,0,1,95378.605,87542620.2188,5203401.0,16.8241156541,-1,0,1,1,16.675,0,0.0,20170413 15:18:21
2017-04-12 14:35:00,16.67,16.68,16.67,16.68,4907.0,-0.000299850074962,0,0,16.6913663232,-1,16.6642201357,8.6718212704e-05,16.6544676911,0.0,0,0,1,81816.0466667,87624436.2655,5208308.0,16.8239735948,-1,0,1,1,16.67,0,0.0,20170413 15:18:21
2017-04-12 14:40:00,16.65,16.68,16.65,16.675,14099.0,-0.00119976004799,0,0,16.6872570173,-1,16.6613761085,-0.000170666680572,16.6540421967,0.0,0,0,1,234889.34,87859325.6055,5222407.0,16.8235309131,-1,0,1,1,16.65,0,0.0,20170413 15:18:21
2017-04-12 14:45:00,16.645,16.665,16.645,16.65,12535.0,-0.0003003003003,0,0,16.683476456,-1,16.6581008868,-0.000196575702185,16.6531810351,0.0,0,0,1,208728.641667,88068054.2472,5234942.0,16.8231193865,-1,0,1,1,16.645,0,0.0,20170413 15:18:21
2017-04-12 14:50:00,16.645,16.65,16.64,16.645,11786.0,0.0,0,0,16.68,-1,16.6554807095,-0.000157291481432,16.6524018889,0.0,0,0,1,196177.97,88264232.2172,5246728.0,16.8227192675,-1,0,1,1,16.645,0,0.0,20170413 15:18:21
2017-04-12 14:55:00,16.665,16.675,16.64,16.645,21308.0,0.00120156203064,1,1,16.6768,-1,16.6573845676,0.000114308205218,16.653601709,0.0,0,0,1,354991.28,88619223.4972,5268036.0,16.8220611053,-1,0,1,1,16.665,0,0.0,20170413 15:18:21
2017-04-12 15:00:00,16.6775,16.6775,16.66,16.67,10553.0,0.000750075007501,0,0,16.64,1,16.6614076541,0.000241519697719,16.6558777367,0.0,0,0,1,175936.098333,88795159.5955,5278589.0,16.8217604355,-1,0,1,1,16.6775,0,0.0,20170413 15:18:21
2017-04-12 15:05:00,16.66,16.6795,16.65,16.67,15217.0,-0.00104931794334,0,0,16.64,1,16.6611261232,-1.68971804426e-05,16.6562703332,0.0,0,0,1,253563.407167,89048723.0027,5293806.0,16.8213045591,-1,0,1,1,16.66,0,0.0,20170413 15:18:21
2017-04-12 15:10:00,16.67,16.67,16.64,16.66,34920.0,0.000600240096039,0,0,16.6795,-1,16.6629008986,0.000106521932409,16.6575779205,0.0,0,0,1,581767.2,89630490.2027,5328726.0,16.8202475043,-1,0,1,1,16.67,0,0.0,20170413 15:18:21
2017-04-12 15:15:00,16.685,16.695,16.67,16.67,39099.0,0.000899820035993,0,0,16.64,1,16.6673207189,0.000265249148843,16.6601895471,0.0,0,0,1,652301.65,90282791.8527,5367825.0,16.8192502275,-1,0,1,1,16.685,0,0.0,20170413 15:18:21
2017-04-12 15:20:00,16.685,16.695,16.68,16.68,38661.0,0.0,0,0,16.64,1,16.6708565751,0.000212143048311,16.6625524474,0.0,0,0,1,645123.22,90927915.0727,5406486.0,16.8183021417,-1,0,1,1,16.685,0,0.0,20170413 15:18:21
2017-04-12 15:25:00,16.72,16.725,16.69,16.69,41649.0,0.00209769253821,1,1,16.6422,1,16.6806852601,0.000589572883391,16.6680236429,0.0,0,0,1,696024.205,91623939.2777,5448135.0,16.8174869524,-1,0,1,1,16.72,0,0.0,20170413 15:18:21
2017-04-12 15:30:00,16.705,16.725,16.7,16.723,24384.0,-0.000897129186603,0,0,16.648824,1,16.6855482081,0.000291531667185,16.6715452007,0.0,0,0,1,407456.64,92031395.9177,5472519.0,16.8170080209,-1,0,1,1,16.705,0,0.0,20170413 15:18:21
2017-04-12 15:35:00,16.685,16.71,16.68,16.7,13480.0,-0.00119724633343,0,0,16.65491808,1,16.6854385665,-6.57105248791e-06,16.6728266102,0.0,0,0,1,225003.666667,92256399.5843,5485999.0,16.8167000366,-1,0,1,1,16.685,0,0.0,20170413 15:18:21
2017-04-12 15:40:00,16.65,16.685,16.65,16.685,32585.0,-0.00209769253821,0,0,16.725,-1,16.6783508532,-0.000424784356865,16.6706526473,0.0,0,0,1,542920.408333,92799319.9927,5518584.0,16.8157846275,-1,0,1,1,16.65,0,0.0,20170413 15:18:21
2017-04-12 15:45:00,16.64,16.66,16.64,16.65,18836.0,-0.000600600600601,0,0,16.722,-1,16.6706806825,-0.000459887833029,16.6677333476,0.0,0,0,1,313556.613333,93112876.606,5537420.0,16.8152093585,-1,0,1,1,16.64,0,0.0,20170413 15:18:21
2017-04-12 15:50:00,16.615,16.645,16.61,16.64,27960.0,-0.00150240384615,0,0,16.71544,-1,16.659544546,-0.000668007306838,16.662711124,-1.0,0,0,0,464788.4,93577665.006,5565380.0,16.8142453895,-1,0,1,1,16.615,0,0.0,20170413 15:18:21
2017-04-12 15:55:00,16.6,16.62,16.59,16.61,97845.0,-0.000902798675895,0,0,16.7027872,-1,16.6476356368,-0.000714840022896,16.656738636,0.0,0,0,0,1624553.15,95202218.156,5663225.0,16.8106014075,-1,0,1,1,16.6,0,0.0,20170413 15:18:21
2017-04-12 16:00:00,16.64,16.65,16.59,16.6,351665.0,0.00240963855422,1,1,16.684741248,-1,16.6461085095,-9.17323875345e-05,16.6551444802,0.0,0,0,0,5847016.73333,101049234.889,6014890.0,16.7998475266,-1,0,1,1,16.64,0,0.0,20170413 15:18:21
2017-04-12 16:05:00,16.59,16.64,16.59,16.64,135150.0,-0.00300480769231,0,0,16.6695826483,-1,16.6348868076,-0.000674133650195,16.648940244,0.0,0,0,0,2244391.0,103293625.889,6150040.0,16.795602287,-1,0,1,1,16.59,0,0.0,20170413 15:18:21
2017-04-12 16:10:00,16.6348,16.6348,16.6348,16.6348,186145.0,0.00270042194093,1,1,16.6568494246,-1,16.6348694461,-1.04368085063e-06,16.6475935541,0.0,0,0,0,3096484.846,106390110.735,6336185.0,16.7908782233,-1,0,1,1,16.6348,0,0.0,20170413 15:18:21
2017-04-13 09:35:00,16.63,16.64,16.54,16.6,15964.0,-0.000288551710871,0,0,16.6461535167,-1,16.6338955568,-5.85450468011e-05,16.6459179775,0.0,0,0,0,265055.613333,106655166.349,6352149.0,16.790406892,-1,0,1,1,16.63,0,0.0,20170413 15:18:21
2017-04-13 09:40:00,16.69,16.69,16.615,16.65,19089.0,0.00360793746242,1,1,16.54,1,16.6451164455,0.000674579721476,16.6501162653,0.0,1,0,0,318118.185,106973284.534,6371238.0,16.7900311578,-1,0,1,1,16.69,0,0.0,20170413 15:18:21
2017-04-13 09:45:00,16.65,16.68,16.62,16.68,16476.0,-0.00239664469742,0,0,16.54,1,16.6460931564,5.86785264398e-05,16.6501051925,0.0,0,0,0,274325.4,107247609.934,6387714.0,16.7896699717,-1,0,1,1,16.65,0,0.0,20170413 15:18:21
2017-04-13 09:50:00,16.69,16.69,16.64,16.65,12396.0,0.0024024024024,1,1,16.546,1,16.6548745251,0.000527533316188,16.6539046979,1.0,0,0,1,206682.64,107454292.574,6400110.0,16.7894446461,-1,0,1,1,16.69,0,0.0,20170413 15:18:21
2017-04-13 09:55:00,16.7,16.74,16.69,16.7,12285.0,0.000599161174356,0,0,16.55176,1,16.6638996201,0.000541889100748,16.6582947267,0.0,0,0,1,205282.35,107659574.924,6412395.0,16.7892924443,-1,0,1,1,16.7,0,0.0,20170413 15:18:21
2017-04-13 10:00:00,16.72,16.72,16.699,16.7,9023.0,0.00119760479042,1,1,16.5668192,1,16.6751196961,0.000673316344877,16.6641714194,0.0,0,0,1,150801.399,107810376.323,6421418.0,16.7891852427,-1,0,1,1,16.72,0,0.0,20170413 15:18:21
2017-04-13 10:05:00,16.75,16.77,16.715,16.72,11653.0,0.00179425837321,1,1,16.580673664,1,16.6900957569,0.00089810814314,16.6723455699,0.0,0,0,1,195129.485,108005505.808,6433071.0,16.7891052046,-1,0,1,1,16.75,0,0.0,20170413 15:18:21
2017-04-13 10:10:00,16.74,16.749,16.725,16.749,12034.0,-0.000597014925373,0,0,16.6033928243,1,16.7000766055,0.00059801026758,16.678788849,0.0,0,0,1,201425.092,108206930.9,6445105.0,16.7890097833,-1,0,1,1,16.74,0,0.0,20170413 15:18:21
2017-04-13 10:15:00,16.74,16.76,16.739,16.739,7534.0,0.0,0,0,16.6233856854,1,16.7080612844,0.000478122292024,16.6846184824,0.0,0,0,1,126166.875333,108333097.775,6452639.0,16.788959955,-1,0,1,1,16.74,0,0.0,20170413 15:18:21
2017-04-13 10:20:00,16.7,16.74,16.695,16.74,5489.0,-0.00238948626045,0,0,16.6409794032,1,16.7064490275,-9.64957483506e-05,16.6860833889,0.0,0,0,1,91730.3383333,108424828.113,6458128.0,16.7888942606,-1,0,1,1,16.7,0,0.0,20170413 15:18:21
2017-04-13 10:25:00,16.7,16.7,16.685,16.7,7510.0,0.0,0,0,16.6564618748,1,16.705159222,-7.72040485428e-05,16.6874087804,0.0,0,0,1,125379.45,108550207.563,6465638.0,16.7887852001,-1,0,1,1,16.7,0,0.0,20170413 15:18:21
2017-04-13 10:30:00,16.67,16.7,16.66,16.7,20820.0,-0.00179640718563,0,0,16.77,-1,16.6981273776,-0.000420938484208,16.6857508013,0.0,0,0,1,347208.2,108897415.763,6486458.0,16.788425326,-1,0,1,1,16.67,0,0.0,20170413 15:18:21
2017-04-13 10:35:00,16.71,16.71,16.67,16.67,8100.0,0.00239952009598,1,1,16.7656,-1,16.7005019021,0.00014220304021,16.6880602488,0.0,0,0,1,135243.0,109032658.763,6494558.0,16.7883108848,-1,0,1,1,16.71,0,0.0,20170413 15:18:21
2017-04-13 10:40:00,16.715,16.715,16.68,16.7,26499.0,0.000299222022741,0,0,16.761376,-1,16.7034015217,0.000173624697038,16.6906259394,0.0,0,0,1,442621.63,109475280.393,6521057.0,16.7879655696,-1,0,1,1,16.715,0,0.0,20170413 15:18:21
2017-04-13 10:45:00,16.7,16.715,16.69,16.71,5400.0,-0.000897397547113,0,0,16.75732096,-1,16.7027212173,-4.07284906978e-05,16.6915187071,0.0,0,0,1,90189.0,109565469.393,6526457.0,16.7878941658,-1,0,1,1,16.7,0,0.0,20170413 15:18:21
2017-04-13 10:50:00,16.695,16.7,16.69,16.7,700.0,-0.000299401197605,0,0,16.7534281216,-1,16.7011769739,-9.24546034566e-05,16.6918502588,0.0,0,0,1,11686.5,109577155.893,6527157.0,16.7878842034,-1,0,1,1,16.695,0,0.0,20170413 15:18:21
2017-04-13 10:55:00,16.72,16.72,16.69,16.695,4098.0,0.00149745432764,1,1,16.7496909967,-1,16.7049415791,0.00022540957637,16.6945311865,0.0,0,0,1,68477.58,109645633.473,6531255.0,16.7878353354,-1,0,1,1,16.72,0,0.0,20170413 15:18:21
2017-04-13 11:00:00,16.705,16.72,16.7,16.72,6750.0,-0.000897129186603,0,0,16.7461033569,-1,16.7049532633,6.99444604013e-07,16.6955282164,0.0,0,0,1,112781.25,109758414.723,6538005.0,16.7877532555,-1,0,1,1,16.705,0,0.0,20170413 15:18:21
2017-04-13 11:05:00,16.7,16.7,16.68,16.7,9890.0,-0.000299311583358,0,0,16.7426592226,-1,16.7039626106,-5.9302928861e-05,16.6959541005,0.0,0,0,1,165097.066667,109923511.79,6547895.0,16.7876106428,-1,0,1,1,16.7,0,0.0,20170413 15:18:21
2017-04-13 11:10:00,16.685,16.7,16.675,16.692,8860.0,-0.000898203592814,0,0,16.7393528537,-1,16.7001700885,-0.000227043259878,16.6949108529,0.0,0,0,1,147843.866667,110071355.657,6556755.0,16.7874742394,-1,0,1,1,16.685,0,0.0,20170413 15:18:21
2017-04-13 11:15:00,16.69,16.7,16.68,16.69,5194.0,0.000299670362601,0,0,16.7361787395,-1,16.6981360708,-0.000121796226531,16.6944431526,0.0,0,0,1,86687.86,110158043.517,6561949.0,16.7873970853,-1,0,1,1,16.69,0,0.0,20170413 15:18:21
2017-04-13 11:20:00,16.675,16.685,16.675,16.685,2600.0,-0.000898741761534,0,0,16.73313159,-1,16.6935088566,-0.000277109621082,16.6925914238,0.0,0,0,1,43363.6666667,110201407.183,6564549.0,16.7873538888,-1,0,1,1,16.675,0,0.0,20170413 15:18:21
2017-04-13 11:25:00,16.675,16.68,16.66,16.67,4827.0,0.0,0,0,16.7302063264,-1,16.6898070853,-0.000221749145688,16.6909160501,-1.0,0,0,0,80474.135,110281881.318,6569376.0,16.7872688849,-1,0,1,1,16.675,0,0.0,20170413 15:18:21
2017-04-13 11:30:00,16.655,16.67,16.655,16.67,4423.0,-0.00119940029985,0,0,16.7273980733,-1,16.6828456682,-0.000417105903406,16.6874954739,0.0,0,0,0,73687.18,110355568.498,6573799.0,16.7871832556,-1,0,1,1,16.655,0,0.0,20170413 15:18:21
2017-04-13 11:35:00,16.7,16.7,16.65,16.66,7300.0,0.00270189132393,1,1,16.7216062274,-1,16.6862765346,0.000205652346047,16.6886863811,0.0,0,0,0,121788.333333,110477356.832,6581099.0,16.7870680614,-1,0,1,1,16.7,0,0.0,20170413 15:18:21
2017-04-13 11:40:00,16.68,16.69,16.6725,16.69,3000.0,-0.00119760479042,0,0,16.7130134801,-1,16.6850212277,-7.52299002759e-05,16.6878591067,0.0,0,0,0,50042.5,110527399.332,6584099.0,16.7870196562,-1,0,1,1,16.68,0,0.0,20170413 15:18:21
2017-04-13 11:45:00,16.66,16.685,16.66,16.685,8106.0,-0.00119904076739,0,0,16.7054518625,-1,16.6800169821,-0.000299924433266,16.6852058585,0.0,0,0,0,135113.51,110662512.842,6592205.0,16.7868737155,-1,0,1,1,16.66,0,0.0,20170413 15:18:21
2017-04-13 11:50:00,16.665,16.67,16.66,16.665,3802.0,0.000300120048019,0,0,16.698797639,-1,16.6770135857,-0.000180059554604,16.683281491,0.0,0,0,0,63360.33,110725873.172,6596007.0,16.7868034663,-1,0,1,1,16.665,0,0.0,20170413 15:18:21
2017-04-13 11:55:00,16.665,16.67,16.66,16.665,1000.0,0.0,0,0,16.6929419223,-1,16.6746108686,-0.000144073585509,16.6815403966,0.0,0,0,0,16665.0,110742538.172,6597007.0,16.7867850029,-1,0,1,1,16.665,0,0.0,20170413 15:18:21
2017-04-13 12:00:00,16.665,16.67,16.66,16.665,1850.0,0.0,0,0,16.6877888917,-1,16.6726886949,-0.000115275476558,16.6799651207,0.0,0,0,0,30830.25,110773368.422,6598857.0,16.7867508603,-1,0,1,1,16.665,0,0.0,20170413 15:18:21
2017-04-13 12:05:00,16.62,16.665,16.62,16.665,14514.0,-0.002700270027,0,0,16.6832542247,-1,16.6621509559,-0.000632035969981,16.6742541569,0.0,0,0,0,241440.39,111014808.812,6613371.0,16.7864178211,-1,0,1,1,16.62,0,0.0,20170413 15:18:21
2017-04-13 12:10:00,16.6,16.62,16.595,16.62,8105.0,-0.00120336943442,0,0,16.6731335487,-1,16.6497207647,-0.000746013597528,16.6671823324,0.0,0,0,0,134583.525,111149392.337,6621476.0,16.7861957571,-1,0,1,1,16.6,0,0.0,20170413 15:18:21
2017-04-13 12:15:00,16.615,16.62,16.605,16.605,2301.0,0.000903614457831,0,0,16.665,-1,16.6427766118,-0.000417073237435,16.6622125865,0.0,0,0,0,38227.28,111187619.617,6623777.0,16.7861357073,-1,0,1,1,16.615,0,0.0,20170413 15:18:21
2017-04-13 12:20:00,16.605,16.61,16.6,16.61,6996.0,-0.00060186578393,0,0,16.651,-1,16.6352212894,-0.000453970063387,16.6567637687,0.0,0,0,0,116168.58,111303788.197,6630773.0,16.7859445945,-1,0,1,1,16.605,0,0.0,20170413 15:18:21
2017-04-13 12:25:00,16.59,16.6,16.59,16.6,1843.0,-0.000903342366757,0,0,16.6398,-1,16.6261770315,-0.00054368124868,16.6504053145,0.0,0,0,0,30581.5133333,111334369.71,6632616.0,16.7858910737,-1,0,1,1,16.59,0,0.0,20170413 15:18:21
2017-04-13 12:30:00,16.59,16.6,16.59,16.59,2021.0,0.0,0,0,16.62984,-1,16.6189416252,-0.000435181599019,16.6446524274,0.0,0,0,0,33535.1266667,111367904.837,6634637.0,16.7858324181,-1,0,1,1,16.59,0,0.0,20170413 15:18:21
2017-04-13 12:35:00,16.63,16.63,16.59,16.59,10200.0,0.00241109101869,1,1,16.59,1,16.6211533002,0.00013308157673,16.6432569582,0.0,0,0,0,169490.0,111537394.837,6644837.0,16.7855727442,-1,0,1,1,16.63,0,0.0,20170413 15:18:21
2017-04-13 12:40:00,16.635,16.64,16.62,16.63,19981.0,0.000300661455202,0,0,16.59,1,16.6239226401,0.000166615391486,16.6424705812,0.0,0,0,0,332317.331667,111869712.168,6664818.0,16.7851113366,-1,0,1,1,16.635,0,0.0,20170413 15:18:21
2017-04-13 12:45:00,16.64,16.64,16.63,16.635,31367.0,0.000300571085062,0,0,16.59,1,16.6271381121,0.000193424382491,16.6422352877,0.0,0,0,0,521842.323333,112391554.492,6696185.0,16.7844159759,-1,0,1,1,16.64,0,0.0,20170413 15:18:21
2017-04-13 12:50:00,16.635,16.64,16.63,16.64,17990.0,-0.000300480769231,0,0,16.594,1,16.6287104897,9.45669402874e-05,16.6415462127,0.0,0,0,0,299263.65,112690818.142,6714175.0,16.7840156299,-1,0,1,1,16.635,0,0.0,20170413 15:18:21
2017-04-13 12:55:00,16.63,16.64,16.63,16.635,6064.0,-0.000300571085062,0,0,16.59768,1,16.6289683918,1.55094444489e-05,16.6404465734,0.0,0,0,0,100864.533333,112791682.675,6720239.0,16.7838796619,-1,0,1,1,16.63,0,0.0,20170413 15:18:21
2017-04-13 13:00:00,16.59,16.635,16.585,16.635,68660.0,-0.00240529164161,0,0,16.64,-1,16.6211747134,-0.000468680808521,16.6356421379,0.0,0,0,0,1139984.86667,113931667.542,6788899.0,16.7820536941,-1,0,1,1,16.59,0,0.0,20170413 15:18:21
2017-04-13 13:05:00,16.545,16.6,16.535,16.6,97687.0,-0.00271247739602,0,0,16.64,-1,16.6059397707,-0.000916598432017,16.6270095533,0.0,0,0,0,1617696.72,115549364.262,6886586.0,16.7789038374,-1,0,1,1,16.545,0,0.0,20170413 15:18:21
2017-04-13 13:10:00,16.5201,16.55,16.52,16.55,30499.0,-0.00150498640073,0,0,16.635,-1,16.5887718166,-0.00103384417754,16.6168276911,0.0,0,0,0,504149.486633,116053513.748,6917085.0,16.7778065107,-1,0,1,1,16.5201,0,0.0,20170413 15:18:21
2017-04-13 13:15:00,16.525,16.53,16.52,16.53,17449.0,0.000296608374041,0,0,16.6212,-1,16.5760174533,-0.000768855190522,16.6080821967,0.0,0,0,0,288344.725,116341858.473,6934534.0,16.7771703871,-1,0,1,1,16.525,0,0.0,20170413 15:18:21
2017-04-13 13:20:00,16.525,16.53,16.52,16.525,3112.0,0.0,0,0,16.609056,-1,16.5658139626,-0.000615557426941,16.6001696065,0.0,0,0,0,51425.8,116393284.273,6937646.0,16.7770572718,-1,0,1,1,16.525,0,0.0,20170413 15:18:21
2017-04-13 13:25:00,16.51,16.52,16.51,16.52,5700.0,-0.000907715582451,0,0,16.59836928,-1,16.5546511701,-0.000673845097329,16.591582025,0.0,0,0,0,94126.0,116487410.273,6943346.0,16.7768407729,-1,0,1,1,16.51,0,0.0,20170413 15:18:21
2017-04-13 13:30:00,16.525,16.53,16.51,16.51,21643.0,0.000908540278619,0,0,16.5842301952,-1,16.5487209361,-0.000358221623436,16.5852408797,0.0,0,0,0,357578.431667,116844988.705,6964989.0,16.7760478452,-1,0,1,1,16.525,0,0.0,20170413 15:18:21
2017-04-13 13:35:00,16.515,16.53,16.51,16.525,15794.0,-0.000605143721634,0,0,16.572353364,-1,16.5419767489,-0.00040753525545,16.5785512721,0.0,0,0,0,260890.556667,117105879.262,6980783.0,16.7754647669,-1,0,1,1,16.515,0,0.0,20170413 15:18:21
2017-04-13 13:40:00,16.5199,16.52,16.51,16.51,7068.0,0.000296699969724,0,0,16.5623768257,-1,16.5375613991,-0.00026691790457,16.5729654367,0.0,0,0,0,116739.5644,117222618.826,6987851.0,16.7752029667,-1,0,1,1,16.5199,0,0.0,20170413 15:18:21
2017-04-13 13:45:00,16.51,16.53,16.51,16.52,42190.0,-0.000599277235334,0,0,16.5539965336,-1,16.5320491193,-0.00033331878165,16.5669687284,0.0,0,0,0,696838.166667,117919456.993,7030041.0,16.7736513902,-1,0,1,1,16.51,0,0.0,20170413 15:18:21
2017-04-13 13:50:00,16.51,16.55,16.49,16.515,127675.0,0.0,0,0,16.49,1,16.5276392954,-0.000266743936083,16.5615431352,0.0,0,0,0,2108765.41667,120028222.409,7157716.0,16.7690674524,-1,0,1,1,16.51,0,0.0,20170413 15:18:21
2017-04-13 13:55:00,16.495,16.51,16.45,16.51,27965.0,-0.000908540278619,0,0,16.55,-1,16.5211114363,-0.000394966211822,16.5552056938,0.0,0,0,0,461003.025,120489225.434,7185681.0,16.7679619279,-1,0,1,1,16.495,0,0.0,20170413 15:18:21
2017-04-13 14:00:00,16.49,16.505,16.485,16.5,7778.0,-0.00030312215823,0,0,16.55,-1,16.5148891491,-0.000376626432809,16.5489956277,0.0,0,0,0,128285.146667,120617510.581,7193459.0,16.767664983,-1,0,1,1,16.49,0,0.0,20170413 15:18:21
2017-04-13 14:05:00,16.515,16.515,16.49,16.49,6285.0,0.00151607034566,1,1,16.546,-1,16.5149113193,1.34243631655e-06,16.5457579489,0.0,0,0,0,103744.4,120721254.981,7199744.0,16.7674371451,-1,0,1,1,16.515,0,0.0,20170413 15:18:21
2017-04-13 14:10:00,16.53,16.54,16.5,16.515,17072.0,0.000908265213442,0,0,16.54216,-1,16.5179290554,0.000182727965729,16.5442571919,0.0,0,0,0,282086.346667,121003341.328,7216816.0,16.7668596965,-1,0,1,1,16.53,0,0.0,20170413 15:18:21
2017-04-13 14:15:00,16.515,16.54,16.51,16.54,10058.0,-0.000907441016334,0,0,16.45,1,16.5173432443,-3.54651650567e-05,16.5414707926,0.0,0,0,0,166174.923333,121169516.251,7226874.0,16.7665184492,-1,0,1,1,16.515,0,0.0,20170413 15:18:21
2017-04-13 14:20:00,16.52,16.525,16.51,16.51,8025.0,0.000302755071147,0,0,16.4536,1,16.5178745955,3.21692858145e-05,16.5394259552,0.0,0,0,0,132559.625,121302075.876,7234899.0,16.7662431606,-1,0,1,1,16.52,0,0.0,20170413 15:18:21
2017-04-13 14:25:00,16.5274,16.5275,16.52,16.525,1672.0,0.00044794188862,0,0,16.457056,1,16.5197796764,0.000115334506118,16.5382806262,0.0,0,0,0,27629.7442667,121329705.62,7236571.0,16.7661874139,-1,0,1,1,16.5274,0,0.0,20170413 15:18:21
2017-04-13 14:30:00,16.54,16.56,16.525,16.525,29896.0,0.000762370366785,0,0,16.46037376,1,16.5238237411,0.000244801371815,16.5384443761,0.0,0,0,0,494529.666667,121824235.287,7266467.0,16.7652636814,-1,0,1,1,16.54,0,0.0,20170413 15:18:21
2017-04-13 14:35:00,16.515,16.55,16.515,16.53,18919.0,-0.00151148730351,0,0,16.4683438592,1,16.5220589929,-0.000106800232571,16.5362115783,0.0,0,0,0,312668.006667,122136903.294,7285386.0,16.7646440825,-1,0,1,1,16.515,0,0.0,20170413 15:18:21
2017-04-13 14:40:00,16.4939,16.515,16.49,16.515,15952.0,-0.00127762640024,0,0,16.4756763505,1,16.5164271943,-0.000340865419815,16.5321819042,0.0,0,0,0,263202.150933,122400105.445,7301338.0,16.7640650857,-1,0,1,1,16.4939,0,0.0,20170413 15:18:21
2017-04-13 14:45:00,16.4847,16.52,16.4847,16.49,40808.0,-0.000557781967879,0,0,16.4824222424,1,16.5100817554,-0.000384189557778,16.5276598181,0.0,0,0,0,673187.811733,123073293.256,7342146.0,16.7625777608,-1,0,1,1,16.4847,0,0.0,20170413 15:18:21
2017-04-13 14:50:00,16.4837,16.49,16.4837,16.49,1026.0,-6.06623111128e-05,0,0,16.56,-1,16.5048054044,-0.000319583583294,16.5234731688,0.0,0,0,0,16914.4308,123090207.687,7343172.0,16.762539089,-1,0,1,1,16.4837,0,0.0,20170413 15:18:21
2017-04-13 14:55:00,16.489,16.495,16.48,16.49,12394.0,0.000321529753635,0,0,16.556948,-1,16.5016443235,-0.000191524879746,16.5201900098,0.0,0,0,0,204352.272,123294559.959,7355566.0,16.7620764954,-1,0,1,1,16.489,0,0.0,20170413 15:18:21
2017-04-13 15:00:00,16.5,16.505,16.4835,16.4835,10811.0,0.000667111407605,0,0,16.55079216,-1,16.5013154588,-1.99292076473e-05,16.5182671517,0.0,0,0,0,178340.057833,123472900.017,7366377.0,16.7616862424,-1,0,1,1,16.5,0,0.0,20170413 15:18:21
2017-04-13 15:05:00,16.485,16.5,16.485,16.495,10798.0,-0.000909090909091,0,0,16.5451287872,-1,16.498052367,-0.000197747371423,16.5150988516,0.0,0,0,0,178059.02,123650959.037,7377175.0,16.7612885741,-1,0,1,1,16.485,0,0.0,20170413 15:18:21
2017-04-13 15:10:00,16.49,16.5,16.48,16.48,15942.0,0.00030330603579,0,0,16.5399184842,-1,16.4964418936,-9.76159712532e-05,16.5127084848,0.0,0,0,0,262883.58,123913842.617,7393117.0,16.7607035864,-1,0,1,1,16.49,0,0.0,20170413 15:18:21
2017-04-13 15:15:00,16.45,16.485,16.445,16.48,32393.0,-0.00242571255306,0,0,16.5351250055,-1,16.4871535149,-0.000563053462339,16.5067362481,0.0,0,0,0,533188.78,124447031.397,7425510.0,16.7593917989,-1,0,1,1,16.45,0,0.0,20170413 15:18:21
2017-04-13 15:20:00,16.44,16.45,16.435,16.45,9723.0,-0.000607902735562,0,0,16.5243100048,-1,16.4777228119,-0.000572003103571,16.500380415,0.0,0,0,0,159862.325,124606893.722,7435233.0,16.7589763121,-1,0,1,1,16.44,0,0.0,20170413 15:18:21
